customerID,gender,SeniorCitizen,Partner,Dependents,tenure,PhoneService,MultipleLines,InternetService,OnlineSecurity,OnlineBackup,DeviceProtection,TechSupport,StreamingTV,StreamingMovies,Contract,PaperlessBilling,PaymentMethod,MonthlyCharges,TotalCharges,Churn,Segment,CLV
5375,0,0,1,0,1,0,1,0,0,2,0,0,0,0,0,1,2,29.85,29.85,0,2,29.85
3962,1,0,0,0,34,1,0,0,2,0,2,0,0,0,1,0,3,56.95,1889.5,0,0,1936.3000000000002
2564,1,0,0,0,2,1,0,0,2,2,0,0,0,0,0,1,3,53.85,108.15,1,2,107.7
5535,1,0,0,0,45,0,1,0,2,0,2,2,0,0,1,0,0,42.3,1840.75,0,0,1903.4999999999998
6511,0,0,0,0,2,1,0,1,0,0,0,0,0,0,0,1,2,70.7,151.65,1,3,141.4
6551,0,0,0,0,8,1,2,1,0,0,2,0,2,2,0,1,2,99.65,820.5,1,3,797.2
1002,1,0,0,1,22,1,2,1,0,2,0,0,2,0,0,1,1,89.1,1949.4,0,3,1960.1999999999998
4770,0,0,0,0,10,0,1,0,2,0,0,0,0,0,0,0,3,29.75,301.9,0,2,297.5
5604,0,0,1,0,28,1,2,1,0,0,2,2,2,2,0,1,2,104.8,3046.05,1,3,2934.4
4534,1,0,0,1,62,1,0,0,2,2,0,0,0,0,1,0,0,56.15,3487.95,0,0,3481.2999999999997
6871,1,0,1,1,13,1,0,0,2,0,0,0,0,0,0,1,3,49.95,587.45,0,2,649.35
5288,1,0,0,0,16,1,0,2,1,1,1,1,1,1,2,0,1,18.95,326.8,0,2,303.2
5751,1,0,1,0,58,1,2,1,0,0,2,0,2,2,1,0,1,100.35,5681.1,0,1,5820.299999999999
174,1,0,0,0,49,1,2,1,0,2,2,0,2,2,0,1,0,103.7,5036.3,1,1,5081.3
3615,1,0,0,0,25,1,0,1,2,0,2,2,2,2,0,1,2,105.5,2686.05,0,3,2637.5
2556,0,0,1,1,69,1,2,1,2,2,2,2,2,2,2,0,1,113.25,7895.15,0,1,7814.25
5820,0,0,0,0,52,1,0,2,1,1,1,1,1,1,1,0,3,20.65,1022.95,0,0,1073.8
7019,1,0,0,1,71,1,2,1,2,0,2,0,2,2,2,0,0,106.7,7382.25,0,1,7575.7
2937,0,0,1,1,10,1,0,0,0,0,2,2,0,0,0,0,1,55.2,528.35,1,2,552.0
2928,0,0,0,0,21,1,0,1,0,2,2,0,0,2,0,1,2,90.05,1862.9,0,3,1891.05
6207,1,1,0,0,1,0,1,0,0,0,2,0,0,2,0,1,2,39.65,39.65,1,2,39.65
1141,1,0,1,0,12,1,0,2,1,1,1,1,1,1,1,0,0,19.8,202.25,0,2,237.60000000000002
723,1,0,0,0,1,1,0,2,1,1,1,1,1,1,0,0,3,20.15,20.15,1,2,20.15
2541,0,0,1,0,58,1,2,0,0,2,0,2,0,0,2,1,1,59.9,3505.1,0,0,3474.2
4479,1,0,1,1,49,1,0,0,2,2,0,2,0,0,0,0,1,59.6,2970.3,0,0,2920.4
4873,0,0,0,0,30,1,0,0,2,2,0,0,0,0,0,1,0,55.3,1530.6,0,3,1659.0
4584,1,0,1,1,47,1,2,1,0,2,0,0,2,2,0,1,2,99.35,4749.15,1,1,4669.45
6119,1,0,1,1,1,0,1,0,0,2,0,0,0,0,0,0,2,30.2,30.2,1,2,30.2
3733,1,0,1,0,72,1,2,0,2,2,2,2,2,2,2,1,1,90.25,6369.45,0,1,6498.0
6199,0,0,0,1,17,1,0,0,0,0,0,0,2,2,0,1,3,64.7,1093.1,1,3,1099.9
2700,0,1,1,0,71,1,2,1,2,2,2,2,0,0,2,1,1,96.35,6766.95,0,1,6840.849999999999
3481,1,1,1,0,2,1,0,1,0,0,2,0,2,2,0,1,1,95.5,181.65,0,3,191.0
4844,0,0,1,1,27,1,0,0,2,2,2,2,0,0,1,0,3,66.15,1874.45,0,3,1786.0500000000002
5194,1,0,0,0,1,1,0,2,1,1,1,1,1,1,0,0,0,20.2,20.2,0,2,20.2
2384,1,1,0,0,1,1,0,0,0,0,0,0,0,0,0,0,0,45.25,45.25,0,2,45.25
4423,0,0,1,1,72,1,2,1,2,2,0,2,2,0,2,0,0,99.9,7251.7,0,1,7192.8
4292,1,0,0,0,5,1,0,1,0,0,0,0,0,0,0,1,2,69.7,316.9,1,3,348.5
4656,0,0,0,0,46,1,0,1,0,0,2,0,0,0,0,1,1,74.8,3548.3,0,1,3440.7999999999997
3828,1,0,0,0,34,1,2,1,0,2,2,0,2,2,0,1,2,106.35,3549.25,1,1,3615.8999999999996
5803,0,0,0,0,11,1,2,1,0,0,2,0,2,2,0,1,0,97.85,1105.4,1,3,1076.35
6263,1,0,1,1,10,1,0,0,0,2,0,0,0,0,1,0,3,49.55,475.7,0,2,495.5
6671,0,0,1,1,70,1,2,0,2,2,0,0,2,0,2,1,1,69.2,4872.35,0,1,4844.0
6956,0,0,1,1,17,1,0,2,1,1,1,1,1,1,1,0,3,20.75,418.25,0,2,352.75
3268,0,0,0,0,63,1,2,0,2,2,2,2,2,0,2,1,1,79.85,4861.45,0,1,5030.549999999999
2862,0,0,1,0,13,1,2,0,2,2,0,2,2,0,0,1,2,76.2,981.45,0,3,990.6
2599,0,0,0,0,49,1,2,1,0,0,0,0,0,2,0,1,2,84.5,3906.7,0,1,4140.5
4212,1,0,0,0,2,1,0,0,0,2,0,0,0,0,0,0,3,49.25,97.0,0,2,98.5
5510,0,0,0,0,2,1,0,1,0,0,0,0,2,0,0,1,2,80.65,144.15,1,3,161.3
5427,1,0,0,0,52,1,2,0,2,0,0,2,2,2,2,1,1,79.75,4217.8,0,1,4147.0
2047,0,0,1,1,69,1,2,0,2,0,2,2,0,0,2,1,1,64.15,4254.1,0,1,4426.35
5686,0,1,0,0,43,1,2,1,0,2,0,0,2,0,0,1,2,90.25,3838.75,0,1,3880.75
6630,0,0,0,0,15,1,0,1,2,2,0,0,2,2,0,1,1,99.1,1426.4,1,3,1486.5
4658,0,1,1,0,25,1,2,0,2,0,0,2,2,0,0,1,1,69.5,1752.65,0,3,1737.5
5305,0,1,1,0,8,1,2,1,0,2,0,0,0,0,0,1,1,80.65,633.3,1,3,645.2
3265,0,1,1,1,60,1,0,0,2,2,2,2,0,2,1,1,1,74.85,4456.35,0,1,4491.0
1129,1,1,0,0,18,1,2,1,0,0,0,0,2,2,0,1,2,95.45,1752.55,1,3,1718.1000000000001
6198,0,0,1,1,63,1,2,1,2,0,0,0,2,2,1,1,1,99.65,6311.2,0,1,6277.950000000001
3578,1,1,1,1,66,1,2,1,0,2,2,2,2,2,1,1,2,108.45,7076.35,0,1,7157.7
2783,0,0,1,1,34,1,2,2,1,1,1,1,1,1,2,0,1,24.95,894.3,0,0,848.3
4218,0,0,0,0,72,1,2,1,0,0,2,2,2,2,2,1,1,107.5,7853.7,0,1,7740.0
295,0,0,1,0,47,1,2,1,0,0,2,0,2,2,0,1,2,100.5,4707.1,0,1,4723.5
832,1,0,0,0,60,1,2,1,0,2,0,0,2,0,0,1,0,89.9,5450.7,0,1,5394.0
358,1,0,1,0,72,0,1,0,2,2,2,0,0,0,2,0,0,42.1,2962.0,0,0,3031.2000000000003
374,0,0,1,1,18,1,0,0,0,0,2,2,0,0,1,1,1,54.4,957.1,0,2,979.1999999999999
4043,0,0,0,0,9,1,2,1,0,0,0,0,2,2,0,0,2,94.4,857.25,1,3,849.6
3609,0,0,0,0,3,1,0,0,0,2,0,2,2,2,0,1,2,75.3,244.1,0,3,225.89999999999998
6090,1,0,1,0,47,1,2,1,0,2,0,0,0,0,1,1,2,78.9,3650.35,0,1,3708.3
2382,0,0,0,0,31,1,0,0,0,2,2,2,2,2,2,0,3,79.2,2497.2,0,3,2455.2000000000003
2215,0,0,1,1,50,1,0,2,1,1,1,1,1,1,2,0,0,20.15,930.9,0,0,1007.4999999999999
5262,1,0,0,0,10,1,0,1,2,0,2,0,0,0,0,1,3,79.85,887.35,0,3,798.5
1562,1,0,0,0,1,1,0,0,0,0,0,2,0,0,0,0,3,49.05,49.05,0,2,49.05
501,0,0,1,1,52,1,0,2,1,1,1,1,1,1,1,1,2,20.4,1090.65,0,0,1060.8
1272,1,1,1,1,64,1,2,1,2,0,2,2,2,2,2,1,0,111.6,7099.0,0,1,7142.4
5697,1,0,1,1,62,1,2,2,1,1,1,1,1,1,2,1,0,24.25,1424.6,0,0,1503.5
3994,0,0,0,1,3,1,0,0,2,0,0,2,0,2,0,1,0,64.5,177.4,0,3,193.5
1836,0,1,0,0,56,1,2,1,2,2,2,0,2,2,1,0,2,110.5,6139.5,0,1,6188.0
4550,0,0,0,0,46,1,0,0,0,0,0,0,0,2,1,0,1,55.65,2688.85,0,0,2559.9
3970,0,0,1,1,8,1,0,0,2,2,0,0,0,0,0,0,3,54.65,482.25,0,2,437.2
108,1,1,0,0,30,1,0,0,2,2,0,0,2,2,0,1,2,74.75,2111.3,0,3,2242.5
2731,0,0,1,1,45,1,2,2,1,1,1,1,1,1,1,1,1,25.9,1216.6,0,0,1165.5
4191,0,0,0,1,1,1,0,1,0,0,0,0,2,0,0,1,2,79.35,79.35,1,3,79.35
5766,0,0,1,1,11,0,1,0,2,0,0,0,2,2,0,0,2,50.55,565.35,0,2,556.05
6488,0,0,1,0,7,1,0,1,0,0,2,0,0,0,0,1,0,75.15,496.9,1,3,526.0500000000001
6989,0,0,0,0,42,1,0,1,0,2,2,2,2,2,0,1,0,103.8,4327.5,0,1,4359.599999999999
202,0,0,1,0,49,1,0,2,1,1,1,1,1,1,2,1,0,20.15,973.35,0,0,987.3499999999999
3100,1,0,0,0,9,1,2,1,0,2,0,0,2,2,0,1,1,99.3,918.75,0,3,893.6999999999999
3376,0,0,1,0,35,1,0,0,2,0,0,0,2,0,1,1,0,62.15,2215.45,0,3,2175.25
1258,0,0,1,1,48,1,0,2,1,1,1,1,1,1,2,0,0,20.65,1057.0,0,0,991.1999999999999
1920,0,0,1,1,46,1,0,2,1,1,1,1,1,1,2,1,3,19.95,927.1,0,0,917.6999999999999
2103,1,0,1,0,29,0,1,0,0,0,0,0,2,0,0,0,3,33.75,1009.25,0,2,978.75
3345,1,0,1,1,30,1,0,1,0,2,2,0,0,0,0,0,0,82.05,2570.2,0,3,2461.5
1663,1,1,0,0,1,1,0,1,0,0,0,2,0,0,0,0,2,74.7,74.7,0,3,74.7
5137,1,0,1,1,66,1,2,0,2,0,2,2,2,2,2,1,3,84.0,5714.25,0,1,5544.0
4305,0,0,0,0,65,1,2,1,2,2,2,0,2,2,0,1,1,111.05,7107.0,0,1,7218.25
6945,1,0,0,0,72,1,2,1,0,2,2,0,2,2,2,1,0,100.9,7459.05,0,1,7264.8
6099,0,0,0,0,12,1,2,1,2,0,0,0,0,0,0,1,2,78.95,927.35,1,3,947.4000000000001
6908,1,0,1,1,71,1,2,0,2,2,0,2,0,0,1,1,1,66.85,4748.7,0,1,4746.349999999999
173,1,0,0,0,5,1,0,2,1,1,1,1,1,1,0,0,3,21.05,113.85,1,2,105.25
2249,1,0,0,0,52,1,0,2,1,1,1,1,1,1,2,0,0,21.0,1107.2,0,0,1092.0
3208,0,1,1,0,25,1,0,1,0,2,2,0,2,2,0,1,2,98.5,2514.5,1,3,2462.5
4530,1,0,0,0,1,1,0,2,1,1,1,1,1,1,0,0,3,20.2,20.2,0,2,20.2
2575,0,0,1,1,1,1,0,2,1,1,1,1,1,1,0,0,2,19.45,19.45,0,2,19.45
5064,1,0,0,0,38,1,2,1,0,0,2,2,2,0,1,0,0,95.0,3605.6,0,1,3610.0
3835,0,1,1,0,66,0,1,0,0,2,2,0,2,0,1,0,0,45.55,3027.25,0,0,3006.2999999999997
2233,1,0,1,0,68,1,2,1,0,2,2,2,2,2,2,1,0,110.0,7611.85,1,1,7480.0
4386,1,0,0,0,5,0,1,0,0,0,0,0,0,0,0,0,3,24.3,100.2,0,2,121.5
4782,0,0,1,1,72,1,2,1,2,2,0,0,2,2,1,1,2,104.15,7303.05,0,1,7498.8
6863,0,0,0,0,32,0,1,0,2,0,0,0,0,0,1,0,3,30.15,927.65,0,2,964.8
6067,1,0,0,0,43,1,2,1,0,0,0,0,2,2,1,0,3,94.35,3921.3,0,1,4057.0499999999997
1968,1,0,1,1,72,1,0,2,1,1,1,1,1,1,2,0,1,19.4,1363.25,0,0,1396.8
327,1,0,1,0,55,1,2,1,2,2,0,0,2,0,0,1,2,96.75,5238.9,1,1,5321.25
3173,0,0,0,0,52,1,0,0,2,0,2,2,0,0,1,0,1,57.95,3042.25,0,0,3013.4
4055,0,0,0,0,43,1,0,1,0,2,2,0,2,0,0,1,2,91.65,3954.1,0,1,3940.9500000000003
3419,0,1,1,0,37,1,2,1,0,0,0,0,0,0,0,1,2,76.5,2868.15,1,3,2830.5
3735,0,0,1,1,64,0,1,0,0,2,0,2,2,2,2,1,2,54.6,3423.5,0,0,3494.4
2142,1,0,1,1,3,1,0,1,2,2,0,0,2,0,0,0,2,89.85,248.4,0,3,269.54999999999995
6732,0,0,0,0,36,0,1,0,2,0,0,0,0,0,2,0,0,31.05,1126.35,0,0,1117.8
3763,0,0,1,1,10,1,2,1,2,0,0,0,2,2,0,1,2,100.25,1064.65,1,3,1002.5
5961,0,0,0,0,41,1,0,2,1,1,1,1,1,1,2,0,3,20.65,835.15,0,0,846.65
6644,1,0,1,1,27,1,2,1,0,2,0,2,0,0,0,1,1,85.2,2151.6,0,3,2300.4
745,0,0,1,1,56,1,2,1,0,0,2,0,2,2,1,1,1,99.8,5515.45,0,1,5588.8
2032,0,0,0,0,6,1,0,2,1,1,1,1,1,1,0,0,3,20.7,112.75,0,2,124.19999999999999
274,1,0,0,0,3,1,2,1,0,0,0,0,0,0,0,1,2,74.4,229.55,1,3,223.20000000000002
4607,0,0,1,1,7,1,0,0,2,0,0,0,0,0,0,0,3,50.7,350.35,0,2,354.90000000000003
5130,0,0,1,1,4,1,0,2,1,1,1,1,1,1,0,0,3,20.85,62.9,0,2,83.4
3222,1,0,0,0,33,1,0,1,2,0,0,2,2,0,2,1,2,88.95,3027.65,0,3,2935.35
3079,0,1,0,0,27,1,2,1,0,0,2,0,0,0,0,1,2,78.05,2135.5,1,3,2107.35
4794,1,0,1,0,72,1,2,2,1,1,1,1,1,1,2,1,0,23.55,1723.95,0,0,1695.6000000000001
2760,1,0,0,0,1,1,0,2,1,1,1,1,1,1,0,0,3,19.75,19.75,0,2,19.75
1808,1,1,0,0,71,0,1,0,2,2,0,0,2,2,1,1,2,56.45,3985.35,0,0,4007.9500000000003
1989,0,0,0,0,13,1,2,1,0,0,0,0,0,2,0,1,2,85.95,1215.65,0,3,1117.3500000000001
4403,0,0,1,1,25,0,1,0,2,2,2,0,2,2,0,1,1,58.6,1502.65,1,3,1465.0
6058,1,0,0,0,67,1,0,0,0,0,0,2,0,0,2,0,0,50.55,3260.1,0,0,3386.85
2158,1,0,0,0,1,0,1,0,0,0,0,0,0,2,0,1,2,35.45,35.45,1,2,35.45
1632,1,0,0,0,2,1,0,0,0,0,0,0,0,0,0,0,2,44.35,81.25,1,2,88.7
5539,0,0,0,0,43,1,2,2,1,1,1,1,1,1,2,1,1,25.7,1188.2,0,0,1105.1
5570,0,0,0,0,23,1,0,1,2,0,0,0,0,0,0,1,0,75.0,1778.5,0,3,1725.0
2656,0,0,1,1,64,1,0,2,1,1,1,1,1,1,2,0,3,20.2,1277.75,0,0,1292.8
4410,1,0,0,1,57,1,0,2,1,1,1,1,1,1,2,1,3,19.6,1170.55,0,0,1117.2
262,0,1,1,0,1,1,0,1,0,0,0,0,0,0,0,1,3,70.45,70.45,1,3,70.45
2197,0,1,1,1,72,1,2,0,2,2,2,2,2,2,2,1,1,88.05,6425.65,0,1,6339.599999999999
2863,0,0,0,0,8,1,2,0,2,0,0,2,0,2,0,0,2,71.15,563.65,1,3,569.2
751,0,0,1,0,61,1,2,1,0,2,0,0,2,2,2,1,0,101.05,5971.25,0,1,6164.05
1806,1,0,0,0,64,1,2,1,2,2,0,0,0,0,1,1,1,84.3,5289.05,0,1,5395.2
775,1,1,1,0,71,1,2,2,1,1,1,1,1,1,2,0,0,23.95,1756.2,0,0,1700.45
4058,0,0,1,1,65,1,2,1,2,2,0,2,2,0,2,1,1,99.05,6416.7,0,1,6438.25
4848,1,0,0,0,3,1,0,2,1,1,1,1,1,1,1,0,3,19.6,61.35,0,2,58.800000000000004
1446,1,0,0,0,1,1,0,0,0,0,0,0,0,0,0,1,2,45.65,45.65,1,2,45.65
4571,1,0,0,1,30,1,0,0,0,2,2,0,2,0,1,0,1,64.5,1929.95,0,3,1935.0
2420,1,0,1,1,15,1,0,0,0,2,2,2,0,2,0,1,3,69.5,1071.4,0,3,1042.5
2662,0,0,1,1,8,1,0,0,0,0,0,2,2,2,0,1,2,68.55,564.35,0,3,548.4
2724,1,0,0,0,7,1,2,1,0,0,0,0,2,2,0,0,3,95.0,655.5,1,3,665.0
1140,0,0,1,1,70,1,2,1,2,2,2,0,2,2,1,1,1,108.15,7930.55,0,1,7570.5
6408,1,0,1,1,62,1,0,0,2,2,2,2,2,2,2,0,2,86.1,5215.25,0,1,5338.2
2144,0,0,1,1,6,1,0,2,1,1,1,1,1,1,0,0,3,19.7,113.5,0,2,118.19999999999999
4643,0,0,1,1,14,1,0,1,0,0,0,0,0,2,0,1,0,80.9,1152.8,0,3,1132.6000000000001
6472,0,0,0,0,22,1,2,1,0,0,0,0,2,0,0,1,0,84.15,1821.95,0,3,1851.3000000000002
1893,1,0,1,1,22,1,0,2,1,1,1,1,1,1,1,0,3,20.15,419.9,0,2,443.29999999999995
4522,1,0,1,1,16,1,0,0,2,0,2,0,2,0,2,0,3,64.25,1024.0,0,3,1028.0
5349,1,0,0,0,10,1,2,2,1,1,1,1,1,1,2,0,0,25.7,251.6,0,2,257.0
6353,0,0,0,1,13,1,0,0,2,2,0,0,0,0,0,1,2,56.0,764.55,0,2,728.0
589,0,0,1,0,20,1,2,1,2,0,0,0,0,0,0,0,2,82.4,1592.35,1,3,1648.0
3124,0,0,0,0,2,1,0,1,0,0,0,0,0,0,0,1,2,69.7,135.2,0,3,139.4
3250,1,0,0,0,53,1,2,0,0,2,2,2,0,2,2,1,0,73.9,3958.25,0,1,3916.7000000000003
2015,0,0,1,1,11,1,0,2,1,1,1,1,1,1,1,0,3,20.6,233.9,0,2,226.60000000000002
4498,1,0,1,0,69,1,0,2,1,1,1,1,1,1,2,0,3,19.9,1363.45,0,0,1373.1
2359,0,0,0,0,4,1,0,1,0,0,0,0,0,0,0,1,0,70.9,273.0,1,3,283.6
4259,1,0,1,0,72,1,2,0,2,2,2,2,2,2,2,1,0,89.05,6254.45,0,1,6411.599999999999
2406,1,1,1,0,58,0,1,0,0,2,2,0,0,2,0,1,2,45.3,2651.2,1,0,2627.3999999999996
794,0,0,1,1,16,1,0,2,1,1,1,1,1,1,0,0,2,20.4,321.4,0,2,326.4
5437,1,0,1,0,43,1,0,1,2,0,2,2,0,0,1,1,0,84.25,3539.25,0,1,3622.75
1269,0,0,1,0,2,1,2,1,0,0,2,2,2,2,0,1,2,104.4,242.8,1,3,208.8
4780,1,0,1,0,14,1,0,0,0,2,2,2,2,2,2,0,3,81.95,1181.75,0,3,1147.3
475,0,0,1,0,53,1,0,1,0,0,2,0,2,2,1,1,0,94.85,5000.2,1,1,5027.049999999999
4190,0,0,0,0,32,1,0,2,1,1,1,1,1,1,1,0,0,20.55,654.55,0,2,657.6
1185,0,0,1,0,34,1,2,2,1,1,1,1,1,1,0,0,2,24.7,780.2,0,0,839.8
1818,0,1,0,0,15,1,2,1,0,0,0,0,0,0,0,1,3,74.45,1145.7,1,3,1116.75
1398,0,1,0,0,7,1,0,1,2,0,0,0,0,0,0,0,0,76.45,503.6,1,3,535.15
4211,0,0,1,1,15,1,2,1,0,2,2,0,2,2,0,1,0,105.35,1559.25,0,3,1580.25
2597,1,0,1,0,61,1,0,2,1,1,1,1,1,1,1,1,1,20.55,1252.0,0,0,1253.55
4476,0,0,0,0,1,0,1,0,0,2,0,0,0,0,0,0,0,29.95,29.95,1,2,29.95
4663,0,0,0,0,1,1,0,0,0,0,0,0,0,0,0,0,3,45.3,45.3,0,2,45.3
6592,1,0,0,0,8,1,2,1,0,0,0,0,0,2,0,0,0,84.5,662.65,1,3,676.0
3926,1,0,1,1,33,1,0,0,2,0,2,0,2,2,1,0,1,74.75,2453.3,0,3,2466.75
1288,0,0,0,0,13,1,0,1,0,2,2,0,0,0,0,1,2,79.25,1111.65,1,3,1030.25
692,0,0,1,0,1,0,1,0,0,0,0,0,0,0,0,1,2,24.8,24.8,1,2,24.8
3405,1,0,0,0,20,1,0,0,0,2,0,0,0,0,0,1,3,51.8,1023.85,0,2,1036.0
5802,1,0,0,0,3,0,1,0,0,0,0,2,0,0,0,0,2,30.4,82.15,0,2,91.19999999999999
653,0,0,0,0,13,1,0,2,1,1,1,1,1,1,1,0,2,19.65,244.8,0,2,255.45
5691,0,0,1,0,40,1,2,0,0,2,0,0,0,0,0,0,1,56.6,2379.1,0,0,2264.0
5047,1,0,1,1,43,1,2,0,2,0,0,2,0,2,1,1,1,71.9,3173.35,0,0,3091.7000000000003
1695,1,0,1,0,6,1,0,1,0,2,2,0,0,2,0,1,2,91.0,531.0,1,3,546.0
2076,0,0,1,1,69,1,0,2,1,1,1,1,1,1,2,0,0,19.75,1375.4,0,0,1362.75
6816,0,0,1,1,72,1,2,1,2,2,2,0,2,2,2,0,1,109.7,8129.3,0,1,7898.400000000001
1454,1,0,1,1,59,1,0,2,1,1,1,1,1,1,2,0,1,19.3,1192.7,0,0,1138.7
1780,0,0,1,0,20,1,0,1,2,2,0,2,2,0,0,1,2,96.55,1901.65,0,3,1931.0
6483,1,0,1,1,24,1,2,2,1,1,1,1,1,1,2,1,0,24.1,587.4,0,2,578.4000000000001
4373,1,0,0,0,59,1,2,1,0,2,2,2,2,2,0,1,2,111.35,6519.75,0,1,6569.65
5162,1,0,1,1,72,1,2,1,0,2,2,2,2,2,2,1,0,112.25,8041.65,0,1,8082.0
2549,1,0,0,1,1,1,0,2,1,1,1,1,1,1,0,0,3,20.75,20.75,0,2,20.75
6561,0,0,1,0,27,1,0,1,2,0,0,2,2,2,1,1,1,101.9,2681.15,0,3,2751.3
6032,0,0,0,0,14,1,0,1,0,2,0,2,0,0,0,1,1,80.05,1112.3,0,3,1120.7
2347,1,0,1,1,71,1,2,1,2,0,2,0,2,2,2,0,2,105.55,7405.5,0,1,7494.05
4994,1,0,0,1,13,1,0,1,0,0,0,0,2,0,0,1,1,78.3,1033.95,0,3,1017.9
6461,1,0,0,0,44,1,0,1,0,0,0,0,0,0,0,0,1,68.85,2958.95,0,0,3029.3999999999996
5456,0,0,0,0,33,1,0,1,0,2,0,2,0,0,1,1,0,79.95,2684.85,0,3,2638.35
4502,1,0,1,1,72,0,1,0,2,2,2,2,0,2,2,1,1,55.45,4179.2,0,0,3992.4
884,1,0,0,0,1,1,0,1,0,0,0,0,0,2,0,0,2,79.9,79.9,1,3,79.9
5558,0,0,0,0,19,1,0,1,2,0,2,2,2,2,0,1,2,106.6,1934.45,1,3,2025.3999999999999
929,1,0,1,0,64,1,0,1,0,2,2,2,2,2,1,1,1,102.45,6654.1,0,1,6556.8
5567,1,0,0,0,2,1,0,0,0,0,0,0,0,0,0,1,1,46.0,84.5,1,2,92.0
2944,0,0,0,0,1,0,1,0,0,0,0,0,0,0,0,0,2,25.25,25.25,0,2,25.25
5094,1,0,0,1,61,1,0,2,1,1,1,1,1,1,2,0,3,19.75,1124.2,0,0,1204.75
3303,0,0,1,1,29,1,0,2,1,1,1,1,1,1,1,0,2,20.0,540.05,0,2,580.0
1717,1,1,1,0,23,1,2,1,0,0,0,0,0,2,0,0,2,86.8,1975.85,0,3,1996.3999999999999
479,0,0,1,0,57,0,1,0,2,2,2,0,2,2,0,1,0,58.75,3437.45,0,0,3348.75
6541,1,0,1,1,72,0,1,0,2,2,2,2,0,0,2,0,1,45.25,3139.8,0,0,3258.0
138,1,0,1,0,66,0,1,0,2,2,2,2,2,0,2,1,0,56.6,3789.2,0,0,3735.6
1377,1,0,1,1,65,1,2,0,0,2,2,2,2,2,2,1,0,84.2,5324.5,0,1,5473.0
4605,0,0,0,0,8,1,0,1,0,0,0,0,2,0,0,1,0,80.0,624.6,0,3,640.0
6621,0,0,0,0,4,1,0,1,0,0,0,0,0,0,0,1,2,70.15,268.35,1,3,280.6
3098,0,0,1,0,71,1,2,2,1,1,1,1,1,1,2,0,0,24.75,1836.9,0,0,1757.25
4585,1,0,1,1,1,1,0,2,1,1,1,1,1,1,1,1,2,20.2,20.2,0,2,20.2
507,1,0,1,0,4,1,0,0,0,0,0,2,0,0,0,0,3,50.05,179.35,1,2,200.2
4226,0,0,0,0,12,1,0,2,1,1,1,1,1,1,1,1,0,19.35,219.35,0,2,232.20000000000002
4821,1,0,0,0,24,0,1,0,2,0,0,0,2,2,1,1,3,50.6,1288.75,0,2,1214.4
4496,0,0,1,1,31,1,0,0,2,0,2,2,2,2,1,1,3,81.15,2545.75,0,3,2515.65
1521,0,0,1,0,1,1,0,0,0,0,0,0,2,0,0,0,3,55.2,55.2,1,2,55.2
3377,1,0,0,0,30,1,2,1,0,0,0,2,0,2,0,1,1,89.9,2723.15,0,3,2697.0
645,0,0,1,1,47,1,2,0,2,2,0,2,2,2,2,1,1,85.3,4107.25,0,1,4009.1
1816,1,0,0,0,54,1,2,1,2,2,0,2,2,2,2,1,1,108.0,5760.65,0,1,5832.0
2316,1,0,0,0,50,1,0,1,2,2,0,2,0,2,0,1,1,93.5,4747.5,0,1,4675.0
6313,1,0,0,0,1,1,0,1,2,0,0,0,0,2,0,1,3,84.6,84.6,1,3,84.6
5038,0,0,0,0,72,1,0,2,1,1,1,1,1,1,2,0,1,20.25,1566.9,0,0,1458.0
1334,0,0,0,0,29,1,2,2,1,1,1,1,1,1,0,0,2,25.15,702.0,0,2,729.3499999999999
861,1,0,0,0,2,1,2,0,0,2,0,0,0,0,0,1,3,54.4,114.1,1,2,108.8
423,0,0,0,0,10,0,1,0,0,0,0,2,0,0,2,1,3,29.6,299.05,0,2,296.0
6977,1,0,1,0,18,1,2,1,0,0,0,0,0,0,0,1,2,73.15,1305.95,0,3,1316.7
54,0,1,0,0,11,1,0,1,0,2,0,0,2,2,0,1,2,95.0,1120.3,1,3,1045.0
6505,1,0,0,0,16,1,0,2,1,1,1,1,1,1,2,0,3,19.75,284.35,0,2,316.0
5190,0,0,0,0,72,1,2,0,0,2,2,2,2,2,2,0,0,86.6,6350.5,0,1,6235.2
4685,1,0,0,0,72,1,2,1,0,2,2,2,2,2,2,0,0,109.2,7878.3,0,1,7862.400000000001
5364,0,0,1,1,41,1,0,0,2,0,0,2,2,2,1,1,1,74.7,3187.65,0,3,3062.7000000000003
6395,0,1,1,0,65,1,0,1,2,2,2,0,0,2,0,0,2,94.4,6126.15,0,1,6136.0
3150,0,1,0,0,13,1,0,0,0,2,2,0,0,0,0,1,2,54.8,731.3,0,2,712.4
129,1,1,0,0,4,1,0,1,2,0,0,0,0,0,0,0,2,75.35,273.4,0,3,301.4
187,1,0,0,0,41,1,2,0,0,0,2,0,0,2,1,0,3,65.0,2531.8,0,0,2665.0
7012,1,1,0,0,15,1,0,1,0,2,0,0,0,0,0,1,2,74.4,1074.3,1,3,1116.0
207,1,0,0,0,1,1,0,0,2,0,0,0,0,0,0,1,3,48.55,48.55,1,2,48.55
655,1,0,0,0,42,1,2,1,2,2,2,0,0,2,1,1,2,99.0,4298.45,0,1,4158.0
2854,0,0,1,0,51,1,0,1,2,2,2,0,2,0,1,1,2,93.5,4619.55,0,1,4768.5
3232,0,0,1,1,2,1,0,1,0,0,0,0,0,0,0,0,2,70.4,147.15,1,3,140.8
6700,1,1,1,0,1,0,1,0,0,2,0,0,2,0,0,0,2,40.2,40.2,1,2,40.2
2297,1,0,0,1,32,1,2,0,0,2,2,2,2,2,1,0,1,83.7,2633.3,0,3,2678.4
2571,1,0,0,0,10,1,0,2,1,1,1,1,1,1,0,1,3,19.85,193.05,0,2,198.5
2883,0,0,1,1,67,0,1,0,0,2,2,2,2,2,2,1,2,59.55,4103.9,0,1,3989.85
4991,0,0,1,1,61,1,2,1,2,2,2,2,2,2,2,0,1,115.1,7008.15,0,1,7021.099999999999
4727,1,0,0,0,50,1,2,1,2,2,2,2,2,2,1,0,1,114.35,5791.1,0,1,5717.5
3504,0,0,1,0,2,1,0,0,0,0,0,0,0,0,0,1,1,44.6,80.55,1,2,89.2
3560,0,1,1,0,29,0,1,0,2,0,2,0,0,2,0,1,2,45.0,1228.65,0,2,1305.0
5171,1,1,0,0,3,0,1,0,0,0,2,0,0,2,0,1,2,41.15,132.2,1,2,123.44999999999999
2523,1,1,0,0,13,1,2,1,0,2,2,0,2,2,0,1,2,106.9,1364.3,1,3,1389.7
5331,1,1,1,0,57,1,2,1,0,2,0,0,0,2,0,1,2,89.85,4925.35,0,1,5121.45
5394,0,0,0,0,31,0,1,0,2,2,0,2,0,2,2,1,0,49.85,1520.1,0,0,1545.3500000000001
1311,0,0,1,0,45,1,2,1,2,2,2,2,2,2,1,0,3,113.3,5032.25,0,1,5098.5
76,0,0,1,1,61,1,2,0,2,2,2,2,2,2,2,0,3,88.1,5526.75,0,1,5374.099999999999
4463,1,0,0,0,50,1,2,2,1,1,1,1,1,1,2,0,0,24.9,1195.25,0,0,1245.0
2237,0,1,0,0,19,1,0,1,2,2,0,2,2,2,0,1,3,105.0,2007.25,0,3,1995.0
4481,1,0,0,0,59,1,0,2,1,1,1,1,1,1,2,0,3,19.35,1099.6,1,0,1141.65
4988,0,0,1,0,71,1,2,2,1,1,1,1,1,1,2,1,1,24.25,1732.95,0,0,1721.75
3063,0,1,0,0,16,1,0,1,0,0,0,2,2,2,0,1,2,94.45,1511.2,1,3,1511.2
5420,1,0,1,0,57,1,0,0,2,2,0,2,0,0,2,1,2,59.75,3450.15,0,0,3405.75
4517,1,0,0,0,1,0,1,0,0,0,0,0,0,0,0,0,0,24.8,24.8,1,2,24.8
3310,1,1,1,0,20,1,2,1,0,2,0,2,2,2,0,0,2,107.05,2172.05,0,3,2141.0
4207,1,0,0,0,1,1,0,1,0,0,0,0,0,0,0,0,3,70.6,70.6,1,3,70.6
4562,1,0,1,0,5,1,2,1,0,2,0,2,0,0,0,1,2,85.4,401.1,1,3,427.0
3127,0,0,1,0,52,1,2,1,0,2,2,0,2,2,0,1,2,105.05,5624.85,1,1,5462.599999999999
2223,1,1,1,0,21,1,0,0,2,2,0,0,0,2,0,1,0,64.95,1339.8,0,3,1363.95
6106,1,0,0,0,14,0,1,0,0,0,2,2,2,2,0,1,2,55.0,771.95,0,2,770.0
2899,0,0,0,0,5,1,0,0,0,2,0,0,0,0,0,0,0,50.55,244.75,0,2,252.75
199,0,0,0,0,6,1,0,0,2,2,0,0,0,0,0,0,3,55.15,322.9,0,2,330.9
5855,0,0,0,0,10,1,0,0,0,2,0,0,0,0,0,0,2,51.2,498.25,0,2,512.0
1411,0,0,0,1,1,1,2,2,1,1,1,1,1,1,0,0,3,25.4,25.4,0,2,25.4
6747,0,0,0,0,68,1,2,0,2,0,0,0,0,0,0,0,3,54.45,3687.75,0,0,3702.6000000000004
6698,1,0,1,1,18,1,0,1,0,0,2,0,2,2,0,0,3,95.15,1779.95,1,3,1712.7
4399,0,0,0,0,22,1,2,1,0,0,0,0,0,0,1,1,1,76.0,1783.6,0,3,1672.0
2685,0,0,0,0,20,1,0,0,0,0,0,0,0,0,0,1,2,44.35,927.15,0,2,887.0
3967,1,0,1,0,1,1,0,1,0,0,0,0,0,0,0,0,2,70.0,70.0,1,3,70.0
2436,1,1,0,0,8,1,0,1,0,2,0,0,0,0,0,1,2,74.5,606.55,1,3,596.0
2504,1,0,0,0,10,1,0,0,0,0,0,0,0,0,0,1,1,44.85,435.4,1,2,448.5
5334,1,1,0,0,24,1,2,1,0,0,0,0,0,0,0,1,2,76.1,1712.7,1,3,1826.3999999999999
2620,1,0,0,0,35,1,0,0,2,2,2,0,0,0,1,0,3,61.2,2021.2,0,3,2142.0
1576,1,0,1,1,23,1,0,1,0,2,2,2,0,0,1,0,3,86.8,1940.8,0,3,1996.3999999999999
3421,0,1,0,0,6,1,0,1,0,0,0,0,2,2,0,1,2,89.35,567.8,0,3,536.0999999999999
1071,0,0,0,0,12,1,0,2,1,1,1,1,1,1,0,0,3,19.7,220.35,0,2,236.39999999999998
5828,1,0,0,0,1,1,0,2,1,1,1,1,1,1,0,0,3,20.25,20.25,0,2,20.25
4646,0,0,1,1,71,1,0,1,0,0,2,0,0,0,2,0,2,76.05,5436.45,0,1,5399.55
4861,1,1,1,0,35,1,2,1,0,0,2,0,2,2,0,1,2,100.8,3437.5,0,1,3528.0
2079,1,0,1,1,40,1,2,0,0,0,2,0,2,2,0,1,2,74.55,3015.75,0,3,2982.0
4535,0,0,0,1,1,1,0,1,2,0,0,0,0,0,0,1,3,73.6,73.6,1,3,73.6
609,1,0,0,0,23,1,0,0,0,0,0,0,2,2,1,1,0,64.9,1509.8,0,3,1492.7
5757,0,1,0,0,4,1,2,1,0,0,0,0,2,2,0,1,2,95.45,396.1,1,3,381.8
5881,1,0,0,0,4,1,0,1,0,0,2,2,0,2,0,1,2,90.4,356.65,0,3,361.6
5810,0,0,1,1,68,0,1,0,0,2,2,2,2,2,2,0,1,60.3,4109.0,0,1,4100.4
1534,1,0,0,1,38,1,2,1,0,2,0,0,0,0,0,1,3,81.85,3141.7,0,3,3110.2999999999997
860,1,0,1,1,52,1,2,2,1,1,1,1,1,1,2,0,3,24.8,1229.1,0,0,1289.6000000000001
163,1,1,1,0,32,1,2,1,0,0,0,0,0,0,0,1,2,74.9,2303.35,1,3,2396.8
2886,1,0,1,1,29,1,0,0,0,0,2,2,2,2,2,0,3,75.55,2054.4,0,3,2190.95
2213,1,1,1,1,38,1,2,1,0,2,0,0,2,2,0,0,2,101.15,3741.85,0,1,3843.7000000000003
2872,1,0,0,1,48,1,2,0,2,0,2,0,2,2,1,1,1,78.75,3682.45,0,1,3780.0
755,0,0,0,0,1,1,0,2,1,1,1,1,1,1,0,1,0,19.25,19.25,0,2,19.25
5175,0,0,0,0,22,1,0,1,2,0,0,2,0,2,0,1,2,89.05,1886.25,0,3,1959.1
1068,0,0,0,0,43,1,2,1,2,2,2,2,2,2,2,0,1,115.05,4895.1,0,1,4947.15
1923,0,1,1,0,5,1,0,1,0,0,0,0,0,0,0,1,2,69.35,341.6,0,3,346.75
5355,1,0,0,0,5,1,0,1,0,0,0,0,2,0,0,1,2,80.6,415.55,1,3,403.0
3548,1,0,1,1,51,1,2,1,2,2,0,2,2,2,1,0,1,110.05,5686.4,0,1,5612.55
2792,1,0,0,0,71,1,0,2,1,1,1,1,1,1,2,1,1,19.9,1355.1,0,0,1412.8999999999999
1593,0,0,1,1,38,1,0,0,2,2,0,2,2,2,1,0,1,80.3,3058.65,1,3,3051.4
1961,1,1,1,0,24,1,0,1,0,0,2,0,2,2,0,1,2,93.15,2231.05,1,3,2235.6000000000004
4800,1,0,1,0,35,1,2,1,0,0,0,2,2,0,0,1,1,91.5,3236.35,0,3,3202.5
3542,0,1,0,0,54,1,2,0,2,2,0,2,2,2,1,0,0,82.45,4350.1,1,1,4452.3
6963,0,0,1,1,72,0,1,0,0,2,2,2,2,2,2,1,2,60.0,4264.0,0,1,4320.0
6142,1,0,0,0,1,1,0,0,0,0,0,0,0,0,0,1,2,44.8,44.8,0,2,44.8
5049,0,0,1,1,9,1,0,0,2,0,0,0,0,0,1,0,3,48.6,422.3,0,2,437.40000000000003
6087,1,0,0,0,69,0,1,0,2,2,0,2,2,2,2,1,0,60.05,4176.7,0,1,4143.45
3515,0,0,1,0,52,1,2,1,0,2,0,2,2,2,0,1,1,102.7,5138.1,0,1,5340.400000000001
4047,0,1,1,0,11,1,0,1,0,0,0,2,2,0,0,1,2,82.9,880.05,0,3,911.9000000000001
4107,0,1,0,0,2,1,0,1,0,0,0,0,0,0,0,1,2,70.35,139.05,1,3,140.7
4042,0,1,1,1,28,0,1,0,0,0,0,0,2,0,0,1,2,35.9,973.65,0,2,1005.1999999999999
1887,0,1,0,0,17,1,2,1,0,0,2,0,0,0,0,1,1,82.65,1470.05,0,3,1405.0500000000002
6601,0,0,1,1,35,1,0,2,1,1,1,1,1,1,2,1,3,19.85,739.35,0,0,694.75
6682,0,0,0,0,8,1,0,2,1,1,1,1,1,1,1,1,3,19.2,161.95,0,2,153.6
1638,1,0,0,0,46,1,2,1,0,2,2,0,2,0,1,1,1,94.9,4422.95,0,1,4365.400000000001
75,0,0,0,0,7,1,2,1,0,0,0,0,0,0,0,1,2,73.85,511.25,1,3,516.9499999999999
1985,0,0,0,0,2,1,2,1,0,0,2,0,0,0,0,0,3,80.6,155.8,1,3,161.2
3020,1,0,1,1,68,1,2,0,0,2,2,2,0,2,1,1,0,75.8,5293.95,1,1,5154.4
4738,0,0,0,0,43,1,2,1,0,2,2,0,2,2,2,1,2,104.6,4759.85,1,1,4497.8
1419,0,0,0,0,68,1,2,0,2,2,2,2,2,2,2,1,2,88.15,6148.45,0,1,5994.200000000001
5664,0,0,0,0,36,1,0,1,0,2,0,0,2,2,0,1,1,94.8,3565.65,0,1,3412.7999999999997
924,1,0,1,0,63,1,2,1,0,2,2,0,2,2,0,1,2,103.4,6603.0,1,1,6514.200000000001
4286,0,1,0,0,32,1,0,0,0,2,0,2,0,0,0,0,0,54.65,1830.1,0,0,1748.8
4885,0,0,1,0,71,1,2,0,2,2,2,2,2,2,2,0,1,85.75,6223.8,0,1,6088.25
5324,0,0,1,1,66,1,2,0,2,2,2,0,0,0,0,1,0,67.45,4508.65,0,1,4451.7
6792,1,0,0,0,63,1,0,2,1,1,1,1,1,1,1,0,3,20.5,1328.15,0,0,1291.5
4197,0,0,0,1,41,1,0,2,1,1,1,1,1,1,1,1,1,20.25,865.0,0,0,830.25
17,0,1,0,0,1,1,2,1,0,0,0,0,0,0,0,1,2,72.1,72.1,0,3,72.1
1370,0,0,0,0,2,1,0,1,0,0,0,0,2,2,0,1,2,90.4,168.2,1,3,180.8
6332,0,0,1,0,70,1,0,2,1,1,1,1,1,1,2,0,0,19.45,1303.5,0,0,1361.5
4429,0,0,0,0,23,0,1,0,0,0,0,0,2,2,0,1,2,44.95,996.85,0,2,1033.8500000000001
3253,0,1,1,0,64,1,0,1,2,2,2,0,0,2,1,0,0,97.0,6430.9,0,1,6208.0
346,1,0,1,1,37,1,2,0,2,0,2,2,0,0,2,1,1,62.8,2278.75,0,3,2323.6
3651,1,0,0,1,17,1,0,0,0,0,0,0,0,0,1,0,3,44.6,681.4,0,2,758.2
2887,0,1,0,0,7,1,0,1,0,0,0,0,2,2,0,1,2,89.15,574.35,0,3,624.0500000000001
126,1,0,1,1,4,1,2,1,0,2,2,0,0,0,0,1,0,84.8,371.9,1,3,339.2
428,0,1,0,0,21,0,1,0,2,0,0,0,2,0,0,1,2,41.9,840.1,1,2,879.9
3191,0,0,0,0,10,1,0,1,0,0,0,0,0,2,0,1,0,80.25,846.0,1,3,802.5
2341,0,1,0,0,16,1,2,0,2,0,0,0,0,0,0,1,2,54.1,889.0,0,2,865.6
6344,1,0,1,0,64,1,2,1,0,2,0,2,2,2,2,1,2,105.25,6823.4,0,1,6736.0
6392,1,1,1,0,27,0,1,0,2,0,0,0,0,0,0,0,1,30.75,805.1,1,2,830.25
6931,1,0,1,1,42,1,2,1,2,0,0,0,2,2,1,0,2,97.1,4016.75,0,1,4078.2
6545,1,0,0,1,5,1,0,2,1,1,1,1,1,1,0,0,3,20.2,83.75,0,2,101.0
3717,0,0,0,0,41,1,0,1,0,2,0,2,2,2,2,1,0,98.8,3959.15,0,1,4050.7999999999997
60,1,0,1,0,58,1,0,0,0,0,2,0,0,0,1,0,1,50.3,2878.55,0,0,2917.3999999999996
3669,0,0,0,0,47,1,0,2,1,1,1,1,1,1,2,1,3,20.55,945.7,0,0,965.85
2506,1,0,0,0,18,1,0,1,0,0,0,2,0,0,0,1,0,75.9,1373.05,0,3,1366.2
683,1,0,0,0,5,1,0,1,0,0,2,0,2,2,0,0,0,96.5,492.55,1,3,482.5
6406,1,0,1,0,23,1,0,0,2,0,0,0,0,2,0,1,0,59.95,1406.0,0,3,1378.8500000000001
5191,0,0,0,0,1,1,0,2,1,1,1,1,1,1,0,0,3,19.15,19.15,0,2,19.15
6739,1,0,1,0,71,1,2,1,0,0,2,0,2,2,1,1,1,98.65,6962.85,0,1,7004.150000000001
2457,1,0,1,1,72,1,2,1,2,2,2,2,2,2,2,1,1,112.6,8126.65,0,1,8107.2
4652,1,0,1,1,33,1,0,2,1,1,1,1,1,1,1,0,3,20.6,690.25,0,2,679.8000000000001
159,1,0,0,0,2,1,2,1,0,0,0,0,2,0,0,1,2,85.65,181.5,1,3,171.3
4339,1,0,0,1,24,0,1,0,2,0,0,2,0,0,2,0,3,35.75,830.8,0,2,858.0
1930,0,0,1,1,56,1,2,1,0,2,2,2,0,2,1,1,1,99.75,5608.4,0,1,5586.0
4872,1,0,0,0,37,1,0,1,0,2,0,0,2,2,0,1,1,96.1,3646.8,0,1,3555.7
5093,0,0,0,0,43,1,2,0,0,2,2,2,2,2,1,0,1,85.1,3662.25,0,1,3659.2999999999997
4365,1,0,0,0,1,0,1,0,0,0,0,0,0,0,0,0,3,25.35,25.35,0,2,25.35
6762,0,0,1,0,25,1,2,1,0,0,2,2,2,2,0,1,0,104.95,2566.5,1,3,2623.75
1979,0,0,0,0,61,1,2,0,2,2,2,2,2,2,2,0,2,89.65,5308.7,0,1,5468.650000000001
4032,1,0,0,0,17,1,2,1,0,0,2,2,0,0,1,0,2,86.75,1410.25,0,3,1474.75
4010,0,0,1,0,41,1,0,1,0,2,2,2,0,0,1,1,0,86.2,3339.05,0,1,3534.2000000000003
4904,1,0,0,0,1,1,0,0,0,2,0,0,0,0,0,0,3,50.65,50.65,1,2,50.65
5830,1,1,1,1,72,0,1,0,2,2,2,2,2,2,2,1,0,64.8,4732.35,0,1,4665.599999999999
3655,1,0,0,0,1,1,2,1,0,2,0,0,0,2,0,1,1,90.85,90.85,1,3,90.85
4667,1,0,0,0,48,1,2,1,0,2,2,0,2,2,2,1,0,108.1,5067.45,0,1,5188.799999999999
3453,1,1,1,0,11,1,0,2,1,1,1,1,1,1,0,0,3,19.95,214.75,1,2,219.45
363,0,1,1,0,55,1,2,1,0,2,2,0,0,0,0,1,2,85.45,4874.7,1,1,4699.75
1163,0,0,0,0,42,0,1,0,2,2,2,2,0,2,1,1,2,54.75,2348.45,0,0,2299.5
6213,1,0,0,0,44,1,2,1,0,0,2,0,0,2,0,1,3,90.4,4063.0,0,1,3977.6000000000004
3924,1,0,0,1,1,1,0,0,0,0,0,0,0,0,0,0,2,44.0,44.0,0,2,44.0
2518,0,0,0,0,27,1,2,1,0,0,0,0,2,2,0,1,0,95.6,2595.25,0,3,2581.2
6880,1,1,1,0,27,1,2,0,0,2,2,2,2,2,0,1,0,84.8,2309.55,0,3,2289.6
133,0,1,0,0,2,1,0,0,0,0,0,0,0,0,0,1,2,44.3,89.3,0,2,88.6
7024,0,0,0,0,19,1,0,2,1,1,1,1,1,1,0,0,3,19.9,367.55,0,2,378.09999999999997
2777,0,1,1,0,42,1,2,1,0,0,0,0,2,2,0,1,2,95.05,3944.5,0,1,3992.1
2068,0,0,0,0,66,1,2,0,2,2,2,2,2,2,2,1,1,90.05,5965.95,0,1,5943.3
99,1,1,1,0,33,1,2,1,2,0,2,2,2,2,0,1,0,109.9,3694.7,0,1,3626.7000000000003
4677,0,0,0,0,34,1,0,1,0,2,0,0,0,0,0,1,1,73.95,2524.45,1,3,2514.3
1727,1,1,0,0,33,0,1,0,0,0,2,2,2,2,0,1,2,54.6,1803.7,0,0,1801.8
4156,0,0,1,1,23,1,0,2,1,1,1,1,1,1,1,0,3,20.05,415.1,0,2,461.15000000000003
1566,0,0,0,0,32,1,0,2,1,1,1,1,1,1,1,0,0,19.75,624.15,0,2,632.0
6640,0,0,0,0,11,1,0,2,1,1,1,1,1,1,1,0,1,20.05,237.7,0,2,220.55
670,1,0,1,1,69,1,2,1,0,0,2,0,2,2,0,1,1,99.45,7007.6,1,1,6862.05
2135,0,0,1,0,68,1,0,0,2,0,0,2,0,0,1,0,0,55.9,3848.8,0,0,3801.2
3906,1,0,0,0,20,1,0,2,1,1,1,1,1,1,2,1,3,19.7,419.4,0,2,394.0
5396,1,0,0,0,72,1,0,2,1,1,1,1,1,1,2,1,1,19.8,1468.75,0,0,1425.6000000000001
3329,1,0,1,1,60,1,2,1,2,0,2,0,2,0,1,1,0,95.4,5812.0,0,1,5724.0
65,1,1,1,1,32,1,0,1,0,2,0,0,2,2,0,1,3,93.95,2861.45,0,3,3006.4
3366,0,0,0,0,1,1,0,2,1,1,1,1,1,1,0,1,3,19.9,19.9,1,2,19.9
5666,1,0,0,0,1,1,0,2,1,1,1,1,1,1,0,1,3,19.6,19.6,1,2,19.6
217,1,1,0,0,3,1,2,1,0,2,0,0,0,0,0,1,2,81.35,233.7,1,3,244.04999999999998
2921,0,0,1,0,46,1,2,2,1,1,1,1,1,1,1,1,0,24.45,1066.15,0,0,1124.7
3721,0,0,1,0,29,1,2,1,0,0,0,0,0,0,0,1,2,74.95,2149.05,0,3,2173.55
4233,1,0,0,0,51,1,2,1,0,2,2,2,0,0,0,1,2,87.35,4473.0,0,1,4454.849999999999
1340,0,1,1,0,48,1,0,1,0,0,0,0,0,0,0,1,0,70.65,3545.05,0,1,3391.2000000000003
5618,0,0,1,1,16,1,0,1,0,2,0,0,0,0,0,0,0,73.25,1195.75,0,3,1172.0
3280,1,0,1,0,70,1,2,1,0,2,2,2,0,2,2,1,0,98.7,6858.9,0,1,6909.0
3734,0,0,1,1,40,1,2,2,1,1,1,1,1,1,2,1,3,24.8,1024.7,0,0,992.0
391,0,0,1,1,22,1,0,1,0,2,0,0,0,2,0,0,2,83.3,1845.9,1,3,1832.6
3950,0,1,0,0,1,1,0,1,0,0,2,0,0,0,0,1,0,75.3,75.3,1,3,75.3
1522,0,0,1,1,5,1,2,2,1,1,1,1,1,1,0,1,3,24.3,132.25,0,2,121.5
3978,0,0,0,0,7,1,0,1,0,0,0,0,0,0,0,1,0,69.85,515.45,0,3,488.94999999999993
5445,1,0,0,1,29,1,2,1,0,2,2,2,0,2,1,0,1,100.55,2830.45,0,3,2915.95
2765,1,0,1,1,44,1,2,2,1,1,1,1,1,1,1,0,3,25.7,1110.5,0,0,1130.8
5768,0,0,0,0,10,0,1,0,2,2,2,0,0,0,0,0,0,40.7,449.3,0,2,407.0
1389,0,1,1,0,55,1,2,0,0,0,0,0,0,0,0,0,0,51.65,2838.55,0,0,2840.75
1931,1,1,1,0,52,1,2,1,0,2,2,0,2,2,1,1,0,105.1,5376.4,0,1,5465.2
6164,0,0,1,1,10,1,2,1,0,0,0,0,0,2,0,0,2,85.95,858.6,0,3,859.5
3044,1,0,0,0,18,1,2,1,0,0,0,0,0,0,0,1,0,75.6,1395.05,0,3,1360.8
4362,0,0,1,0,68,1,2,0,2,0,0,2,0,0,1,0,0,58.25,3975.7,0,0,3961.0
6399,0,0,1,1,61,1,0,2,1,1,1,1,1,1,0,1,3,19.4,1182.55,1,0,1183.3999999999999
5527,0,0,1,1,72,0,1,0,2,2,2,2,2,2,2,1,1,65.2,4784.45,0,1,4694.400000000001
1476,1,0,0,0,2,1,0,0,2,0,2,0,0,0,0,0,2,53.45,119.5,0,2,106.9
2052,1,0,0,0,12,1,0,0,0,0,0,0,0,0,0,1,0,45.4,518.9,1,2,544.8
4293,1,0,1,0,41,1,0,2,1,1,1,1,1,1,2,1,2,19.75,899.45,0,0,809.75
1590,0,0,0,0,26,0,1,0,0,0,2,2,2,0,0,1,1,44.45,1183.8,0,2,1155.7
3512,1,0,1,0,36,1,0,2,1,1,1,1,1,1,1,0,0,20.85,720.05,0,0,750.6
3058,1,0,1,1,72,1,2,1,2,2,2,2,2,2,2,1,1,114.05,8468.2,0,1,8211.6
4163,1,0,1,0,35,1,2,1,0,0,0,2,0,2,0,1,0,89.85,3161.2,0,3,3144.75
2501,1,0,0,0,1,1,0,0,0,0,2,2,0,0,0,0,3,55.05,55.05,0,2,55.05
525,0,0,1,1,16,1,2,1,2,0,2,2,2,2,0,1,2,112.95,1882.55,0,3,1807.2
3993,0,1,0,0,49,1,2,1,2,0,0,0,2,2,0,0,1,101.55,5070.4,0,1,4975.95
118,0,0,1,0,54,1,2,1,2,2,2,2,2,2,1,1,3,114.65,6049.5,0,1,6191.1
2042,0,0,0,1,18,1,2,0,2,0,0,0,0,2,0,0,2,64.8,1166.7,0,3,1166.3999999999999
1285,0,0,1,0,36,1,0,1,0,0,0,0,0,2,0,0,2,80.4,2937.65,0,3,2894.4
5505,0,0,0,0,60,1,2,1,0,2,2,0,2,2,0,1,2,105.9,6396.45,1,1,6354.0
2882,0,0,0,0,1,1,0,1,0,0,0,0,0,0,0,0,3,69.55,69.55,1,3,69.55
502,0,0,1,1,52,1,2,2,1,1,1,1,1,1,2,1,0,25.05,1270.25,0,0,1302.6000000000001
3657,1,0,1,1,8,1,0,1,0,0,2,0,2,2,0,1,2,94.75,759.55,0,3,758.0
743,1,0,1,1,72,1,0,1,2,2,0,2,2,2,2,0,0,105.5,7611.55,0,1,7596.0
6063,0,0,0,0,64,1,2,2,1,1,1,1,1,1,1,0,3,24.7,1642.75,0,0,1580.8
4080,0,1,0,0,22,1,0,0,2,0,2,2,0,2,0,1,3,69.75,1545.4,0,3,1534.5
6251,1,0,1,0,60,0,1,0,0,2,2,2,2,2,0,1,0,60.2,3582.4,0,0,3612.0
155,0,0,1,1,28,1,0,1,0,0,0,0,0,2,0,1,2,81.05,2227.1,1,3,2269.4
3354,0,0,1,0,61,1,2,2,1,1,1,1,1,1,2,0,3,24.4,1417.9,0,0,1488.3999999999999
5905,0,0,0,0,24,1,2,1,0,2,2,0,2,2,0,1,2,104.15,2494.65,0,3,2499.6000000000004
3638,1,0,1,1,28,1,0,1,0,2,2,2,2,0,1,0,0,92.9,2768.35,0,3,2601.2000000000003
643,0,0,1,1,30,1,0,0,0,2,2,2,2,2,2,0,0,80.8,2369.3,0,3,2424.0
2967,1,0,1,0,2,1,0,2,1,1,1,1,1,1,0,0,3,20.0,38.0,0,2,40.0
1004,1,0,0,0,1,1,2,1,0,0,0,0,0,0,0,1,2,75.1,75.1,0,3,75.1
3315,1,0,0,1,6,1,0,2,1,1,1,1,1,1,0,0,3,19.65,100.9,0,2,117.89999999999999
4686,0,0,1,0,24,1,0,0,0,2,0,0,2,2,0,1,0,69.45,1614.05,0,3,1666.8000000000002
602,1,0,1,1,4,1,2,1,0,0,2,0,2,2,0,0,2,101.15,385.9,1,3,404.6
2688,1,0,0,0,7,1,2,1,0,2,0,0,2,2,0,1,2,99.8,673.25,1,3,698.6
1024,1,1,1,0,72,1,2,1,2,2,2,2,2,2,2,1,0,116.05,8404.9,0,1,8355.6
2089,1,0,0,0,70,0,1,0,0,0,0,2,0,2,2,1,3,40.05,2799.75,0,0,2803.5
6410,1,1,1,0,64,1,2,1,0,0,2,2,2,2,2,0,2,102.1,6538.45,0,1,6534.4
4231,1,0,1,1,72,1,2,1,0,2,0,0,2,0,1,1,2,89.7,6588.95,0,1,6458.400000000001
6287,0,0,0,1,44,1,0,2,1,1,1,1,1,1,2,0,3,19.9,868.1,0,0,875.5999999999999
3243,0,0,1,1,13,1,0,0,0,0,0,0,0,2,0,0,2,55.95,734.35,1,2,727.35
3484,0,1,0,0,17,1,0,2,1,1,1,1,1,1,1,0,3,20.65,330.6,0,2,351.04999999999995
2505,1,0,0,0,1,1,0,0,0,0,0,0,0,2,0,1,2,55.0,55.0,1,2,55.0
895,1,0,1,0,9,1,0,0,0,0,2,0,2,2,0,1,3,70.05,564.4,0,3,630.4499999999999
2879,1,0,1,0,24,1,0,0,2,0,0,2,0,0,0,0,3,53.6,1315.35,0,3,1286.4
6615,0,0,1,1,1,1,0,1,0,2,0,0,0,0,0,1,2,74.7,74.7,1,3,74.7
1618,1,0,0,0,24,1,2,1,0,2,0,0,0,0,0,1,2,80.25,1861.5,1,3,1926.0
2661,1,1,1,1,35,1,0,0,0,2,0,2,2,2,0,1,2,76.05,2747.2,0,3,2661.75
3092,0,0,1,1,7,1,0,0,2,2,2,2,2,0,0,1,2,75.7,554.05,0,3,529.9
190,1,0,0,0,5,1,0,1,0,0,0,2,2,2,0,1,2,96.1,453.4,1,3,480.5
4416,0,0,0,1,15,1,0,1,0,0,0,0,0,0,0,0,0,69.0,994.8,1,3,1035.0
328,1,0,1,1,11,1,0,2,1,1,1,1,1,1,2,0,3,19.65,225.75,0,2,216.14999999999998
304,0,0,1,0,48,0,1,0,2,0,2,0,0,2,0,1,0,45.3,2145.0,1,0,2174.3999999999996
3215,0,1,0,0,20,1,0,1,0,0,0,0,0,2,0,1,2,81.45,1671.6,0,3,1629.0
3656,0,0,1,0,72,1,2,1,0,2,2,2,2,2,1,1,0,108.5,8003.8,0,1,7812.0
4215,0,0,1,1,8,1,0,1,0,2,0,0,2,0,0,1,2,83.55,680.05,1,3,668.4
5655,1,0,1,1,72,1,2,1,0,0,0,0,0,2,2,1,1,84.5,6130.85,0,1,6084.0
6422,0,0,0,0,15,1,2,1,0,2,0,0,2,2,0,1,2,100.15,1415.0,0,3,1502.25
2553,1,0,0,0,72,1,2,0,0,2,2,2,2,2,2,1,0,88.6,6201.95,0,1,6379.2
3118,0,0,1,1,0,0,1,0,2,0,2,2,2,0,2,1,0,52.55,1397.475,0,2,0.0
5936,1,0,0,1,1,1,2,1,0,0,0,0,0,0,0,1,2,74.35,74.35,1,3,74.35
2484,1,0,1,1,63,1,2,1,0,2,2,0,2,2,2,1,0,104.8,6597.25,0,1,6602.4
4822,0,0,0,0,2,1,0,0,0,2,0,0,2,0,0,1,2,59.0,114.15,0,2,118.0
261,0,0,1,0,2,1,0,1,2,0,0,0,0,0,0,1,2,74.4,139.4,1,3,148.8
4076,1,1,1,0,61,1,2,0,0,2,0,0,0,2,1,0,0,64.05,3902.6,0,1,3907.0499999999997
4661,1,0,0,0,1,1,0,2,1,1,1,1,1,1,0,0,3,20.4,20.4,0,2,20.4
5832,1,0,0,0,22,0,1,0,0,2,2,0,0,2,1,1,0,43.75,903.6,1,2,962.5
2902,1,0,1,0,28,1,0,0,2,2,0,2,0,0,0,0,3,60.9,1785.65,0,3,1705.2
339,0,0,1,0,70,1,0,2,1,1,1,1,1,1,2,0,0,19.8,1397.65,0,0,1386.0
4424,0,1,0,0,5,0,1,0,0,2,0,0,0,0,0,0,2,28.45,131.05,1,2,142.25
5528,0,0,0,0,12,1,2,1,2,2,2,0,0,2,0,1,0,99.7,1238.45,1,3,1196.4
3057,1,0,0,0,34,1,2,1,2,2,2,2,2,2,1,0,1,116.25,3899.05,0,1,3952.5
3145,0,1,1,0,71,1,2,1,2,0,0,0,0,0,2,1,1,80.7,5676.0,0,1,5729.7
2781,0,0,1,1,70,1,2,0,2,0,0,0,0,2,1,0,0,65.2,4543.15,0,1,4564.0
5543,0,0,1,1,52,1,0,1,2,0,2,2,0,0,0,1,0,84.05,4326.8,0,1,4370.599999999999
4068,1,0,0,1,69,1,2,0,2,2,2,2,2,0,2,1,1,79.45,5502.55,0,1,5482.05
3981,0,1,0,0,20,1,2,1,0,2,2,0,0,2,0,1,2,94.1,1782.4,1,3,1882.0
6342,1,0,0,1,11,1,2,1,0,0,2,0,0,0,0,1,3,78.0,851.8,0,3,858.0
5129,1,0,1,0,2,1,0,1,0,0,0,2,2,2,0,1,2,94.2,167.5,1,3,188.4
3241,0,0,1,1,6,1,2,1,0,0,0,2,0,0,0,1,2,80.5,502.85,1,3,483.0
780,0,0,0,0,1,1,0,2,1,1,1,1,1,1,0,0,3,19.85,19.85,0,2,19.85
3029,1,1,1,1,20,1,0,1,2,0,2,2,0,2,1,0,1,94.3,1818.3,0,3,1886.0
6028,1,0,0,0,61,1,2,1,2,0,2,0,2,2,0,1,2,106.45,6300.15,0,1,6493.45
4221,0,1,1,0,5,1,2,1,0,0,0,0,0,0,0,1,2,74.35,334.8,1,3,371.75
6127,0,0,0,0,56,1,2,1,0,2,0,2,2,2,0,1,0,105.45,5916.95,0,1,5905.2
1698,1,0,0,0,30,1,2,1,2,2,2,2,0,0,0,1,1,95.0,2852.4,0,3,2850.0
6624,1,0,0,0,40,1,2,1,0,0,2,2,2,2,0,0,0,104.8,4131.95,1,1,4192.0
2431,0,0,0,0,28,1,0,0,2,0,0,2,0,0,1,0,3,54.3,1546.3,0,3,1520.3999999999999
4765,0,1,1,0,5,1,0,1,0,0,0,0,0,0,0,0,2,70.05,302.6,0,3,350.25
157,0,1,1,0,27,1,0,1,2,0,0,0,0,0,0,1,0,75.2,1929.35,1,3,2030.4
5333,1,0,0,0,12,1,0,2,1,1,1,1,1,1,0,0,1,20.05,265.45,0,2,240.60000000000002
3664,1,0,1,1,67,1,2,1,0,2,2,0,2,2,1,1,2,105.4,6989.45,0,1,7061.8
2881,1,1,1,0,29,1,2,0,0,0,0,0,0,0,0,1,2,51.6,1442.0,0,3,1496.4
622,1,0,1,1,55,1,2,1,0,0,0,0,0,2,0,0,0,85.5,4713.4,0,1,4702.5
4843,0,0,0,0,23,1,2,1,0,0,0,0,0,0,0,0,0,75.6,1758.6,1,3,1738.8
5955,1,0,1,0,34,1,2,1,0,0,2,0,2,2,0,1,2,100.05,3480.0,1,3,3401.7
516,1,0,0,0,52,1,0,1,2,0,2,0,2,0,1,0,2,91.25,4738.3,0,1,4745.0
6071,1,1,1,1,72,1,2,1,2,2,2,2,2,2,2,1,1,115.75,8399.15,0,1,8334.0
2497,1,0,1,1,58,1,2,1,0,2,0,2,2,0,1,1,1,94.7,5430.35,0,1,5492.6
5389,1,0,1,1,35,1,0,2,1,1,1,1,1,1,2,0,3,19.6,686.95,0,0,686.0
230,0,1,0,0,56,1,2,1,0,2,2,2,2,0,2,1,0,99.9,5706.3,0,1,5594.400000000001
5733,0,0,1,1,24,1,0,2,1,1,1,1,1,1,2,1,1,21.1,490.65,0,2,506.40000000000003
971,1,0,1,1,70,1,0,2,1,1,1,1,1,1,2,0,1,20.05,1360.25,0,0,1403.5
2964,1,0,0,0,2,1,0,1,0,0,0,0,2,0,0,1,2,79.95,174.45,0,3,159.9
888,1,1,1,1,68,1,2,1,0,0,2,2,2,2,1,1,1,107.15,7379.8,0,1,7286.200000000001
6539,0,0,0,0,1,1,2,1,0,0,0,0,0,2,0,1,2,85.0,85.0,1,3,85.0
3802,1,0,0,0,12,1,2,1,0,0,2,0,2,0,0,1,2,89.55,1021.75,0,3,1074.6
422,0,0,1,0,63,1,2,1,0,2,0,0,0,0,0,1,0,81.55,5029.05,0,1,5137.65
4132,0,0,1,1,33,1,0,0,2,2,2,0,0,0,1,1,3,58.45,1955.4,0,3,1928.8500000000001
6295,0,0,1,0,69,1,0,1,0,2,0,0,2,2,1,1,1,95.65,6744.2,0,1,6599.85
3841,0,0,1,1,60,1,0,0,0,2,2,2,2,2,2,1,0,80.6,4946.7,0,1,4836.0
4867,0,0,1,1,72,1,2,1,2,2,2,2,2,2,2,1,0,113.1,8248.5,0,1,8143.2
1910,0,0,0,0,11,1,2,0,0,0,0,0,0,2,0,1,3,58.95,601.6,0,3,648.45
1981,0,0,0,0,1,1,0,2,1,1,1,1,1,1,0,0,3,19.55,19.55,0,2,19.55
923,1,0,0,0,10,1,2,1,0,0,0,0,2,0,0,1,0,86.05,834.1,1,3,860.5
1942,1,0,0,0,13,0,1,0,2,0,0,2,2,0,0,1,1,45.55,597.0,1,2,592.15
5069,1,0,1,1,34,1,0,1,0,0,0,0,0,2,1,1,0,78.95,2647.2,0,3,2684.3
4963,1,0,1,1,39,1,0,1,0,2,0,0,2,0,0,1,3,86.3,3266.0,1,3,3365.7
1752,0,0,0,0,65,1,2,1,0,2,0,2,2,2,1,1,0,105.05,6744.25,0,1,6828.25
3272,1,1,1,0,50,1,2,1,2,2,2,0,2,0,1,1,0,101.9,5265.5,0,1,5095.0
5781,1,0,0,0,15,1,0,2,1,1,1,1,1,1,0,0,3,19.75,311.6,0,2,296.25
2503,1,0,1,1,72,1,2,1,2,2,2,0,2,2,2,1,0,110.3,7966.9,0,1,7941.599999999999
931,0,0,1,1,72,1,2,1,2,2,2,2,2,2,2,1,0,115.6,8220.4,0,1,8323.199999999999
1404,1,0,1,1,55,1,0,2,1,1,1,1,1,1,2,0,0,19.35,1153.25,0,0,1064.25
1332,0,0,1,1,23,1,2,2,1,1,1,1,1,1,2,1,1,25.6,514.75,0,2,588.8000000000001
3765,1,0,0,0,32,1,2,1,0,2,0,0,0,0,0,1,0,80.35,2596.15,1,3,2571.2
4096,0,0,1,1,56,1,2,0,2,0,2,0,0,2,1,1,0,68.75,3808.0,0,1,3850.0
1817,0,0,0,0,1,1,0,2,1,1,1,1,1,1,0,0,0,19.9,19.9,0,2,19.9
791,1,0,0,0,38,1,0,0,2,2,0,2,2,0,1,0,3,70.6,2708.2,0,3,2682.7999999999997
1716,1,0,0,0,11,1,0,1,0,0,0,0,0,0,0,0,2,70.2,760.05,0,3,772.2
2603,1,0,0,0,1,1,0,0,0,0,0,2,0,0,0,1,2,49.3,49.3,0,2,49.3
4836,1,0,1,0,56,1,2,1,0,2,0,2,2,2,1,1,2,107.25,6033.3,0,1,6006.0
5219,1,0,1,0,3,1,2,2,1,1,1,1,1,1,0,1,3,23.6,89.05,0,2,70.80000000000001
2587,1,0,1,1,7,1,0,0,2,0,0,0,2,2,0,0,1,69.7,516.15,0,3,487.90000000000003
4327,1,0,1,1,59,1,2,1,0,0,2,0,2,2,2,1,1,99.5,5861.75,0,1,5870.5
5201,1,0,0,0,7,1,0,0,0,0,2,2,2,0,0,0,0,64.3,445.95,0,3,450.09999999999997
4135,1,0,1,1,71,1,0,0,2,0,2,2,0,2,2,1,1,70.85,4973.4,0,1,5030.349999999999
4947,1,0,1,1,15,1,0,1,2,0,0,2,2,2,1,0,2,101.9,1667.25,0,3,1528.5
4092,1,0,1,0,71,1,2,0,2,2,0,2,2,0,2,0,1,73.5,5357.75,0,1,5218.5
641,0,0,0,0,35,1,2,1,0,0,2,0,2,2,0,1,2,100.25,3527.6,1,1,3508.75
193,0,0,0,0,11,0,1,0,0,2,2,2,0,0,1,1,1,40.4,422.6,0,2,444.4
5183,0,0,1,1,60,1,0,2,1,1,1,1,1,1,2,1,1,19.25,1103.25,0,0,1155.0
4999,1,1,0,0,47,1,2,0,0,2,0,2,0,0,2,0,0,59.6,2754.0,0,0,2801.2000000000003
4075,0,0,0,0,11,1,0,0,0,0,2,2,0,2,1,0,1,64.9,697.25,0,3,713.9000000000001
3304,1,0,1,0,56,1,2,1,0,2,0,0,2,2,1,0,1,100.3,5614.45,1,1,5616.8
4281,0,1,1,0,28,1,2,1,0,2,2,2,2,2,0,1,2,110.85,3204.4,0,3,3103.7999999999997
6724,1,0,1,0,61,1,0,0,2,2,0,2,2,2,2,1,3,81.05,4747.65,0,1,4944.05
3642,1,0,1,1,31,1,2,1,2,0,2,0,2,0,1,0,0,98.05,3082.1,0,3,3039.5499999999997
5885,1,0,0,0,9,1,0,1,0,0,0,0,0,0,0,1,2,70.5,597.9,0,3,634.5
4629,1,1,1,0,35,1,2,1,2,2,0,0,0,2,0,1,2,94.55,3365.4,0,3,3309.25
1809,1,0,0,0,2,1,0,2,1,1,1,1,1,1,0,1,3,19.65,38.8,0,2,39.3
837,0,0,1,1,12,1,0,2,1,1,1,1,1,1,0,0,3,19.0,233.55,1,2,228.0
2533,0,0,0,0,1,1,0,1,2,0,0,0,0,0,0,0,3,75.3,75.3,1,3,75.3
1980,0,1,0,0,4,1,2,1,0,0,2,0,2,0,0,1,2,89.2,346.2,1,3,356.8
981,0,0,1,1,1,1,0,2,1,1,1,1,1,1,0,1,3,19.0,19.0,0,2,19.0
1648,0,0,0,0,3,1,0,2,1,1,1,1,1,1,0,1,3,20.0,61.7,0,2,60.0
3681,0,1,0,0,1,1,2,1,0,0,0,0,2,0,0,1,2,85.7,85.7,1,3,85.7
3188,1,0,0,0,52,1,0,0,2,2,0,0,2,0,2,1,1,63.25,3342.45,0,0,3289.0
6188,1,0,1,1,5,1,0,2,1,1,1,1,1,1,1,0,3,20.1,85.1,0,2,100.5
506,1,0,1,0,72,1,2,1,2,2,2,0,0,2,2,1,2,99.15,7422.1,0,1,7138.8
541,1,0,1,1,71,1,2,0,2,2,2,2,2,2,2,0,2,90.4,6668.05,0,1,6418.400000000001
418,1,0,1,0,72,1,2,1,2,0,2,2,2,2,2,1,1,111.9,8071.05,0,1,8056.8
3915,1,0,1,1,46,1,2,2,1,1,1,1,1,1,1,0,2,24.9,1174.8,0,0,1145.3999999999999
310,1,0,1,1,63,1,2,0,2,2,2,0,2,2,2,0,1,83.5,5435.0,0,1,5260.5
123,1,0,0,0,30,1,0,1,2,2,2,0,0,0,0,1,1,84.3,2438.6,0,3,2529.0
6515,1,0,0,0,1,1,0,0,0,0,0,0,0,0,0,0,3,45.6,45.6,0,2,45.6
489,0,0,0,0,12,1,2,0,2,0,2,2,0,0,0,1,3,61.65,713.75,1,3,739.8
5836,1,0,0,0,16,0,1,0,2,2,2,2,2,0,2,0,3,54.85,916.15,0,2,877.6
3660,1,0,0,0,4,1,2,0,0,0,0,2,0,2,0,0,3,65.55,237.2,0,3,262.2
1165,1,0,1,0,51,1,2,1,0,2,0,0,0,2,1,1,1,90.35,4614.55,0,1,4607.849999999999
244,1,0,1,0,65,1,0,2,1,1,1,1,1,1,2,1,1,20.4,1414.45,0,0,1326.0
4128,1,0,0,0,16,1,0,1,0,0,0,2,0,0,0,1,1,74.55,1170.5,0,3,1192.8
3663,1,0,0,0,2,1,0,2,1,1,1,1,1,1,1,0,3,19.95,47.7,0,2,39.9
752,0,0,1,1,66,1,2,1,0,0,0,0,0,0,1,1,0,74.25,4859.25,0,1,4900.5
1345,1,0,0,0,46,1,2,1,0,2,2,2,2,2,2,0,2,108.65,4903.2,0,1,4997.900000000001
1883,0,0,0,0,32,1,2,1,2,0,2,2,2,2,1,1,0,109.55,3608.0,0,1,3505.6
3317,1,0,1,0,72,1,2,0,2,0,2,2,2,2,2,0,1,86.65,6094.25,0,1,6238.8
4621,1,0,1,1,38,1,0,0,2,0,2,2,2,2,2,0,1,81.0,3084.9,0,3,3078.0
6124,1,0,0,1,51,1,0,0,0,0,0,2,0,0,1,0,1,47.85,2356.75,0,0,2440.35
5834,1,0,1,1,72,1,2,1,2,2,2,2,2,2,2,0,0,114.55,8306.05,0,1,8247.6
2389,0,1,1,0,65,1,2,1,2,0,2,0,2,2,0,0,0,105.25,6786.4,1,1,6841.25
4636,1,0,1,1,9,0,1,0,0,2,0,0,0,0,0,1,2,29.95,248.95,1,2,269.55
3344,0,0,1,1,9,1,0,0,2,2,2,2,0,0,0,0,3,65.0,663.05,1,3,585.0
1928,1,0,0,1,66,1,0,2,1,1,1,1,1,1,2,0,3,20.55,1357.1,0,0,1356.3
4750,0,1,0,0,44,1,2,1,2,2,2,0,2,2,1,1,1,109.8,4860.35,0,1,4831.2
5082,1,0,0,0,50,1,2,0,0,0,2,2,0,2,2,0,0,69.5,3418.2,0,1,3475.0
6612,0,0,0,0,15,1,2,0,0,0,0,0,0,0,0,0,3,48.85,631.4,0,2,732.75
4582,1,0,0,0,8,0,1,0,0,0,0,0,0,0,0,1,1,25.25,186.3,0,2,202.0
5077,0,1,0,0,66,1,2,1,0,0,2,2,2,2,1,1,1,102.85,6976.75,0,1,6788.099999999999
3725,0,0,0,0,57,1,2,1,2,2,0,2,0,0,0,1,0,87.55,4884.85,0,1,4990.349999999999
2844,0,0,0,0,7,1,2,1,0,2,0,0,0,0,0,1,0,78.55,522.95,0,3,549.85
3443,1,1,1,1,10,0,1,0,0,0,0,0,0,2,0,1,0,34.55,362.6,0,2,345.5
350,0,0,0,0,62,1,2,1,2,2,2,0,0,0,1,1,2,92.05,5755.8,0,1,5707.099999999999
3423,1,0,1,1,40,1,0,1,0,0,2,0,2,0,1,1,2,85.05,3355.65,0,1,3402.0
3636,0,0,0,0,20,1,0,2,1,1,1,1,1,1,2,0,3,19.7,406.95,0,2,394.0
682,0,0,0,0,7,1,0,2,1,1,1,1,1,1,0,0,0,20.0,137.6,1,2,140.0
2094,0,0,1,0,25,1,0,1,0,0,0,2,2,2,0,1,2,95.15,2395.7,0,3,2378.75
3536,1,0,1,0,23,1,2,1,0,2,2,0,0,0,0,0,2,84.25,1968.1,0,3,1937.75
4829,0,1,1,0,66,1,2,1,0,2,2,0,2,2,1,0,1,104.6,6819.45,0,1,6903.599999999999
1694,0,1,0,0,72,1,2,1,0,2,2,2,2,2,2,0,2,111.65,7943.45,0,1,8038.8
3177,1,1,1,0,49,1,2,1,0,2,0,0,0,2,0,0,1,90.05,4547.25,1,1,4412.45
3597,1,1,1,1,43,1,2,1,0,2,2,2,2,2,0,1,0,110.75,4687.9,1,1,4762.25
6999,0,0,1,0,46,1,2,0,2,0,0,0,0,0,0,0,0,55.0,2473.95,0,0,2530.0
1206,1,0,1,1,72,1,2,0,2,2,2,2,2,2,2,0,1,89.85,6562.9,0,1,6469.2
5448,1,0,0,0,10,1,0,2,1,1,1,1,1,1,1,0,3,20.35,176.3,0,2,203.5
6622,0,0,0,0,40,0,1,0,2,0,0,2,2,2,1,1,0,54.55,2236.2,0,0,2182.0
5123,0,0,1,1,65,1,2,1,0,2,2,0,2,2,0,1,2,105.5,6985.65,1,1,6857.5
5642,1,0,0,0,31,1,0,1,0,0,2,2,2,2,2,0,0,99.45,3109.9,0,3,3082.9500000000003
1406,0,0,1,0,68,1,2,0,2,2,2,2,0,0,2,0,1,70.9,4911.35,0,1,4821.200000000001
3468,1,1,1,1,56,1,2,1,2,0,2,0,2,2,1,1,0,104.55,5794.65,1,1,5854.8
110,1,0,1,0,10,1,2,1,0,0,0,0,0,2,0,1,2,85.25,855.3,1,3,852.5
6742,1,0,1,1,68,1,2,2,1,1,1,1,1,1,2,0,0,25.4,1620.2,0,0,1727.1999999999998
3195,0,0,1,1,43,1,0,0,0,0,0,0,2,0,0,0,2,56.15,2499.3,1,0,2414.45
663,1,0,0,0,1,1,0,1,0,0,0,0,2,2,0,1,2,89.55,89.55,1,3,89.55
3462,0,1,0,0,49,1,0,1,0,2,2,0,0,2,1,1,0,89.85,4287.2,0,1,4402.65
5965,0,0,1,1,15,1,2,2,1,1,1,1,1,1,0,1,2,25.25,394.85,0,2,378.75
1114,1,1,1,0,20,1,2,1,0,0,0,0,2,2,0,1,2,94.55,1899.65,1,3,1891.0
606,1,0,0,0,1,1,0,0,0,0,0,0,0,0,0,1,3,45.7,45.7,1,2,45.7
1646,1,0,1,1,50,1,2,0,0,0,2,2,2,0,1,1,2,69.65,3442.15,0,1,3482.5000000000005
4000,0,1,0,0,2,1,2,1,0,2,0,0,0,2,0,0,2,89.5,161.5,1,3,179.0
2450,1,1,0,0,24,1,0,1,0,0,0,0,0,0,0,0,1,70.0,1732.6,0,3,1680.0
6745,0,0,0,0,3,1,0,1,0,0,0,0,0,0,0,1,0,69.55,222.3,1,3,208.64999999999998
1360,0,0,0,0,1,1,0,1,0,0,2,0,0,0,0,1,3,74.6,74.6,1,3,74.6
4133,1,0,1,1,35,1,0,2,1,1,1,1,1,1,2,0,3,20.1,655.3,0,0,703.5
784,0,0,0,0,17,1,2,2,1,1,1,1,1,1,0,0,3,24.8,475.25,0,2,421.6
2918,0,1,0,0,8,1,0,2,1,1,1,1,1,1,0,0,2,19.65,164.3,1,2,157.2
3676,1,0,0,0,10,1,0,1,0,0,0,2,2,2,0,1,1,95.1,865.1,0,3,951.0
5761,1,0,1,1,68,1,2,0,2,2,2,2,2,2,2,1,1,88.85,6132.7,0,1,6041.799999999999
5563,1,0,1,0,45,1,0,0,2,2,2,0,2,2,1,0,0,78.8,3597.5,0,1,3546.0
3113,1,0,1,1,2,1,0,2,1,1,1,1,1,1,1,0,3,19.85,35.9,1,2,39.7
1417,1,0,1,0,37,1,0,2,1,1,1,1,1,1,0,0,0,20.35,697.65,0,0,752.95
4007,0,0,0,0,4,0,1,0,0,0,0,0,0,0,0,1,3,24.25,96.05,1,2,97.0
5753,0,0,0,0,10,1,0,0,0,0,0,0,0,0,0,0,3,45.25,428.7,0,2,452.5
2113,1,0,0,0,1,1,0,2,1,1,1,1,1,1,0,0,3,20.05,20.05,0,2,20.05
6736,1,0,1,1,65,1,2,0,2,2,0,0,0,2,2,1,3,69.55,4459.15,0,1,4520.75
6191,0,0,1,1,57,1,0,2,1,1,1,1,1,1,2,0,0,19.5,1167.6,0,0,1111.5
1926,0,0,0,0,3,1,0,1,0,0,2,0,0,0,0,1,3,74.75,238.1,0,3,224.25
5337,0,0,0,0,2,1,0,1,0,0,0,0,0,0,0,0,2,69.65,145.15,1,3,139.3
3930,1,0,0,0,49,0,1,0,0,0,2,0,0,0,0,1,0,30.2,1453.1,0,0,1479.8
2711,0,0,0,0,4,1,0,0,0,0,0,0,0,0,0,0,3,45.65,191.05,1,2,182.6
122,0,0,1,0,70,0,1,0,0,2,2,2,2,2,2,0,0,57.8,4039.3,0,0,4046.0
3999,0,0,1,1,53,1,0,2,1,1,1,1,1,1,1,1,0,19.85,1039.45,0,0,1052.0500000000002
2153,1,0,1,1,53,1,2,2,1,1,1,1,1,1,2,0,1,25.55,1336.1,0,0,1354.15
2292,0,0,0,0,1,1,2,1,0,0,0,0,0,0,0,1,3,75.05,75.05,1,3,75.05
6420,1,0,0,0,22,1,2,2,1,1,1,1,1,1,0,1,1,24.85,493.4,0,2,546.7
559,1,1,0,0,52,0,1,0,0,2,0,0,2,2,0,1,2,49.15,2550.9,1,0,2555.7999999999997
2622,1,1,0,0,65,1,2,1,2,0,2,2,2,2,2,1,2,110.35,7246.15,0,1,7172.75
1596,0,0,0,0,48,1,2,2,1,1,1,1,1,1,1,0,0,24.55,1203.95,0,0,1178.4
557,0,0,0,0,2,0,1,0,0,0,0,0,0,2,0,1,2,34.7,62.25,1,2,69.4
4079,1,0,0,0,3,1,2,1,0,2,2,0,2,2,0,0,3,107.95,313.6,0,3,323.85
1949,1,0,1,0,45,1,2,1,0,2,0,0,0,0,0,0,0,81.4,3775.85,0,1,3663.0000000000005
998,1,0,1,1,1,1,0,1,0,0,0,0,0,2,0,0,2,80.0,80.0,1,3,80.0
5306,0,0,1,1,61,1,0,0,0,0,2,2,2,2,2,1,0,73.8,4616.05,0,1,4501.8
3501,1,0,0,0,3,1,0,0,2,0,0,2,2,0,0,1,1,64.4,195.65,0,3,193.20000000000002
5157,0,1,0,0,40,1,2,1,0,0,2,2,2,2,1,1,1,103.75,4188.4,0,1,4150.0
5706,0,0,0,0,1,1,0,1,0,0,0,0,0,0,0,0,3,71.1,71.1,0,3,71.1
1051,0,0,0,0,1,1,0,0,0,0,0,2,0,0,0,1,2,49.9,49.9,0,2,49.9
3777,1,0,0,0,51,1,2,2,1,1,1,1,1,1,1,1,0,24.6,1266.4,0,0,1254.6000000000001
40,1,1,0,0,2,1,0,0,2,0,0,0,0,0,0,1,2,49.25,91.1,1,2,98.5
647,1,0,0,0,52,0,1,0,0,2,0,0,0,0,1,0,3,30.1,1623.4,0,0,1565.2
3584,1,0,0,0,51,1,2,1,0,0,0,0,0,2,0,0,0,83.4,4149.45,0,1,4253.400000000001
5876,1,0,0,0,1,1,0,2,1,1,1,1,1,1,0,1,3,20.45,20.45,0,2,20.45
4732,1,0,1,1,31,1,2,0,2,2,0,2,0,2,1,1,0,75.25,2344.5,0,3,2332.75
6776,1,0,0,1,47,1,0,2,1,1,1,1,1,1,1,0,1,20.55,1013.05,0,0,965.85
1565,0,0,0,0,3,1,2,1,0,0,0,0,0,0,0,1,1,75.1,270.7,1,3,225.29999999999998
1847,0,1,0,0,22,1,0,2,1,1,1,1,1,1,1,1,3,20.05,417.0,0,2,441.1
1703,0,0,1,0,1,1,0,2,1,1,1,1,1,1,0,1,3,20.65,20.65,0,2,20.65
45,1,0,1,0,72,1,2,0,0,2,2,2,2,2,2,1,0,85.15,6316.2,0,1,6130.8
4170,1,0,1,1,3,1,0,0,0,0,2,0,0,0,0,1,2,50.15,168.15,1,2,150.45
7034,1,1,1,1,47,1,0,1,0,2,0,0,2,0,1,1,0,84.95,4018.05,0,1,3992.65
5924,1,0,1,1,72,1,2,0,2,0,2,2,0,0,2,1,1,66.5,4811.6,0,1,4788.0
1046,1,0,1,1,66,1,2,0,0,0,2,0,2,0,2,1,0,63.3,4189.7,0,1,4177.8
6647,1,0,0,0,35,1,2,1,0,0,0,0,2,0,0,0,2,83.15,2848.45,0,3,2910.25
1199,1,0,0,0,29,1,2,1,0,0,0,0,0,2,0,1,2,84.9,2516.2,0,3,2462.1000000000004
4932,0,0,0,0,2,1,0,2,1,1,1,1,1,1,0,1,3,20.55,33.6,0,2,41.1
1010,1,0,0,0,4,1,0,0,0,2,0,0,0,0,0,0,3,49.25,208.45,0,2,197.0
5075,0,0,0,0,25,1,0,1,2,2,0,0,0,0,0,1,0,79.85,2015.35,1,3,1996.2499999999998
5384,0,0,0,0,65,1,0,0,2,2,0,2,0,0,2,1,3,59.6,3739.8,0,0,3874.0
5918,1,1,0,0,27,1,2,1,0,2,0,2,2,2,1,1,0,104.65,2964.0,0,3,2825.55
2102,1,0,1,0,29,1,0,1,0,0,2,0,0,0,0,1,1,75.3,2263.4,0,3,2183.7
2338,1,0,1,1,29,1,2,0,0,2,2,0,2,2,0,0,1,80.1,2211.8,0,3,2322.8999999999996
698,1,0,0,0,1,1,0,2,1,1,1,1,1,1,0,0,3,19.55,19.55,1,2,19.55
5628,0,0,1,0,20,1,0,1,0,0,2,2,0,0,0,1,3,81.0,1683.7,0,3,1620.0
6807,0,0,0,0,58,1,2,2,1,1,1,1,1,1,2,1,1,24.7,1519.0,0,0,1432.6
3859,0,0,0,1,14,1,2,1,2,0,0,2,0,0,0,1,3,86.0,1164.05,0,3,1204.0
3014,1,0,1,0,72,1,2,2,1,1,1,1,1,1,2,0,3,25.4,1710.9,0,0,1828.8
3963,1,0,0,0,46,1,2,1,2,0,0,0,2,0,0,1,1,89.15,4245.55,0,1,4100.900000000001
68,0,0,1,0,71,0,1,0,0,2,2,2,2,2,2,0,0,58.25,4145.9,0,1,4135.75
7009,1,0,0,0,32,1,2,1,0,0,0,0,0,2,0,1,0,85.65,2664.3,0,3,2740.8
1254,0,0,0,0,26,0,1,0,0,0,2,0,2,2,0,1,1,50.35,1277.5,0,2,1309.1000000000001
4935,1,1,1,0,68,1,2,1,0,0,2,0,0,0,0,1,1,80.35,5589.3,0,1,5463.799999999999
3289,1,0,1,1,2,1,0,2,1,1,1,1,1,1,1,0,3,20.2,34.75,0,2,40.4
5982,1,0,1,1,61,1,0,2,1,1,1,1,1,1,2,0,1,20.55,1305.95,0,0,1253.55
3497,0,0,1,1,4,1,2,1,0,0,0,0,0,2,0,1,2,85.95,381.3,1,3,343.8
1091,1,0,0,0,3,1,0,0,0,0,0,0,0,0,0,1,2,45.35,141.5,1,2,136.05
3729,1,1,1,0,33,1,2,1,0,0,0,0,2,2,0,1,2,94.5,3105.55,1,3,3118.5
4642,1,1,1,0,9,1,0,2,1,1,1,1,1,1,0,1,3,21.25,204.55,0,2,191.25
3495,0,0,0,0,22,1,2,2,1,1,1,1,1,1,2,0,3,26.25,605.9,0,2,577.5
4824,0,0,1,1,5,1,0,1,0,0,0,0,2,0,0,1,2,80.85,356.1,0,3,404.25
1850,0,1,0,0,30,1,2,1,2,2,2,0,0,0,0,0,1,91.7,2758.15,1,3,2751.0
1895,1,0,0,0,65,1,2,0,0,2,2,2,0,2,2,1,1,74.2,4805.65,0,1,4823.0
4568,0,0,0,0,45,1,2,1,0,0,2,2,0,0,0,1,2,87.25,3941.7,1,1,3926.25
4698,1,0,0,0,5,1,0,2,1,1,1,1,1,1,0,0,3,20.35,92.75,0,2,101.75
835,1,0,1,1,25,1,0,1,0,2,0,0,0,0,0,1,2,75.5,1901.05,0,3,1887.5
5356,0,0,1,1,72,1,2,1,2,0,0,0,0,0,2,0,0,79.05,5730.7,0,1,5691.599999999999
805,0,0,1,0,27,1,2,1,0,0,2,0,0,2,0,0,0,90.15,2423.4,0,3,2434.05
5380,1,0,1,1,32,0,1,0,0,0,2,0,2,2,0,0,1,50.6,1653.45,0,0,1619.2
4718,0,0,0,0,30,1,2,1,0,2,2,2,2,2,1,0,1,110.45,3327.05,0,3,3313.5
1732,1,0,1,0,70,1,0,1,2,2,2,2,0,2,2,0,1,101.0,7085.5,0,1,7070.0
900,1,1,0,0,42,1,2,1,0,2,0,0,0,0,0,1,0,79.35,3344.1,0,1,3332.7
5310,0,1,1,0,72,1,2,0,2,2,2,2,2,2,2,1,0,89.85,6697.35,0,1,6469.2
3062,0,0,0,0,47,1,2,0,2,0,2,2,0,0,2,1,3,65.0,2879.9,0,0,3055.0
4922,0,0,0,0,2,1,0,1,2,0,2,0,0,0,0,1,2,80.45,137.1,0,3,160.9
3627,1,0,0,0,10,1,2,1,2,0,0,0,2,2,0,0,2,98.55,1008.55,1,3,985.5
2828,0,0,1,1,61,1,2,2,1,1,1,1,1,1,2,1,3,24.1,1551.6,0,0,1470.1000000000001
1118,0,0,0,0,5,1,0,0,0,0,0,0,0,0,0,1,1,44.05,202.15,0,2,220.25
1715,0,1,1,0,72,1,2,1,0,2,2,2,2,2,2,1,1,110.8,7882.25,0,1,7977.599999999999
4917,1,1,1,1,72,1,2,1,2,2,2,2,2,2,2,1,0,114.95,8196.4,0,1,8276.4
2786,0,1,0,0,3,1,0,1,0,0,2,0,0,0,0,0,3,75.05,202.9,0,3,225.14999999999998
4558,1,0,1,0,48,1,0,2,1,1,1,1,1,1,2,0,3,19.25,855.1,0,0,924.0
5966,0,0,0,0,63,1,0,1,0,0,2,2,2,0,1,1,1,90.05,5817.0,0,1,5673.15
5849,0,0,0,0,27,1,0,0,2,2,0,0,0,0,0,1,3,56.7,1652.95,0,3,1530.9
6661,1,0,1,1,70,1,0,0,2,2,2,0,2,2,2,1,1,80.15,5600.15,0,1,5610.5
976,1,0,1,1,7,1,0,0,2,0,2,2,0,2,0,1,1,71.35,515.75,0,3,499.44999999999993
2176,1,0,0,1,0,1,0,2,1,1,1,1,1,1,2,0,3,20.25,1397.475,0,2,0.0
88,0,0,1,0,2,1,0,1,2,2,0,0,2,0,0,0,2,90.35,190.5,0,3,180.7
4743,1,1,0,0,20,1,2,1,0,0,2,0,2,2,0,1,2,98.55,1842.8,1,3,1971.0
4064,1,0,0,0,66,1,0,2,1,1,1,1,1,1,2,0,0,19.7,1253.8,0,0,1300.2
23,0,0,0,0,3,1,0,2,1,1,1,1,1,1,0,0,3,19.85,57.2,0,2,59.550000000000004
1482,0,0,0,1,15,1,0,1,0,2,0,0,0,2,0,1,0,85.9,1269.55,1,3,1288.5
4030,0,0,1,1,72,1,2,1,2,2,0,2,0,0,2,1,0,90.35,6563.4,0,1,6505.2
2823,1,0,0,0,1,1,0,2,1,1,1,1,1,1,0,0,3,20.8,20.8,0,2,20.8
1274,0,0,0,0,22,1,0,1,0,0,0,0,2,2,0,0,2,89.25,1907.85,1,3,1963.5
5238,1,0,1,0,3,1,0,1,0,0,0,0,0,0,0,1,2,70.3,208.85,1,3,210.89999999999998
875,0,0,1,1,72,1,2,0,2,0,2,2,0,0,2,0,0,66.85,4758.8,0,1,4813.2
5654,1,0,1,1,65,1,0,2,1,1,1,1,1,1,2,0,3,19.9,1292.6,0,0,1293.5
3313,0,0,0,0,11,0,1,0,0,0,0,0,2,0,0,1,3,35.8,363.15,0,2,393.79999999999995
3667,1,0,0,0,22,1,2,1,0,2,0,0,0,0,0,1,3,78.85,1600.25,0,3,1734.6999999999998
5553,1,0,0,0,14,1,0,2,1,1,1,1,1,1,1,0,0,20.4,275.7,0,2,285.59999999999997
6162,1,0,0,0,41,1,0,1,0,0,0,2,0,0,0,1,2,74.25,3089.1,0,3,3044.25
2190,1,0,1,0,17,1,0,0,2,2,0,0,0,2,1,0,3,64.8,1175.6,0,3,1101.6
5474,1,0,0,0,11,1,0,2,1,1,1,1,1,1,0,1,1,20.45,237.3,0,2,224.95
143,1,0,0,0,15,1,2,1,0,0,0,0,2,2,0,1,2,93.35,1444.65,1,3,1400.25
2742,0,0,0,0,1,1,0,2,1,1,1,1,1,1,0,0,3,19.9,19.9,1,2,19.9
4130,0,0,1,0,5,1,0,1,2,0,2,0,0,2,0,1,3,88.9,454.15,1,3,444.5
1372,1,0,1,0,33,1,0,1,0,0,2,0,2,2,1,1,2,95.8,3036.75,1,3,3161.4
6243,0,0,1,0,72,1,2,1,2,2,2,0,2,2,2,1,1,110.65,8065.65,0,1,7966.8
6691,0,0,1,1,3,0,1,0,0,2,0,0,0,2,0,0,3,40.3,92.5,0,2,120.89999999999999
5197,1,0,0,0,2,1,2,1,0,2,0,0,0,0,0,1,2,82.0,184.65,1,3,164.0
2646,0,0,1,0,59,1,2,1,2,2,2,2,0,2,1,1,1,107.0,6152.3,0,1,6313.0
206,1,0,0,0,2,1,0,0,0,0,0,0,0,0,0,0,2,45.35,89.5,1,2,90.7
4026,1,0,1,1,71,1,0,0,0,2,0,2,2,2,2,1,1,73.35,5154.5,0,1,5207.849999999999
5325,0,0,1,1,5,1,0,0,0,0,0,0,0,0,0,0,3,44.8,220.45,0,2,224.0
177,1,0,1,1,27,1,0,0,2,2,0,0,0,0,0,1,1,54.75,1510.3,0,3,1478.25
3274,0,0,0,0,1,1,0,0,0,0,0,2,0,0,0,1,2,52.2,52.2,1,2,52.2
3611,1,0,0,1,63,0,1,0,2,2,0,2,0,0,1,1,0,40.6,2588.95,0,0,2557.8
474,0,1,0,0,46,1,2,1,2,2,2,0,2,2,1,1,2,110.0,4874.8,1,1,5060.0
3521,1,0,1,1,72,1,2,0,2,0,0,0,0,0,2,0,0,55.3,3983.6,0,0,3981.6
1494,0,0,1,0,34,1,2,0,2,0,0,2,0,0,0,1,0,60.85,2003.6,0,3,2068.9
547,0,0,1,1,24,1,2,0,2,2,0,0,2,2,1,0,2,78.4,1832.4,0,3,1881.6000000000001
136,1,0,0,0,72,1,2,0,2,2,2,2,0,0,2,0,0,69.65,4908.25,0,1,5014.8
5074,0,0,1,1,60,0,1,0,2,0,2,2,2,2,2,0,1,59.85,3590.2,0,0,3591.0
2405,1,0,0,0,68,1,2,0,2,2,2,0,0,2,1,1,1,76.9,5023.0,0,1,5229.200000000001
4061,0,0,1,1,8,1,0,2,1,1,1,1,1,1,2,1,3,19.85,146.6,0,2,158.8
6959,0,0,0,1,34,1,0,0,2,0,2,2,2,0,2,0,1,67.65,2339.3,0,3,2300.1000000000004
2979,0,0,0,0,6,0,1,0,0,0,0,0,2,2,0,0,1,45.0,298.7,0,2,270.0
3662,1,0,1,0,2,1,0,0,0,2,0,2,0,2,0,1,3,64.2,143.65,0,3,128.4
1378,1,0,0,0,31,1,2,1,0,0,0,2,0,0,1,0,1,81.7,2548.65,0,3,2532.7000000000003
4459,0,0,1,1,20,1,2,2,1,1,1,1,1,1,0,1,0,25.55,507.4,0,2,511.0
2684,0,0,1,1,1,1,0,2,1,1,1,1,1,1,0,0,2,20.0,20.0,0,2,20.0
2099,1,0,0,0,62,1,2,1,0,0,2,0,2,2,1,1,2,96.75,6125.4,1,1,5998.5
4022,0,1,1,0,70,1,2,1,0,0,0,0,0,0,2,1,1,75.65,5411.4,0,1,5295.5
1000,0,0,0,0,10,1,2,1,0,0,0,2,2,2,0,1,2,98.5,1058.25,1,3,985.0
6259,1,0,1,1,39,1,2,2,1,1,1,1,1,1,2,1,3,23.8,903.8,0,0,928.2
2218,0,0,1,0,46,1,0,0,0,2,0,2,2,0,2,1,1,64.2,3009.5,0,0,2953.2000000000003
2191,1,0,0,0,6,1,0,1,0,2,0,0,2,0,0,1,2,85.35,489.45,1,3,512.0999999999999
6994,0,0,1,1,72,1,2,0,0,0,2,0,2,2,2,1,0,76.8,5468.45,0,1,5529.599999999999
5239,1,0,0,0,18,1,0,0,0,0,2,2,0,0,0,0,1,55.2,1058.1,0,3,993.6
1922,1,0,1,0,71,1,2,1,2,0,2,2,2,2,2,1,1,108.55,7616.0,0,1,7707.05
2993,1,0,1,0,40,1,2,1,0,2,0,0,2,2,0,1,2,101.3,4113.1,1,1,4052.0
1230,1,0,0,0,1,1,0,1,0,0,0,0,0,0,0,1,2,69.55,69.55,1,3,69.55
1533,1,0,0,0,58,1,2,1,0,2,2,0,2,2,1,1,0,103.25,6017.65,1,1,5988.5
3425,1,0,0,0,70,1,2,1,2,0,0,2,2,2,2,1,1,104.0,7250.15,1,1,7280.0
5758,0,0,1,0,42,1,2,2,1,1,1,1,1,1,2,0,2,25.25,1108.2,0,0,1060.5
2482,1,0,1,1,34,0,1,0,2,0,0,0,0,0,1,0,0,30.4,938.65,0,0,1033.6
3355,1,1,0,0,5,1,0,2,1,1,1,1,1,1,0,0,0,20.05,94.15,0,2,100.25
2236,0,0,0,0,25,1,2,1,0,0,0,0,2,0,0,1,3,84.6,2088.05,0,3,2115.0
4451,0,0,0,0,2,1,0,1,0,0,2,0,0,2,0,1,3,86.2,178.7,1,3,172.4
26,0,0,1,1,55,1,0,1,0,2,2,2,2,2,1,1,0,103.7,5656.75,0,1,5703.5
71,1,0,1,0,21,1,2,1,0,2,2,2,2,2,0,1,2,111.2,2317.1,1,3,2335.2000000000003
2926,1,0,1,0,70,1,2,1,2,2,0,2,0,0,2,1,1,88.0,5986.45,0,1,6160.0
2955,0,0,1,0,61,1,2,1,0,0,2,2,2,2,0,1,2,106.35,6751.35,0,1,6487.349999999999
3781,1,0,1,1,43,1,0,0,2,0,2,2,2,2,2,1,1,79.15,3566.6,0,1,3403.4500000000003
5658,1,0,0,0,47,1,2,1,0,2,2,0,2,2,1,1,2,103.1,4889.3,0,1,4845.7
181,1,0,0,0,5,1,0,0,0,0,2,2,2,0,0,1,1,63.95,318.1,0,3,319.75
3031,0,0,0,0,62,1,2,2,1,1,1,1,1,1,2,1,1,25.8,1563.95,0,0,1599.6000000000001
1586,0,0,1,1,16,1,0,1,0,2,2,0,2,0,0,1,1,89.45,1430.25,1,3,1431.2
2547,1,1,1,0,7,1,2,1,0,0,0,0,2,2,0,1,0,95.6,644.35,1,3,669.1999999999999
6464,0,0,1,1,14,1,2,2,1,1,1,1,1,1,0,0,3,25.55,372.45,0,2,357.7
2172,1,0,1,1,60,1,0,1,0,2,2,0,2,0,1,0,2,90.95,5453.4,1,1,5457.0
3795,1,0,1,1,34,0,1,0,0,0,2,2,2,0,0,1,2,44.85,1442.6,0,0,1524.9
6426,0,0,1,0,50,1,2,1,2,2,0,2,2,2,1,0,2,108.55,5610.7,1,1,5427.5
6801,1,0,1,1,38,1,2,2,1,1,1,1,1,1,2,0,1,25.05,963.95,0,0,951.9
2435,0,0,1,1,70,1,0,0,2,2,2,2,0,2,1,0,1,74.1,5222.3,0,1,5187.0
1835,0,0,1,1,37,1,2,1,0,2,0,0,2,0,0,1,2,88.8,3340.55,0,3,3285.6
6508,0,1,0,0,4,1,0,1,0,0,0,0,2,0,0,1,2,78.85,292.8,1,3,315.4
2974,1,1,1,1,60,1,2,1,2,2,0,0,0,2,0,1,2,93.25,5774.55,0,1,5595.0
5814,1,0,1,1,62,1,0,0,2,0,2,2,0,2,1,0,1,71.4,4487.3,0,1,4426.8
4960,1,0,0,0,1,1,0,0,0,0,0,0,0,0,0,0,3,44.4,44.4,1,2,44.4
4319,1,0,0,0,36,1,0,0,2,0,2,2,2,2,0,1,1,79.2,2854.95,0,3,2851.2000000000003
3225,1,0,0,0,44,1,0,2,1,1,1,1,1,1,2,0,1,20.4,905.55,0,0,897.5999999999999
496,0,1,0,0,55,1,2,1,0,0,2,0,2,2,1,1,2,100.0,5509.3,1,1,5500.0
263,0,0,1,0,72,1,2,1,2,0,2,0,2,2,2,1,1,105.0,7589.8,0,1,7560.0
704,0,0,1,1,12,1,0,2,1,1,1,1,1,1,1,0,0,19.8,229.6,1,2,237.60000000000002
4641,0,0,0,0,13,0,1,0,2,0,0,0,0,0,0,1,0,30.85,394.1,0,2,401.05
2110,1,0,0,0,1,1,0,1,0,0,0,0,2,2,0,1,2,89.9,89.9,1,3,89.9
286,0,0,1,1,15,1,0,2,1,1,1,1,1,1,1,0,3,20.55,295.95,0,2,308.25
4912,0,0,0,0,65,1,0,0,2,2,2,2,2,2,2,1,0,84.85,5459.2,0,1,5515.25
1588,0,0,1,1,12,0,1,0,2,0,0,2,0,0,1,0,1,33.15,444.75,0,2,397.79999999999995
6885,1,0,1,0,72,1,2,0,2,2,2,2,2,2,2,1,1,92.0,6782.15,0,1,6624.0
5258,0,0,1,1,72,1,2,0,2,2,2,2,2,2,2,0,1,89.8,6510.45,0,1,6465.599999999999
4266,0,0,1,1,72,1,2,1,2,2,2,2,2,2,2,1,0,115.8,8476.5,0,1,8337.6
1543,1,0,0,1,52,1,2,0,2,2,0,2,2,2,2,1,3,85.15,4461.85,0,1,4427.8
6150,1,0,0,0,2,1,2,2,1,1,1,1,1,1,0,0,3,24.85,62.0,0,2,49.7
5614,0,0,0,0,5,1,0,0,2,0,0,2,2,0,0,1,2,64.35,352.65,0,3,321.75
5469,0,0,0,0,68,1,0,2,1,1,1,1,1,1,2,0,1,20.5,1424.9,0,0,1394.0
1640,0,0,0,1,62,1,2,1,0,0,2,0,2,2,1,1,2,100.15,6413.65,1,1,6209.3
5937,1,0,0,0,72,1,2,0,2,2,0,2,2,2,2,0,1,86.05,6309.65,0,1,6195.599999999999
1498,1,0,0,0,1,1,0,0,0,2,0,0,0,0,0,0,2,50.8,50.8,1,2,50.8
2257,0,0,1,0,66,1,2,1,2,2,0,2,0,0,1,0,2,89.0,5898.6,0,1,5874.0
3744,1,0,1,1,72,0,1,0,2,2,2,2,2,2,2,1,1,64.8,4719.75,0,1,4665.599999999999
3361,1,0,0,0,26,1,0,2,1,1,1,1,1,1,1,0,1,19.8,457.3,0,2,514.8000000000001
6883,1,0,1,1,64,1,2,1,2,0,2,0,0,2,2,0,0,93.4,5822.3,0,1,5977.6
649,1,1,1,0,20,1,0,1,0,2,0,0,0,0,0,1,2,73.65,1463.5,1,3,1473.0
7010,0,0,0,0,3,1,0,1,0,2,0,0,2,2,0,1,2,95.1,307.4,1,3,285.29999999999995
2896,1,0,0,0,22,1,2,1,0,0,0,0,2,2,0,1,1,94.65,2104.55,1,3,2082.3
2568,1,0,1,0,4,1,0,1,0,0,2,2,0,0,0,1,3,80.6,319.15,1,3,322.4
669,1,0,1,0,62,0,1,0,0,0,0,2,2,0,2,1,0,39.0,2337.45,0,0,2418.0
1884,0,0,0,0,5,1,0,2,1,1,1,1,1,1,0,1,3,20.5,104.3,0,2,102.5
2313,1,0,1,0,59,1,2,1,0,0,0,0,0,2,1,0,2,85.55,5084.65,1,1,5047.45
208,1,0,0,1,3,1,2,2,1,1,1,1,1,1,2,1,3,26.4,121.25,0,2,79.19999999999999
1307,0,0,1,0,72,1,2,1,2,0,2,2,2,0,2,1,0,98.2,7015.9,0,1,7070.400000000001
1080,1,0,1,1,57,1,0,1,0,2,2,0,2,2,1,1,1,97.55,5598.0,0,1,5560.349999999999
1198,1,0,0,1,66,1,0,2,1,1,1,1,1,1,2,0,1,19.95,1269.1,0,0,1316.7
3581,0,0,0,0,60,0,1,0,0,2,0,0,2,2,0,1,2,50.8,3027.4,1,0,3048.0
3309,1,0,0,1,45,1,2,1,0,0,2,0,2,2,2,0,0,99.7,4634.35,0,1,4486.5
2122,0,0,0,0,3,0,1,0,0,0,0,0,2,0,0,1,1,34.8,113.95,0,2,104.39999999999999
119,0,0,0,0,15,1,0,1,2,0,2,2,2,2,0,0,2,105.1,1582.75,1,3,1576.5
5593,0,0,0,1,51,0,1,0,2,0,2,2,2,2,1,0,0,60.15,3077.0,0,0,3067.65
5636,0,0,0,0,60,1,2,0,2,0,2,2,0,0,1,0,2,64.75,4039.5,0,1,3885.0
6570,1,0,0,0,33,1,2,0,0,2,0,0,0,0,0,1,0,54.65,1665.2,0,0,1803.45
6947,1,0,0,0,10,1,0,1,2,2,2,2,2,2,0,1,2,110.1,1043.3,1,3,1101.0
2462,1,1,0,0,26,1,0,2,1,1,1,1,1,1,1,0,1,19.3,504.2,0,2,501.8
2746,0,0,0,0,6,1,0,1,0,0,2,0,0,2,0,0,2,83.9,497.55,1,3,503.40000000000003
2240,0,0,1,0,67,1,2,1,2,0,2,2,2,2,1,1,2,111.25,7511.65,0,1,7453.75
3658,0,0,1,1,49,0,1,0,2,0,0,2,0,0,1,1,1,35.8,1782.0,0,0,1754.1999999999998
3261,1,0,0,0,1,1,0,2,1,1,1,1,1,1,0,1,3,20.05,20.05,0,2,20.05
1440,0,1,0,0,7,1,0,1,0,0,2,0,2,0,0,1,2,84.35,609.65,0,3,590.4499999999999
865,0,1,0,0,27,1,2,1,2,2,2,0,2,2,1,1,0,110.5,2857.6,0,3,2983.5
30,1,0,1,1,37,1,0,1,0,0,0,0,2,2,1,0,1,91.2,3247.55,0,3,3374.4
5343,0,0,1,1,63,1,2,1,2,2,2,0,2,0,0,1,2,100.55,6215.35,1,1,6334.65
4172,1,0,1,1,31,1,2,1,2,0,2,2,0,0,0,0,2,89.3,2823.0,0,3,2768.2999999999997
2680,1,0,1,1,50,1,2,1,0,2,2,0,2,2,0,1,0,103.85,5017.9,1,1,5192.5
4441,1,1,0,0,32,1,2,1,0,0,2,0,0,0,0,1,1,81.1,2619.25,0,3,2595.2
6504,0,0,0,0,1,0,1,0,0,0,0,0,0,0,0,0,2,24.6,24.6,1,2,24.6
5675,0,0,1,0,63,1,2,1,0,0,0,2,0,0,1,1,1,81.2,4965.1,0,1,5115.6
500,1,0,0,0,30,1,2,1,2,2,0,0,0,2,0,1,1,94.3,2679.7,0,3,2829.0
6338,1,0,1,0,71,1,2,1,2,2,2,2,2,2,2,1,0,116.1,8310.55,0,1,8243.1
463,0,0,0,0,53,1,2,1,0,2,2,0,2,2,2,0,2,105.55,5682.25,0,1,5594.15
3015,0,0,0,0,12,1,0,1,2,0,0,2,2,2,0,1,0,98.9,1120.95,1,3,1186.8000000000002
1555,1,0,1,0,50,1,2,1,2,2,0,0,0,2,0,1,1,94.4,4914.9,0,1,4720.0
714,0,0,0,0,2,1,0,2,1,1,1,1,1,1,0,0,3,19.5,27.55,0,2,39.0
6853,0,0,0,0,9,1,2,1,0,0,2,0,2,2,0,0,1,98.3,923.5,1,3,884.6999999999999
1873,1,0,0,0,17,1,0,1,2,0,0,0,2,2,0,0,2,93.85,1625.65,1,3,1595.4499999999998
3750,0,0,1,0,56,1,0,1,2,2,2,0,2,2,1,1,1,105.6,6068.65,0,1,5913.599999999999
254,1,0,1,1,67,1,0,0,2,2,2,0,2,2,2,0,1,81.35,5398.6,0,1,5450.45
531,1,1,0,0,9,1,2,1,0,0,2,0,2,2,0,1,2,100.5,918.6,1,3,904.5
3939,1,0,0,0,4,1,0,0,0,0,0,0,2,0,0,1,2,56.4,234.85,0,2,225.6
182,1,0,0,0,19,1,0,0,0,2,0,2,0,2,1,1,0,65.35,1231.85,0,3,1241.6499999999999
3286,0,0,0,1,8,1,0,2,1,1,1,1,1,1,0,0,3,19.95,170.9,0,2,159.6
567,0,0,0,0,71,1,2,1,0,2,2,2,2,2,2,1,2,111.25,7984.15,0,1,7898.75
1283,1,1,0,0,10,1,0,1,0,2,0,0,0,0,0,1,2,72.85,688.65,1,3,728.5
5317,0,1,0,0,15,1,2,1,0,2,0,0,2,0,0,0,1,89.0,1288.3,0,3,1335.0
2715,1,0,1,1,72,1,2,1,2,0,2,0,2,2,1,1,0,106.1,7848.5,0,1,7639.2
4250,1,0,0,0,12,1,0,2,1,1,1,1,1,1,1,0,1,20.05,267.0,0,2,240.60000000000002
4278,1,0,1,1,72,1,2,2,1,1,1,1,1,1,2,1,0,25.2,1798.9,0,0,1814.3999999999999
4620,1,1,1,0,1,1,2,1,0,0,0,0,0,0,0,1,2,73.55,73.55,1,3,73.55
2779,0,1,0,0,23,1,0,1,2,0,0,0,0,0,0,1,0,75.4,1643.55,0,3,1734.2
2861,1,0,0,0,72,0,1,0,2,2,2,2,2,2,2,1,0,65.55,4807.45,0,1,4719.599999999999
4326,0,0,0,0,26,1,2,1,0,0,2,0,0,0,0,1,2,80.7,2193.0,0,3,2098.2000000000003
3640,0,0,0,0,21,1,0,1,0,2,2,2,2,2,1,1,3,104.55,2239.4,0,3,2195.5499999999997
5292,1,0,1,0,60,1,2,2,1,1,1,1,1,1,1,0,0,24.15,1505.9,0,0,1449.0
6315,1,0,0,0,12,1,0,2,1,1,1,1,1,1,0,0,3,20.45,255.35,0,2,245.39999999999998
3005,1,0,1,0,16,1,2,1,0,0,0,0,0,0,0,1,2,75.4,1189.4,0,3,1206.4
6490,0,0,1,0,63,1,2,0,2,2,0,0,2,2,1,1,1,79.7,4786.15,0,1,5021.1
3397,0,1,0,0,22,1,0,1,2,2,0,0,0,0,0,0,2,81.7,1820.9,0,3,1797.4
3839,0,0,1,1,32,1,0,0,2,2,2,2,0,2,0,0,0,76.3,2404.15,0,3,2441.6
5031,0,1,0,0,3,1,2,1,0,2,0,0,0,0,0,1,2,79.4,205.05,1,3,238.20000000000002
6780,0,0,0,0,13,1,0,1,0,2,2,0,0,0,0,1,2,81.15,952.3,1,3,1054.95
585,0,0,1,1,68,1,2,1,0,2,0,2,2,2,2,1,1,103.75,7039.45,0,1,7055.0
6232,0,0,1,1,30,1,0,1,0,0,2,0,0,2,1,0,2,86.45,2538.05,0,3,2593.5
3634,0,0,0,0,16,1,0,1,0,2,0,0,0,0,0,0,0,75.1,1212.85,0,3,1201.6
306,1,0,0,0,33,1,0,1,0,2,0,2,0,0,2,0,0,80.6,2651.1,0,3,2659.7999999999997
4093,1,0,1,0,72,1,0,2,1,1,1,1,1,1,2,0,1,19.3,1304.8,0,0,1389.6000000000001
3336,0,1,0,0,4,1,2,1,0,0,0,0,0,2,0,1,2,84.6,360.1,1,3,338.4
2947,0,0,0,0,12,0,1,0,2,0,0,2,0,0,1,1,3,33.6,435.45,0,2,403.20000000000005
4706,0,1,1,0,4,1,2,1,0,0,0,0,2,0,0,1,2,83.25,308.05,0,3,333.0
4054,0,0,1,1,0,1,0,0,2,2,2,0,2,2,2,0,3,80.85,1397.475,0,3,0.0
4540,0,0,0,0,6,1,2,1,2,0,0,0,0,0,0,1,2,79.05,434.5,1,3,474.29999999999995
1855,0,0,1,0,65,1,2,1,0,2,2,2,2,2,1,1,1,108.05,7118.9,0,1,7023.25
225,0,0,0,0,15,1,0,2,1,1,1,1,1,1,0,0,3,19.9,320.45,0,2,298.5
566,0,0,0,1,24,1,0,2,1,1,1,1,1,1,1,0,0,21.05,531.55,0,2,505.20000000000005
549,0,0,0,1,13,0,1,0,0,2,0,0,0,0,0,0,2,30.15,382.2,0,2,391.95
5358,1,0,0,0,24,1,0,1,0,0,0,0,0,2,0,1,1,79.85,2001.0,0,3,1916.3999999999999
4333,0,0,1,0,72,0,1,0,2,2,2,2,2,2,2,0,0,65.5,4919.7,0,1,4716.0
4508,0,0,1,1,54,1,2,1,2,2,0,0,2,2,0,1,0,104.1,5645.8,0,1,5621.4
4739,0,0,0,0,3,1,2,1,0,0,0,0,0,0,0,0,0,74.4,215.8,1,3,223.20000000000002
4420,1,0,1,1,4,1,0,2,1,1,1,1,1,1,0,1,3,20.5,77.6,0,2,82.0
6978,0,1,1,1,32,1,2,1,0,0,2,0,2,0,0,1,3,91.35,2896.55,0,3,2923.2
5001,1,1,0,0,35,1,2,1,0,0,2,0,2,2,0,1,2,99.05,3395.8,1,3,3466.75
4375,1,0,1,1,35,1,0,2,1,1,1,1,1,1,2,0,0,20.5,759.35,0,0,717.5
2951,1,1,0,0,2,1,0,0,0,0,0,0,0,0,0,0,3,44.95,85.15,1,2,89.9
6057,0,0,0,0,8,1,0,1,0,2,0,0,0,0,0,0,2,75.6,535.55,0,3,604.8
6001,1,0,0,0,22,1,0,0,2,0,0,2,0,0,0,0,3,55.1,1253.15,0,3,1212.2
579,0,0,0,0,15,1,0,0,2,0,2,2,0,0,0,0,2,58.95,955.15,0,3,884.25
3830,1,0,0,0,22,1,2,1,0,0,0,0,2,2,0,1,2,95.1,2162.6,0,3,2092.2
6646,1,0,1,0,1,1,0,0,0,0,0,0,0,0,0,0,1,44.7,44.7,1,2,44.7
2285,0,0,1,1,71,1,2,2,1,1,1,1,1,1,2,0,0,25.45,1813.35,0,0,1806.95
5950,1,0,0,0,4,1,0,0,2,0,2,0,0,0,0,0,2,56.75,245.15,0,2,227.0
2813,1,0,0,0,25,1,2,0,2,2,2,2,0,2,0,0,0,81.75,2028.8,0,3,2043.75
4012,0,0,1,1,32,1,0,1,0,2,0,0,2,0,0,1,2,86.1,2723.75,0,3,2755.2
1948,1,1,1,0,7,0,1,0,2,0,0,0,0,0,0,0,0,29.8,220.45,0,2,208.6
3060,1,0,0,0,17,1,0,2,1,1,1,1,1,1,1,1,3,20.5,365.8,0,2,348.5
6673,1,1,1,0,8,1,0,0,2,0,0,0,2,0,0,0,0,60.9,551.95,0,3,487.2
3422,0,1,0,0,56,1,2,0,2,0,2,2,0,2,2,0,0,73.25,4054.2,0,1,4102.0
6441,1,0,0,0,1,1,0,0,0,0,0,0,0,0,0,1,3,45.7,45.7,1,2,45.7
6969,1,1,0,0,8,1,0,1,2,0,0,2,2,2,0,0,1,100.3,832.35,1,3,802.4
3166,1,0,0,0,7,1,0,2,1,1,1,1,1,1,0,0,2,19.25,112.3,1,2,134.75
5513,1,0,0,1,3,1,0,2,1,1,1,1,1,1,0,0,3,20.85,60.65,0,2,62.550000000000004
2401,0,0,0,0,71,1,0,0,2,2,2,2,2,0,2,0,1,77.35,5550.1,0,1,5491.849999999999
2203,0,0,0,0,2,1,2,1,0,0,0,0,2,2,0,1,2,96.0,174.8,1,3,192.0
5184,0,0,0,0,1,1,0,1,0,0,0,0,2,2,0,0,2,90.55,90.55,1,3,90.55
3526,1,0,1,0,49,1,2,1,2,2,0,0,2,0,0,1,0,93.85,4733.1,0,1,4598.65
373,1,0,0,0,58,1,0,0,0,2,2,2,2,0,2,0,0,70.1,4048.95,0,1,4065.7999999999997
6305,1,1,1,0,44,0,1,0,0,2,0,0,0,0,0,1,2,30.35,1359.7,1,0,1335.4
407,0,0,1,1,59,1,0,0,0,2,0,2,2,2,2,1,1,75.95,4542.35,0,1,4481.05
1958,1,0,0,0,71,1,2,1,2,0,2,2,2,2,2,1,2,108.05,7532.15,1,1,7671.55
4154,1,0,0,0,1,1,0,1,0,0,0,0,0,0,0,1,2,69.9,69.9,1,3,69.9
4158,0,0,0,0,11,1,2,1,0,0,0,0,0,0,0,0,2,75.25,888.65,0,3,827.75
4716,1,1,1,0,62,1,2,1,0,2,2,0,2,2,1,1,2,103.75,6383.35,1,1,6432.5
4578,0,0,1,1,35,1,0,0,2,0,0,2,0,0,1,1,0,54.95,1916.0,0,0,1923.25
2319,0,0,0,0,20,1,0,2,1,1,1,1,1,1,0,1,0,19.5,413.0,0,2,390.0
762,1,0,1,1,40,1,0,2,1,1,1,1,1,1,2,0,3,19.6,808.95,0,0,784.0
1707,0,0,0,0,39,1,0,0,2,0,0,0,0,0,1,1,2,47.85,1886.4,0,0,1866.15
6069,1,0,0,0,1,1,2,1,0,0,0,0,0,2,0,1,2,86.6,86.6,1,3,86.6
5799,0,0,1,1,72,1,2,2,1,1,1,1,1,1,2,0,0,23.75,1679.25,0,0,1710.0
6593,0,1,1,0,33,1,2,1,0,2,0,0,0,0,0,1,0,80.6,2656.5,1,3,2659.7999999999997
1781,0,0,0,0,12,1,0,0,0,0,0,0,0,0,0,0,0,43.8,540.95,0,2,525.5999999999999
2607,1,0,0,0,1,1,0,2,1,1,1,1,1,1,0,0,0,19.75,19.75,0,2,19.75
6382,1,0,0,1,27,1,0,2,1,1,1,1,1,1,0,0,3,19.15,537.35,0,2,517.05
2296,1,0,1,1,34,1,0,2,1,1,1,1,1,1,1,0,1,19.6,678.8,0,2,666.4000000000001
824,0,0,1,0,56,1,0,1,2,0,2,0,0,0,2,0,0,80.3,4513.65,0,1,4496.8
5933,0,0,0,0,58,1,2,2,1,1,1,1,1,1,2,0,1,24.35,1423.85,0,0,1412.3000000000002
3444,0,0,1,1,22,1,2,2,1,1,1,1,1,1,2,0,1,25.25,555.4,0,2,555.5
6434,0,0,1,1,10,1,2,2,1,1,1,1,1,1,2,0,1,26.1,225.55,0,2,261.0
5174,1,0,0,0,13,1,0,2,1,1,1,1,1,1,2,0,1,20.0,268.45,0,2,260.0
2701,0,0,0,0,35,1,2,1,0,2,0,2,0,0,0,0,1,85.3,2917.5,1,3,2985.5
4713,0,0,0,0,34,1,0,1,0,0,0,0,0,0,0,1,1,70.0,2416.1,1,3,2380.0
949,0,1,0,0,4,1,2,1,0,0,0,0,2,2,0,1,2,94.3,424.45,1,3,377.2
1747,1,0,1,0,72,1,0,2,1,1,1,1,1,1,2,0,0,20.7,1492.1,0,0,1490.3999999999999
2263,1,0,0,0,2,1,0,0,0,0,0,2,2,2,0,0,2,70.3,132.4,0,3,140.6
5932,0,0,0,0,7,1,0,1,0,0,2,0,2,2,0,1,2,95.35,660.9,1,3,667.4499999999999
1338,1,1,1,0,27,1,2,1,0,0,0,0,0,0,0,1,2,75.5,1893.95,1,3,2038.5
5773,1,0,1,1,4,1,0,1,0,0,0,0,0,0,0,1,3,69.55,284.9,0,3,278.2
6303,0,0,0,0,37,1,0,2,1,1,1,1,1,1,2,0,3,19.85,784.25,0,0,734.45
5014,1,0,0,0,21,1,0,2,1,1,1,1,1,1,0,0,3,20.0,417.7,0,2,420.0
1974,0,1,1,0,53,1,2,1,0,0,0,0,2,2,1,1,1,95.85,5016.25,0,1,5080.049999999999
6706,0,0,0,0,18,1,2,1,0,0,0,2,0,2,0,1,2,90.1,1612.75,1,3,1621.8
4969,0,0,0,0,2,1,0,1,0,0,0,0,0,0,0,0,2,68.95,119.75,1,3,137.9
6236,1,0,1,1,32,1,2,1,2,0,0,0,2,2,0,1,1,99.55,3204.65,1,3,3185.6
4555,1,1,1,0,23,1,0,2,1,1,1,1,1,1,1,1,2,20.75,485.2,0,2,477.25
634,1,0,0,0,3,1,0,0,2,0,0,0,0,0,0,1,3,50.15,160.85,0,2,150.45
4687,0,0,1,1,71,0,1,0,2,2,0,2,2,2,2,0,3,58.65,4145.25,0,1,4164.15
5268,1,0,0,0,9,1,0,1,0,0,0,2,2,2,0,1,0,95.9,827.45,0,3,863.1
2849,0,0,0,0,1,1,0,0,0,2,0,0,0,0,0,0,2,49.5,49.5,0,2,49.5
3287,1,0,1,1,18,1,0,0,0,0,2,0,0,2,0,0,2,57.45,990.85,1,3,1034.1000000000001
2712,1,0,1,1,12,1,0,0,0,0,0,0,0,2,1,0,1,53.65,696.35,1,2,643.8
5436,1,0,1,0,71,1,2,0,2,2,2,2,0,2,2,1,3,80.1,5585.4,0,1,5687.099999999999
6585,0,0,0,0,64,1,2,2,1,1,1,1,1,1,1,1,0,24.4,1601.2,0,0,1561.6
2635,1,0,0,0,4,0,1,0,0,0,0,2,0,2,0,1,2,40.05,162.45,0,2,160.2
6609,0,0,0,0,23,1,0,2,1,1,1,1,1,1,0,1,3,19.5,470.2,0,2,448.5
1005,0,0,1,1,39,1,0,0,2,0,0,0,0,0,0,0,1,51.05,2066.0,0,0,1990.9499999999998
2394,1,0,1,0,28,1,0,0,2,0,0,2,0,0,1,0,3,54.35,1426.45,0,3,1521.8
5865,0,1,0,0,5,1,0,1,0,2,0,0,2,0,0,1,2,84.7,392.5,0,3,423.5
5285,0,1,1,0,45,1,0,1,0,0,2,0,0,2,0,1,2,86.1,3861.45,0,1,3874.4999999999995
5088,1,0,0,0,37,1,0,1,0,0,0,0,0,0,0,1,3,70.35,2552.9,0,3,2602.95
5587,0,1,1,0,60,1,0,1,2,2,2,2,2,2,2,1,0,110.0,6668.35,0,1,6600.0
3395,1,1,0,0,8,1,2,1,0,0,2,0,2,2,0,1,2,100.6,819.4,1,3,804.8
4787,0,0,0,0,47,1,2,1,2,0,2,0,2,0,1,0,1,94.9,4615.25,0,1,4460.3
5983,1,0,1,1,26,1,2,1,0,0,0,0,2,0,0,1,2,83.75,2070.6,1,3,2177.5
2930,0,1,1,1,3,1,0,1,2,0,0,2,2,0,0,1,3,88.3,273.75,1,3,264.9
5916,0,0,1,1,50,1,0,1,0,0,0,0,0,0,0,1,0,69.75,3557.7,0,1,3487.5
932,1,0,1,1,27,1,2,0,0,0,0,2,2,2,0,0,0,71.6,1957.1,0,3,1933.1999999999998
2914,0,1,0,0,8,1,0,1,0,0,2,0,2,2,0,1,2,92.1,729.95,1,3,736.8
1801,0,0,1,0,62,1,2,2,1,1,1,1,1,1,2,0,0,23.65,1416.75,0,0,1466.3
5784,0,0,1,0,71,1,0,0,2,0,2,2,2,2,2,0,0,81.85,5924.4,0,1,5811.349999999999
1200,1,0,0,0,66,1,2,2,1,1,1,1,1,1,2,0,3,25.1,1697.7,0,0,1656.6000000000001
4572,1,0,1,1,68,1,2,1,2,2,2,2,2,2,2,1,0,114.7,7849.85,0,1,7799.6
3196,0,0,0,0,13,0,1,0,0,0,2,0,2,2,0,0,2,49.15,649.4,0,2,638.9499999999999
3433,1,0,1,0,56,1,0,1,0,0,0,0,0,2,1,1,2,80.9,4557.5,0,1,4530.400000000001
7013,1,0,1,0,38,1,0,1,2,2,0,0,0,0,0,1,2,79.45,3013.05,1,3,3019.1
852,1,1,0,0,14,1,0,1,0,0,0,0,2,2,0,0,1,90.45,1266.1,1,3,1266.3
1287,0,0,0,1,16,1,0,2,1,1,1,1,1,1,1,1,0,19.3,360.35,0,2,308.8
5186,0,0,1,1,14,1,0,1,0,0,0,0,0,0,0,0,2,70.2,1046.5,0,3,982.8000000000001
3445,1,0,1,1,32,1,0,1,0,0,0,0,0,0,0,1,0,69.75,2347.9,1,3,2232.0
2345,0,0,0,0,8,1,0,0,2,0,0,2,0,0,1,0,0,54.25,447.75,0,2,434.0
2464,0,0,1,1,43,1,2,1,0,0,2,0,2,2,0,1,0,99.3,4209.95,0,1,4269.9
548,0,0,0,0,52,1,2,0,2,0,2,2,2,0,1,0,1,74.0,3877.65,0,1,3848.0
2833,1,0,0,0,3,1,0,0,0,0,0,2,0,0,0,1,3,50.25,152.3,0,2,150.75
1951,1,0,0,0,29,1,0,2,1,1,1,1,1,1,1,1,3,19.8,572.2,0,2,574.2
5917,0,0,0,0,1,1,0,2,1,1,1,1,1,1,0,0,3,19.65,19.65,1,2,19.65
879,1,1,0,0,12,0,1,0,0,0,2,2,0,2,0,1,2,43.65,526.95,1,2,523.8
2704,0,0,1,1,16,0,1,0,0,0,0,0,0,2,0,1,1,35.5,552.7,0,2,568.0
4987,0,0,0,0,40,1,2,0,0,0,2,2,2,2,1,1,3,80.75,3208.65,0,3,3230.0
4021,0,0,0,0,5,0,1,0,0,0,2,0,0,2,0,0,2,39.5,210.75,1,2,197.5
4239,1,0,1,0,40,1,2,1,0,0,0,0,2,2,0,1,0,97.1,3706.95,1,1,3884.0
2434,0,0,0,0,36,1,0,2,1,1,1,1,1,1,1,0,3,19.55,620.75,0,0,703.8000000000001
4931,0,0,0,0,5,1,0,1,0,0,0,0,0,2,0,1,2,80.0,412.5,1,3,400.0
1112,0,0,0,0,10,1,0,1,2,0,0,0,2,0,0,1,3,84.7,832.05,1,3,847.0
1402,1,0,1,1,2,1,0,1,0,0,0,0,2,2,0,1,0,89.55,185.55,1,3,179.1
248,1,0,0,0,23,1,2,1,0,0,0,2,2,0,0,1,2,90.6,1943.2,1,3,2083.7999999999997
4323,1,0,1,1,26,1,0,2,1,1,1,1,1,1,1,1,0,20.05,505.9,0,2,521.3000000000001
3408,0,1,1,0,72,1,2,1,2,2,2,0,2,2,2,1,2,112.4,8046.85,0,1,8092.8
1176,0,0,1,0,34,1,0,0,0,0,0,2,0,0,0,0,0,50.2,1815.3,0,0,1706.8000000000002
5086,1,0,0,0,10,1,0,0,2,0,0,2,2,0,0,0,0,62.25,612.95,0,3,622.5
2677,0,0,0,0,14,1,0,0,2,0,0,2,0,0,1,0,3,55.7,795.15,0,2,779.8000000000001
432,0,0,0,0,23,1,2,1,2,0,0,0,2,0,0,1,0,90.05,2169.8,1,3,2071.15
6798,1,0,1,0,47,1,0,2,1,1,1,1,1,1,2,0,3,19.65,973.1,0,0,923.55
5005,1,0,1,0,24,1,0,1,2,0,0,2,0,2,0,1,2,89.25,2210.2,0,3,2142.0
3931,1,0,1,0,49,1,2,1,0,2,0,0,2,2,0,1,0,99.05,4853.75,1,1,4853.45
6279,1,1,0,0,20,1,0,0,2,0,0,2,0,0,1,0,3,54.0,1055.9,0,2,1080.0
4370,0,0,0,0,2,1,0,1,0,0,0,0,0,0,0,0,0,69.75,144.55,1,3,139.5
2168,0,0,0,0,2,1,0,0,0,2,0,0,0,0,0,1,1,49.05,91.1,1,2,98.1
5518,1,0,0,0,22,0,1,0,0,0,2,2,2,2,2,0,0,56.75,1304.85,0,3,1248.5
445,1,0,0,0,7,1,2,1,0,0,2,0,2,2,0,1,0,98.05,713.0,1,3,686.35
1433,1,0,0,0,1,1,0,2,1,1,1,1,1,1,0,0,3,21.1,21.1,0,2,21.1
2943,0,0,1,1,59,1,2,1,0,2,0,2,0,2,0,1,0,96.65,5580.8,0,1,5702.35
2893,0,0,1,1,58,1,2,2,1,1,1,1,1,1,1,1,1,24.5,1497.9,0,0,1421.0
3046,0,0,0,0,41,1,2,1,2,2,2,2,2,2,0,1,0,114.5,4527.45,1,1,4694.5
6941,0,1,0,0,59,1,2,1,0,2,0,0,0,0,2,1,1,79.2,4590.35,0,1,4672.8
308,0,0,1,1,3,1,0,1,0,0,0,0,0,0,0,1,2,69.55,200.2,0,3,208.64999999999998
185,1,0,0,0,32,1,0,2,1,1,1,1,1,1,2,1,0,20.05,614.45,0,2,641.6
1188,1,1,1,0,46,1,2,1,0,0,2,0,2,2,0,1,2,98.85,4564.9,0,1,4547.099999999999
3052,1,0,1,1,0,1,2,2,1,1,1,1,1,1,2,0,3,25.75,1397.475,0,2,0.0
6962,1,0,0,0,2,1,0,1,0,0,0,0,0,2,0,1,2,80.95,171.15,1,3,161.9
6475,0,0,1,1,52,1,0,2,1,1,1,1,1,1,1,0,1,19.6,1012.4,0,0,1019.2
3097,0,1,0,0,13,1,0,1,0,0,2,0,0,0,0,1,2,74.3,940.35,1,3,965.9
6357,0,1,0,0,11,1,0,1,0,0,0,0,2,2,0,0,0,89.7,1047.7,1,3,986.7
5144,1,0,0,0,32,1,2,1,2,0,0,2,0,0,0,0,0,87.65,2766.4,0,3,2804.8
5003,1,1,1,0,17,1,2,1,0,0,2,0,2,2,0,1,1,100.45,1622.45,1,3,1707.65
3168,0,0,0,0,16,1,2,1,0,0,0,0,0,0,0,1,1,74.75,1129.35,0,3,1196.0
6377,0,0,0,0,51,1,2,1,2,2,2,0,2,2,1,0,0,107.45,5680.9,0,1,5479.95
4123,1,0,0,0,29,1,0,0,0,0,2,2,2,2,1,1,0,75.35,2243.9,0,3,2185.1499999999996
6060,1,0,1,0,70,1,0,0,2,2,2,2,0,0,2,0,1,64.95,4523.25,0,1,4546.5
6115,0,0,1,1,71,1,2,1,2,0,2,2,0,2,2,0,2,100.45,7159.7,0,1,7131.95
922,1,0,1,1,41,1,2,0,0,2,2,0,2,0,1,0,0,68.5,2839.95,0,0,2808.5
5274,1,0,0,0,1,1,0,1,0,0,0,0,2,0,0,1,2,80.55,80.55,0,3,80.55
3247,0,0,1,0,7,1,0,0,2,0,2,2,2,2,0,0,0,81.25,580.1,0,3,568.75
3211,1,0,1,1,25,1,0,1,0,0,0,0,2,2,1,1,2,90.4,2178.6,1,3,2260.0
6857,1,0,1,1,67,1,2,1,2,2,0,2,0,0,1,0,2,89.55,6038.55,0,1,5999.849999999999
4918,1,0,1,1,5,1,2,0,0,0,0,2,0,0,0,1,3,55.7,259.4,0,2,278.5
6748,1,0,0,1,15,1,2,2,1,1,1,1,1,1,0,1,2,24.8,324.15,0,2,372.0
3307,0,0,1,1,20,1,0,2,1,1,1,1,1,1,0,0,2,20.0,417.65,0,2,400.0
6244,1,0,1,1,3,1,0,0,0,2,2,0,0,0,0,1,3,56.15,168.15,1,2,168.45
5487,1,0,1,1,54,1,2,1,0,2,0,2,2,2,1,1,2,105.2,5637.85,0,1,5680.8
6154,1,0,0,0,42,1,0,2,1,1,1,1,1,1,1,1,3,19.55,839.4,0,0,821.1
5232,0,0,1,0,9,1,0,1,0,0,0,0,0,2,0,1,2,79.75,769.1,0,3,717.75
2917,0,0,0,0,63,1,2,1,0,2,0,0,2,2,2,0,0,97.45,6253.0,0,1,6139.35
665,0,0,1,0,69,1,2,2,1,1,1,1,1,1,2,0,0,24.25,1641.8,0,0,1673.25
6613,0,0,0,0,69,1,2,2,1,1,1,1,1,1,2,0,1,24.6,1678.05,0,0,1697.4
2366,1,0,1,0,40,1,0,0,0,2,0,0,0,0,0,1,3,50.15,2058.5,0,0,2006.0
222,1,0,0,0,60,0,1,0,2,2,2,0,0,0,2,0,0,39.6,2424.5,0,0,2376.0
6872,0,0,0,0,4,1,0,1,2,0,2,2,0,2,0,1,0,94.4,387.2,1,3,377.6
1471,0,1,0,0,71,1,2,0,2,2,2,2,2,2,2,0,3,89.85,6293.45,0,1,6379.349999999999
5415,0,0,1,0,37,1,2,1,0,0,2,0,0,0,0,1,1,78.95,2839.65,1,3,2921.15
2311,1,0,1,0,32,1,2,1,0,2,0,0,2,2,0,1,1,98.85,3145.9,0,3,3163.2
880,1,0,0,0,39,1,2,0,0,0,0,2,0,0,2,1,1,53.85,2200.7,0,0,2100.15
5997,0,0,0,0,38,1,2,2,1,1,1,1,1,1,1,1,2,24.25,914.4,0,0,921.5
4901,1,0,0,0,52,1,2,1,0,0,2,0,0,2,2,1,1,89.45,4577.75,0,1,4651.400000000001
4888,0,0,1,1,48,1,2,1,2,2,0,0,2,2,0,1,1,105.25,4997.5,0,1,5052.0
1011,1,0,1,1,70,0,1,0,2,0,2,2,2,2,2,0,0,59.5,4144.8,0,1,4165.0
710,1,0,0,0,20,1,0,1,0,0,0,0,0,0,0,0,1,70.55,1493.55,0,3,1411.0
2586,0,0,0,0,50,1,2,0,2,0,2,2,2,2,1,1,1,82.5,4179.1,0,1,4125.0
2864,0,0,0,0,19,0,1,0,0,0,0,0,2,2,1,1,1,44.85,893.55,1,2,852.15
43,1,0,1,1,25,1,0,0,2,2,2,0,0,0,1,1,0,61.6,1611.0,0,3,1540.0
6219,1,0,0,0,12,1,0,0,0,2,0,0,0,0,0,1,0,49.05,593.05,0,2,588.5999999999999
5770,1,1,1,0,39,1,2,1,0,2,2,0,2,2,0,1,2,105.65,4284.8,1,1,4120.35
631,1,0,0,0,7,1,0,1,0,0,2,0,0,0,0,0,3,74.65,544.55,1,3,522.5500000000001
6563,0,0,1,1,23,1,0,0,2,2,2,2,0,0,1,1,3,66.25,1533.8,0,3,1523.75
57,1,0,0,0,27,1,0,2,1,1,1,1,1,1,0,1,2,19.4,529.8,0,2,523.8
2410,1,1,0,0,47,1,2,1,0,0,0,0,2,0,0,1,1,86.05,3865.6,0,1,4044.35
4146,1,0,1,1,26,1,0,2,1,1,1,1,1,1,2,1,1,19.15,515.75,0,2,497.9
5870,0,0,1,0,14,1,2,0,2,0,0,0,2,0,0,1,0,64.7,941.0,1,3,905.8000000000001
3754,0,1,1,0,11,1,2,1,0,0,2,2,2,2,0,1,0,104.05,1133.65,1,3,1144.55
2202,1,0,0,1,2,1,0,2,1,1,1,1,1,1,0,0,3,19.25,48.35,0,2,38.5
1504,0,0,1,1,26,1,0,1,2,2,0,0,0,0,0,0,2,81.95,2070.05,0,3,2130.7000000000003
1209,0,1,1,0,72,1,2,1,2,2,2,2,2,2,2,1,0,114.65,8333.95,0,1,8254.800000000001
4697,0,0,1,1,63,1,0,2,1,1,1,1,1,1,2,0,1,20.0,1209.25,0,0,1260.0
565,1,0,1,1,71,1,0,2,1,1,1,1,1,1,2,0,3,19.8,1396.25,0,0,1405.8
527,1,0,1,1,11,1,2,0,2,0,0,0,2,0,0,1,0,65.15,723.35,0,3,716.6500000000001
2148,1,1,1,0,14,1,0,2,1,1,1,1,1,1,1,0,3,19.65,228.65,0,2,275.09999999999997
6727,0,0,0,1,13,1,2,0,2,2,2,2,2,2,2,0,1,88.95,1161.75,0,3,1156.3500000000001
1123,1,0,0,1,6,1,0,2,1,1,1,1,1,1,0,1,3,20.2,98.35,0,2,121.19999999999999
1688,1,1,1,1,11,1,2,1,0,0,0,0,0,0,0,1,1,75.2,775.3,0,3,827.2
1677,1,0,1,0,18,1,2,0,0,2,0,0,0,0,0,0,1,56.8,1074.65,0,3,1022.4
573,1,0,0,0,1,0,1,0,0,0,0,0,0,2,0,1,2,35.55,35.55,1,2,35.55
2461,0,0,1,0,32,1,0,1,2,0,0,0,0,0,0,1,0,75.5,2324.7,0,3,2416.0
986,1,0,0,0,29,0,1,0,2,0,0,2,0,0,1,0,3,35.6,1072.6,0,2,1032.4
279,0,0,0,0,3,1,2,0,0,0,0,0,2,0,0,1,2,60.25,170.5,0,3,180.75
5572,0,0,0,0,2,1,2,1,0,0,0,0,2,2,0,1,2,95.15,196.9,1,3,190.3
6249,1,0,1,1,13,1,0,1,0,0,2,0,2,2,0,1,3,96.65,1162.85,1,3,1256.45
6227,0,0,0,0,41,0,1,0,0,2,0,0,0,2,0,1,2,40.35,1677.85,0,0,1654.3500000000001
6350,0,0,0,0,1,1,0,2,1,1,1,1,1,1,0,0,2,18.85,18.85,0,2,18.85
3019,1,0,0,0,7,1,0,0,0,0,0,0,2,0,0,0,3,54.85,370.4,0,2,383.95
6205,0,0,1,0,52,1,0,0,2,0,2,0,2,0,1,1,3,64.3,3410.6,0,0,3343.6
5894,0,0,1,1,45,1,2,2,1,1,1,1,1,1,2,1,0,24.65,1138.8,0,0,1109.25
4877,1,0,1,0,70,1,2,0,0,2,2,2,2,0,2,0,1,76.1,5264.25,0,1,5327.0
421,0,0,0,0,53,1,0,2,1,1,1,1,1,1,2,0,3,18.7,1005.7,0,0,991.0999999999999
3739,0,1,1,0,62,1,2,1,0,2,2,0,2,0,1,1,1,97.95,5936.55,0,1,6072.900000000001
3793,0,0,1,0,60,1,2,1,2,2,0,0,0,2,0,1,1,94.1,5475.9,0,1,5646.0
2869,0,1,1,0,3,1,0,1,0,0,0,0,2,0,0,1,2,80.4,224.05,1,3,241.20000000000002
4427,0,1,1,0,23,1,0,1,2,0,0,0,2,2,0,1,2,95.1,2326.05,0,3,2187.2999999999997
4149,1,0,0,1,1,0,1,0,0,2,0,0,0,0,0,1,3,31.35,31.35,1,2,31.35
6582,0,0,0,0,67,1,0,0,2,0,2,2,0,2,1,1,0,72.35,4991.5,0,1,4847.45
84,0,0,0,0,12,1,2,1,0,2,0,0,2,0,0,1,0,89.75,1052.4,1,3,1077.0
3353,0,1,1,0,71,1,2,0,2,2,2,2,0,2,2,1,0,82.7,5831.2,0,1,5871.7
4593,1,0,0,0,25,1,0,2,1,1,1,1,1,1,1,0,1,19.9,510.8,0,2,497.49999999999994
5068,0,0,0,0,5,1,2,0,2,0,0,0,0,0,0,1,2,53.8,283.95,0,2,269.0
2936,1,0,0,0,26,1,2,0,0,0,0,0,0,0,1,1,1,51.55,1295.4,0,2,1340.3
3948,1,0,1,1,1,1,0,2,1,1,1,1,1,1,1,0,3,19.65,19.65,0,2,19.65
883,1,1,0,0,70,0,1,0,0,2,2,0,2,0,1,1,1,44.05,3011.65,0,0,3083.5
6445,1,0,1,1,72,1,2,1,2,2,2,2,2,2,2,1,2,114.0,8093.15,0,1,8208.0
4450,1,0,1,0,60,1,0,1,0,2,0,0,2,2,1,1,2,94.4,5610.25,1,1,5664.0
1124,0,1,1,1,32,1,2,1,0,2,0,0,2,2,0,1,2,100.4,3217.65,0,3,3212.8
63,1,0,0,0,1,1,0,2,1,1,1,1,1,1,0,1,2,19.85,19.85,1,2,19.85
4974,0,0,0,0,14,1,2,0,0,2,0,0,0,0,1,1,3,54.25,773.2,0,2,759.5
928,0,0,0,0,13,1,2,1,2,0,0,0,0,0,0,1,1,80.0,1029.35,0,3,1040.0
2806,0,0,0,0,6,1,2,1,0,2,2,2,2,2,0,1,1,109.9,669.45,1,3,659.4000000000001
2041,0,0,0,0,46,1,2,0,2,0,2,0,2,2,2,0,3,79.2,3593.8,0,1,3643.2000000000003
77,1,0,0,0,15,1,0,1,0,0,2,2,2,2,0,1,2,101.35,1553.95,1,3,1520.25
3885,1,1,1,0,43,1,2,1,0,2,0,2,2,0,0,1,2,94.3,3953.15,0,1,4054.9
3413,1,0,0,0,39,1,0,0,0,0,0,2,0,0,2,1,0,49.8,1971.15,0,0,1942.1999999999998
5957,1,1,0,0,21,1,0,0,0,0,2,0,2,0,0,1,0,60.05,1236.15,1,3,1261.05
2210,1,0,0,0,57,0,1,0,2,0,2,0,2,2,0,1,2,53.75,3196.0,0,0,3063.75
607,0,0,1,0,53,1,0,1,0,0,0,2,2,2,1,1,2,93.45,4872.2,0,1,4952.85
3260,1,0,1,1,18,1,0,1,2,0,2,0,2,0,0,1,3,87.9,1500.5,0,3,1582.2
4024,0,0,0,0,1,1,2,0,0,0,0,0,0,2,0,1,2,60.15,60.15,1,2,60.15
5452,0,0,1,0,58,1,2,0,2,0,0,2,0,0,1,1,0,61.05,3478.75,0,0,3540.8999999999996
5750,0,1,0,0,71,1,2,1,0,0,2,0,2,2,2,0,0,104.05,7413.55,0,1,7387.55
47,0,0,0,0,35,1,0,1,0,0,2,2,2,2,1,1,2,99.25,3532.0,0,1,3473.75
2754,1,0,0,0,3,1,0,1,0,0,2,0,0,2,0,0,1,85.7,256.75,0,3,257.1
4832,1,0,0,0,38,1,2,1,2,2,0,0,2,2,1,1,2,104.85,3887.25,0,1,3984.2999999999997
5847,1,0,1,1,35,1,2,0,2,2,2,2,0,0,2,1,1,69.15,2490.15,0,3,2420.25
1085,1,0,0,0,7,1,2,1,0,0,2,0,2,0,0,1,2,90.45,593.45,1,3,633.15
3720,0,0,0,0,47,1,0,0,0,0,2,2,2,2,2,0,3,74.45,3510.3,0,1,3499.15
6333,0,0,0,0,14,1,0,0,0,2,0,0,0,0,0,0,2,50.45,765.45,0,2,706.3000000000001
3115,0,1,1,0,20,1,0,0,0,2,0,0,0,2,0,1,2,60.0,1259.35,0,3,1200.0
307,1,0,1,0,66,1,2,0,2,2,0,2,2,2,2,0,2,85.25,5538.35,0,1,5626.5
6317,1,0,1,0,15,1,0,2,1,1,1,1,1,1,0,1,1,19.45,340.85,0,2,291.75
3937,0,0,0,0,42,1,0,2,1,1,1,1,1,1,2,1,0,20.75,844.45,0,0,871.5
5066,0,0,1,0,17,1,2,1,2,0,0,0,0,0,0,0,2,78.9,1348.95,0,3,1341.3000000000002
3818,1,0,0,0,37,1,2,1,0,2,0,2,2,2,1,1,1,104.5,3778.0,0,1,3866.5
4825,0,0,0,0,12,1,0,0,0,2,0,0,0,0,0,1,2,49.4,611.65,0,2,592.8
2759,1,0,1,0,53,1,0,1,0,2,0,0,2,2,1,1,0,94.25,4867.95,1,1,4995.25
6416,0,0,0,0,60,1,2,2,1,1,1,1,1,1,2,0,3,25.0,1505.05,0,0,1500.0
4826,1,0,1,1,18,0,1,0,0,0,0,0,0,0,0,0,1,25.55,467.85,0,2,459.90000000000003
4511,1,0,0,0,1,1,2,1,0,0,0,0,0,0,0,1,2,74.9,74.9,1,3,74.9
4309,0,0,0,0,3,1,0,1,0,0,0,0,0,0,0,1,2,70.15,194.2,0,3,210.45000000000002
5,0,0,0,1,9,1,0,0,0,0,0,2,2,2,0,1,1,69.4,571.45,0,3,624.6
3904,0,0,0,0,1,1,0,1,0,0,0,0,2,0,0,1,2,80.25,80.25,1,3,80.25
5884,1,0,1,0,56,1,2,1,2,2,2,0,0,0,1,1,2,93.15,5253.95,0,1,5216.400000000001
6924,1,0,1,1,17,1,0,1,0,0,0,0,0,0,0,1,2,69.0,1149.65,1,3,1173.0
948,0,0,1,1,11,1,2,0,0,0,0,2,0,2,0,1,2,66.35,740.8,1,3,729.8499999999999
2997,1,0,0,0,7,1,0,1,0,0,0,0,0,0,0,1,2,69.55,521.35,0,3,486.84999999999997
4958,0,0,1,1,69,1,0,2,1,1,1,1,1,1,2,0,0,20.2,1412.65,0,0,1393.8
6955,1,0,0,0,19,1,2,1,0,0,0,0,0,2,0,1,0,86.0,1532.45,1,3,1634.0
6975,0,0,1,1,3,1,0,1,0,0,0,0,0,2,0,1,2,80.3,250.05,1,3,240.89999999999998
27,1,0,1,1,54,1,0,2,1,1,1,1,1,1,2,0,1,20.4,1090.6,0,0,1101.6
532,1,0,1,0,62,1,2,2,1,1,1,1,1,1,1,1,1,23.75,1446.8,0,0,1472.5
5662,1,0,0,0,24,1,2,1,0,2,0,0,2,0,0,1,1,90.55,2282.55,1,3,2173.2
1575,0,0,1,1,62,1,2,0,0,0,0,0,2,2,0,1,1,70.45,4300.45,0,1,4367.900000000001
596,1,0,0,0,17,1,2,0,2,0,0,0,0,2,0,0,0,65.75,1111.2,0,3,1117.75
2124,1,0,0,0,9,0,1,0,0,0,0,0,0,0,0,1,3,24.6,190.1,0,2,221.4
6419,1,0,1,1,64,1,0,0,2,0,2,2,2,0,2,0,3,69.25,4447.75,0,1,4432.0
1106,0,0,0,0,2,1,2,1,0,0,0,0,0,0,0,1,2,75.9,143.35,1,3,151.8
2211,1,0,1,1,1,1,0,0,0,0,0,0,0,0,0,1,3,45.85,45.85,1,2,45.85
4662,0,0,1,0,16,0,1,0,0,0,0,2,2,2,0,1,2,49.95,810.2,1,2,799.2
5062,0,0,1,0,72,1,2,2,1,1,1,1,1,1,2,0,0,24.65,1830.05,0,0,1774.8
6014,1,0,0,0,30,1,2,1,2,2,2,0,0,0,1,0,0,90.4,2820.65,0,3,2712.0
1379,0,0,1,0,49,1,2,1,2,0,0,0,2,2,0,1,3,100.85,4847.35,0,1,4941.65
6405,1,0,1,0,61,1,2,0,2,0,2,2,0,2,2,0,1,75.35,4729.3,0,1,4596.349999999999
101,1,0,1,1,47,1,2,1,0,2,0,0,2,0,0,0,2,87.2,4017.45,0,1,4098.400000000001
259,1,0,0,0,20,1,0,0,2,0,2,0,0,2,0,0,1,64.4,1398.6,0,3,1288.0
1147,1,0,1,1,34,1,0,1,0,0,0,0,2,0,0,0,2,78.3,2564.3,1,3,2662.2
890,0,0,1,1,70,1,2,2,1,1,1,1,1,1,2,0,0,24.7,1685.9,0,0,1729.0
3154,1,0,0,1,54,1,0,1,2,2,0,2,2,2,1,1,2,105.85,5826.65,0,1,5715.9
1055,1,1,1,0,61,1,2,1,0,2,2,2,2,0,1,1,3,98.3,6066.55,0,1,5996.3
4126,1,0,0,0,3,1,2,1,0,0,0,0,0,0,0,1,2,76.95,228.4,1,3,230.85000000000002
1912,1,0,0,0,13,1,0,2,1,1,1,1,1,1,1,0,3,19.45,270.2,0,2,252.85
3951,0,1,0,0,16,1,2,1,0,0,0,0,2,2,0,1,2,96.15,1529.2,1,3,1538.4
203,0,0,1,1,3,1,0,0,0,2,0,0,2,0,0,1,1,58.7,168.6,0,2,176.10000000000002
1436,1,0,0,0,25,1,0,2,1,1,1,1,1,1,0,1,3,20.15,536.35,0,2,503.74999999999994
56,1,0,0,0,30,1,2,0,2,0,0,0,0,2,0,1,3,64.5,1888.45,0,3,1935.0
455,0,0,1,0,21,0,1,0,2,0,0,0,0,0,0,0,2,28.5,629.35,0,2,598.5
3944,1,0,0,0,1,1,0,0,0,0,0,0,0,0,0,0,2,45.3,45.3,1,2,45.3
1513,0,0,0,0,15,1,0,2,1,1,1,1,1,1,0,0,0,19.4,289.3,1,2,291.0
4616,1,1,1,0,23,1,0,1,0,0,0,0,2,2,0,1,2,90.45,2117.25,0,3,2080.35
6620,0,0,1,1,45,1,2,1,2,2,0,0,2,2,0,1,2,105.15,4730.9,0,1,4731.75
3971,0,0,1,1,24,1,2,1,0,2,2,0,0,0,1,0,0,83.15,2033.05,0,3,1995.6000000000001
5204,0,0,0,0,11,1,2,1,0,0,0,2,2,0,0,0,2,90.15,987.95,1,3,991.6500000000001
1956,1,0,0,0,1,1,0,0,0,0,0,0,0,0,0,0,3,45.05,45.05,1,2,45.05
4809,0,0,1,0,56,1,2,1,0,0,2,2,2,2,2,0,0,103.2,5744.35,0,1,5779.2
5381,0,0,0,0,1,1,0,1,0,2,0,0,0,0,0,0,2,75.8,75.8,1,3,75.8
5406,1,0,0,0,1,1,0,2,1,1,1,1,1,1,0,0,2,19.45,19.45,0,2,19.45
1362,0,0,0,0,7,1,0,1,0,0,0,0,0,2,0,1,2,79.3,523.15,1,3,555.1
6499,0,1,1,0,55,1,0,1,0,0,2,2,2,0,2,0,1,88.8,4805.3,0,1,4884.0
2835,0,0,0,0,2,0,1,0,0,0,0,2,0,0,0,1,2,30.9,59.05,1,2,61.8
1515,0,0,1,1,72,1,2,0,2,0,2,2,2,2,2,1,1,85.9,6110.75,0,1,6184.8
494,0,1,0,0,45,0,1,0,0,0,0,0,0,2,1,0,2,34.2,1596.6,0,0,1539.0000000000002
3928,0,0,0,0,47,1,0,2,1,1,1,1,1,1,2,0,3,20.15,1046.2,0,0,947.05
2933,0,1,0,0,46,1,0,1,0,2,0,0,2,2,1,0,1,95.25,4424.2,1,1,4381.5
7040,1,0,0,0,2,1,0,0,0,2,0,0,0,0,0,1,3,50.3,92.75,0,2,100.6
3328,0,0,1,0,2,1,0,1,2,0,0,2,0,0,0,1,2,80.15,194.55,0,3,160.3
4702,0,0,1,0,12,1,0,0,0,2,0,0,0,0,0,1,2,51.25,612.1,0,2,615.0
4839,0,1,1,0,68,1,2,1,0,2,0,0,0,2,0,1,0,89.6,6127.6,1,1,6092.799999999999
4430,1,0,1,1,69,1,0,1,0,0,0,2,2,2,2,1,1,95.2,6671.7,0,1,6568.8
681,1,1,0,1,56,1,0,1,2,0,0,0,2,2,1,0,1,94.8,5264.3,0,1,5308.8
862,0,1,0,0,4,1,2,1,2,0,0,0,0,0,0,1,2,80.25,303.7,0,3,321.0
1788,1,0,1,0,64,1,2,0,0,2,2,2,2,0,2,1,0,76.1,4818.8,0,1,4870.4
1658,1,0,1,0,59,1,2,1,2,2,2,0,2,2,1,1,2,110.15,6448.05,1,1,6498.85
6007,1,0,1,1,62,1,2,1,2,2,2,2,2,2,2,0,0,115.55,7159.05,0,1,7164.099999999999
6209,1,0,1,1,63,1,2,2,1,1,1,1,1,1,2,0,1,24.65,1574.5,0,0,1552.9499999999998
3209,0,0,0,0,53,0,1,0,2,2,2,2,2,0,1,1,2,53.6,2879.2,0,0,2840.8
864,1,0,1,1,5,1,0,2,1,1,1,1,1,1,0,0,3,19.45,86.05,0,2,97.25
6817,1,1,1,0,49,1,2,1,2,2,2,0,0,0,0,1,2,88.2,4159.45,0,1,4321.8
5111,0,0,1,1,62,1,2,1,2,0,0,0,2,2,2,1,0,101.15,6638.35,0,1,6271.3
3596,0,0,1,0,55,1,0,0,2,2,0,2,0,0,2,0,3,56.8,3112.05,0,0,3124.0
4980,0,1,1,0,71,1,0,1,2,2,2,2,2,0,2,1,2,99.4,7168.25,0,1,7057.400000000001
3392,0,0,1,1,72,1,0,2,1,1,1,1,1,1,2,1,1,20.1,1326.25,0,0,1447.2
3322,1,0,1,1,36,0,1,0,2,0,2,2,2,2,1,0,1,60.7,2234.55,0,0,2185.2000000000003
2411,1,0,1,0,25,1,0,2,1,1,1,1,1,1,1,1,0,20.95,495.15,0,2,523.75
1645,0,1,1,0,72,1,2,1,2,2,2,2,2,2,2,1,0,114.85,8317.95,0,1,8269.199999999999
6712,0,0,0,0,36,1,0,2,1,1,1,1,1,1,1,1,0,19.25,679.8,0,0,693.0
4442,1,0,0,0,1,1,0,0,0,0,0,0,2,2,0,1,3,62.8,62.8,0,3,62.8
3065,0,0,1,0,72,1,2,1,2,0,2,0,2,2,2,1,2,105.5,7544.0,0,1,7596.0
6149,1,0,1,1,59,1,0,2,1,1,1,1,1,1,2,0,3,19.85,1188.25,0,0,1171.15
6450,1,1,1,0,7,1,0,1,0,0,0,0,2,2,0,1,2,89.5,676.7,1,3,626.5
6346,0,0,0,0,1,1,0,0,0,0,2,2,2,2,1,0,1,74.1,74.1,0,3,74.1
6223,0,0,1,1,30,1,2,1,0,2,2,2,2,2,0,1,2,107.5,3242.5,0,3,3225.0
1792,1,0,0,0,64,1,0,2,1,1,1,1,1,1,2,0,3,19.55,1240.15,0,0,1251.2
7025,1,0,0,0,63,1,2,0,2,2,2,2,0,0,1,0,0,68.8,4111.35,0,1,4334.4
2174,1,1,1,0,72,1,2,0,2,2,2,0,2,2,2,0,1,84.45,5899.85,0,1,6080.400000000001
5669,1,0,1,0,8,1,0,1,2,0,0,0,0,0,0,0,2,75.0,632.95,1,3,600.0
5951,0,0,0,0,62,1,2,0,0,2,2,2,2,2,2,0,0,84.5,5193.2,0,1,5239.0
2106,1,0,1,1,67,1,2,1,0,2,2,2,2,2,2,1,0,111.2,7530.8,0,1,7450.400000000001
3547,1,0,0,0,6,1,0,0,0,0,0,0,0,0,0,0,2,44.75,270.95,1,2,268.5
4432,0,0,1,1,70,1,2,0,2,0,0,2,2,2,2,1,0,80.6,5460.2,0,1,5642.0
4786,0,1,0,0,20,1,0,1,0,0,0,0,2,0,0,0,0,80.7,1614.2,0,3,1614.0
4396,0,0,0,0,5,1,2,1,0,0,0,0,0,0,0,0,2,75.6,402.5,0,3,378.0
4248,0,0,1,1,24,0,1,0,2,2,2,0,2,2,1,0,2,57.6,1367.75,0,3,1382.4
3186,0,0,1,0,11,1,0,0,0,0,0,0,0,0,0,1,2,44.05,483.7,1,2,484.54999999999995
885,1,0,1,0,72,1,2,1,0,2,2,2,2,2,2,1,1,110.6,7962.2,0,1,7963.2
6896,0,0,1,1,66,1,0,0,2,2,0,2,0,0,2,1,1,58.2,3810.8,0,0,3841.2000000000003
2260,0,0,1,1,45,1,0,0,2,0,2,2,2,2,2,1,3,81.0,3533.6,0,1,3645.0
29,0,0,1,1,69,1,0,2,1,1,1,1,1,1,2,0,0,19.7,1396.9,0,0,1359.3
6025,1,1,1,0,15,1,2,1,0,0,0,0,0,2,0,1,0,85.6,1345.55,1,3,1284.0
3490,0,0,0,0,28,1,0,0,0,0,2,0,2,0,0,1,0,59.55,1646.45,0,3,1667.3999999999999
115,0,0,0,0,70,1,2,1,2,2,2,2,2,2,1,0,1,115.55,8127.6,1,1,8088.5
1261,0,0,0,0,36,1,0,0,2,2,2,2,0,2,1,1,3,75.55,2680.15,0,3,2719.7999999999997
2353,1,1,0,0,16,1,2,1,0,0,0,0,2,0,0,1,2,86.6,1281.0,1,3,1385.6
5561,0,0,0,0,18,1,2,1,0,0,0,0,2,0,0,1,2,85.2,1553.9,1,3,1533.6000000000001
4536,0,0,1,0,34,1,2,1,0,0,0,0,2,2,0,1,2,97.65,3207.55,1,3,3320.1000000000004
2768,1,0,1,1,42,0,1,0,0,2,2,0,0,2,1,1,1,45.1,2049.05,0,0,1894.2
1133,1,0,0,0,48,1,2,0,2,0,0,2,0,2,1,1,0,70.95,3629.2,0,1,3405.6000000000004
4679,1,0,1,0,47,1,2,1,0,2,2,2,2,2,0,1,2,109.55,5124.55,1,1,5148.849999999999
6930,0,0,1,1,39,1,2,1,0,2,2,2,0,0,1,1,2,89.55,3474.45,1,1,3492.45
3649,0,0,1,1,11,1,0,2,1,1,1,1,1,1,2,0,1,20.9,202.3,0,2,229.89999999999998
6893,1,0,0,0,7,1,0,2,1,1,1,1,1,1,0,1,3,19.95,147.5,0,2,139.65
6533,0,0,0,0,3,1,2,2,1,1,1,1,1,1,0,0,3,24.6,86.35,0,2,73.80000000000001
1284,1,0,0,0,8,1,0,0,2,0,2,0,0,2,0,1,2,66.7,579.0,0,3,533.6
1172,1,0,0,1,1,1,0,2,1,1,1,1,1,1,0,1,3,19.45,19.45,1,2,19.45
6321,1,0,1,1,32,1,0,1,2,2,2,0,0,2,1,0,3,94.8,3131.55,0,3,3033.6
2206,1,0,1,1,60,1,0,0,2,2,2,2,0,0,1,1,0,65.85,3928.3,0,1,3950.9999999999995
70,0,0,1,0,10,1,0,2,1,1,1,1,1,1,0,1,0,19.95,187.75,0,2,199.5
3183,0,0,1,0,71,1,2,2,1,1,1,1,1,1,2,1,0,24.65,1710.15,0,0,1750.1499999999999
24,0,0,1,1,4,1,0,2,1,1,1,1,1,1,0,0,3,20.35,76.35,1,2,81.4
5121,0,1,0,0,1,1,0,1,0,0,0,0,0,0,0,1,2,69.25,69.25,1,3,69.25
4742,0,0,1,1,43,0,1,0,2,2,0,2,2,0,1,1,0,51.25,2151.6,0,0,2203.75
3359,1,0,1,0,59,1,2,1,0,0,2,0,2,2,1,1,0,99.5,5961.1,1,1,5870.5
4589,0,0,1,0,23,1,0,0,0,0,2,2,0,0,0,0,2,54.25,1221.55,0,3,1247.75
2748,0,0,1,0,72,1,0,2,1,1,1,1,1,1,2,0,0,19.4,1496.45,0,0,1396.8
450,1,0,1,0,22,1,0,0,2,0,0,2,0,0,1,1,1,56.25,1292.2,0,3,1237.5
5336,0,0,0,0,1,0,1,0,0,0,0,0,0,0,0,1,3,25.15,25.15,0,2,25.15
3256,1,0,0,0,69,1,2,2,1,1,1,1,1,1,2,0,0,23.95,1713.1,0,0,1652.55
74,1,0,0,0,50,0,1,0,2,0,0,2,0,0,1,1,3,35.4,1748.9,0,0,1770.0
1203,0,1,0,0,1,0,1,0,0,0,0,0,0,0,0,1,2,25.2,25.2,1,2,25.2
3267,1,0,0,0,2,1,0,0,0,0,0,0,0,0,0,1,3,45.0,96.45,1,2,90.0
2623,0,0,1,0,15,1,0,1,0,2,0,0,0,0,0,0,0,75.35,1114.55,0,3,1130.25
4446,1,0,0,0,31,1,0,2,1,1,1,1,1,1,2,0,0,20.4,609.1,0,2,632.4
1303,1,0,0,0,1,1,0,2,1,1,1,1,1,1,0,0,3,20.15,20.15,1,2,20.15
2698,1,0,1,0,66,1,2,1,0,2,2,0,2,2,0,1,1,105.0,7133.25,1,1,6930.0
945,0,0,1,1,0,0,1,0,2,2,2,2,2,0,2,0,1,56.05,1397.475,0,2,0.0
6529,1,0,0,1,3,1,0,0,0,0,0,0,2,0,0,1,1,54.7,169.45,1,2,164.10000000000002
1355,0,0,0,0,8,1,0,2,1,1,1,1,1,1,2,0,3,20.0,141.6,0,2,160.0
5463,1,0,1,1,64,1,0,0,2,0,2,0,2,2,1,1,1,73.05,4688.65,0,1,4675.2
366,0,0,1,0,28,1,0,2,1,1,1,1,1,1,0,0,3,20.5,563.05,0,2,574.0
1574,0,0,1,0,57,1,2,1,0,0,2,0,2,2,1,1,1,100.75,5985.0,0,1,5742.75
1966,0,0,1,1,14,1,2,1,0,0,2,0,0,2,0,1,2,87.25,1258.6,1,3,1221.5
3889,1,0,0,0,19,1,0,2,1,1,1,1,1,1,2,1,3,19.95,373.5,0,2,379.05
812,1,0,1,0,10,1,0,1,0,0,0,0,2,0,0,1,2,79.95,857.2,1,3,799.5
1797,0,0,1,0,51,0,1,0,0,2,0,0,2,2,0,1,2,49.65,2553.35,0,0,2532.15
2877,0,0,1,0,67,1,2,0,2,2,2,0,0,0,2,0,3,65.65,4322.85,0,1,4398.55
5163,1,0,1,1,11,1,0,2,1,1,1,1,1,1,0,1,2,20.45,250.8,0,2,224.95
5488,1,0,1,1,72,0,1,0,2,0,2,2,2,2,2,0,0,60.95,4549.05,0,1,4388.400000000001
5030,1,0,1,1,66,1,0,2,1,1,1,1,1,1,1,1,2,20.35,1359.5,0,0,1343.1000000000001
6625,0,0,0,0,18,1,2,1,0,0,0,2,2,0,0,1,2,88.35,1639.3,1,3,1590.3
3989,0,0,0,0,9,1,0,2,1,1,1,1,1,1,0,1,2,19.5,178.85,0,2,175.5
111,0,0,0,0,9,1,2,1,0,0,0,0,0,0,0,1,1,75.2,633.85,0,3,676.8000000000001
5073,1,0,1,0,48,1,2,1,2,2,2,0,2,2,0,1,0,111.45,5315.1,0,1,5349.6
6530,1,0,0,0,10,1,0,1,0,0,0,0,0,0,0,0,3,70.15,735.5,0,3,701.5
5635,0,0,0,0,9,1,2,1,0,0,0,0,2,2,0,1,2,94.75,889.9,1,3,852.75
2668,0,1,0,0,13,1,2,1,0,0,0,0,2,2,0,1,2,95.05,1290.0,1,3,1235.6499999999999
2273,1,0,0,0,4,1,2,1,0,2,0,0,0,0,0,0,2,78.45,330.05,1,3,313.8
1756,1,0,0,0,4,1,0,1,0,0,0,0,0,0,0,1,2,70.2,237.95,1,3,280.8
2150,0,0,1,0,72,1,2,0,2,2,2,2,2,2,2,0,0,92.0,6474.4,0,1,6624.0
733,0,0,1,1,51,1,0,0,2,2,2,2,2,2,2,0,1,85.5,4421.95,0,1,4360.5
5486,1,0,1,0,59,0,1,0,0,2,0,0,0,2,0,1,0,41.05,2452.7,1,0,2421.95
5155,1,0,1,0,10,1,2,1,0,0,0,0,2,0,0,1,2,85.6,813.85,1,3,856.0
2969,1,1,1,0,61,1,2,1,0,2,0,0,0,0,0,1,2,82.15,4904.85,0,1,5011.150000000001
4433,1,0,0,0,54,1,0,1,2,0,2,2,0,0,1,0,2,84.4,4484.05,0,1,4557.6
3893,0,0,0,0,33,1,2,0,2,2,0,0,0,0,0,1,3,60.9,2033.85,0,3,2009.7
5382,0,0,0,0,27,1,0,2,1,1,1,1,1,1,2,1,0,20.25,538.2,0,2,546.75
4653,0,1,0,0,1,1,0,1,0,0,0,0,2,0,0,1,2,79.2,79.2,1,3,79.2
6894,1,0,0,0,23,1,0,1,0,2,0,0,2,2,0,0,3,95.3,2192.9,0,3,2191.9
2995,1,0,0,1,1,1,0,2,1,1,1,1,1,1,0,0,3,19.85,19.85,0,2,19.85
6360,1,0,1,1,45,1,0,0,2,2,2,2,2,2,2,1,3,84.35,3858.05,0,1,3795.7499999999995
1240,0,0,1,1,39,1,0,2,1,1,1,1,1,1,2,1,0,19.85,854.8,0,0,774.1500000000001
2209,1,0,0,0,5,1,0,0,0,0,2,0,2,2,1,1,3,70.0,347.4,1,3,350.0
2141,1,0,1,1,72,1,2,0,2,2,2,2,2,0,2,0,0,82.3,5815.15,0,1,5925.599999999999
1151,0,0,1,1,58,1,2,0,0,2,0,0,2,0,0,1,0,66.8,3970.4,0,1,3874.3999999999996
378,0,0,0,0,70,0,1,0,2,2,2,2,0,0,2,1,0,44.6,3058.15,0,0,3122.0
776,1,0,1,1,61,1,0,1,0,2,0,2,2,2,1,1,0,98.45,6145.2,0,1,6005.45
2606,1,0,0,0,2,1,0,1,0,0,0,0,0,0,0,0,3,70.7,129.2,0,3,141.4
3165,0,0,1,1,46,1,2,2,1,1,1,1,1,1,1,0,3,24.95,1165.9,0,0,1147.7
2330,0,0,0,0,1,1,2,0,0,0,0,0,0,0,0,1,0,49.95,49.95,1,2,49.95
3298,0,0,1,0,22,1,0,1,0,0,0,0,0,0,0,1,2,69.25,1554.0,1,3,1523.5
6635,0,0,0,0,48,1,0,1,2,0,2,2,2,2,2,1,1,102.5,4904.25,0,1,4920.0
5724,1,0,0,0,64,1,2,0,0,2,2,2,2,2,2,0,1,86.55,5632.55,0,1,5539.2
5461,1,0,1,1,72,1,2,2,1,1,1,1,1,1,2,0,0,24.3,1643.25,0,0,1749.6000000000001
6417,0,0,1,1,12,1,0,0,0,0,2,0,2,0,0,1,1,58.35,740.55,0,3,700.2
6081,0,1,1,0,34,1,2,1,0,2,2,0,0,2,0,1,2,94.25,3217.55,1,3,3204.5
5704,0,0,1,1,72,1,0,0,2,2,2,0,0,2,2,0,1,68.75,4888.2,0,1,4950.0
6965,1,0,1,0,29,1,2,1,0,2,2,0,0,0,0,1,2,85.8,2440.25,0,3,2488.2
1302,1,0,1,1,33,1,0,2,1,1,1,1,1,1,1,0,1,20.1,620.55,0,2,663.3000000000001
1775,0,0,0,0,1,1,0,2,1,1,1,1,1,1,0,0,3,20.35,20.35,0,2,20.35
1558,0,0,1,1,62,1,2,1,0,2,2,2,2,2,1,1,2,110.8,6840.95,0,1,6869.599999999999
318,1,0,1,0,41,1,2,0,0,0,2,0,2,2,1,1,2,73.0,3001.2,1,3,2993.0
6702,0,0,0,0,64,1,2,1,0,0,2,0,2,2,1,1,1,100.05,6254.2,1,1,6403.2
6151,0,0,0,0,4,1,0,1,0,0,2,0,0,2,0,1,1,82.85,319.6,0,3,331.4
2493,0,0,0,0,24,1,2,1,2,0,0,2,0,0,0,1,2,84.35,1938.05,0,3,2024.3999999999999
2185,0,0,1,1,14,1,0,2,1,1,1,1,1,1,1,0,3,19.55,294.5,0,2,273.7
5326,1,0,0,1,3,1,0,2,1,1,1,1,1,1,0,0,3,19.95,58.3,0,2,59.849999999999994
3852,0,1,0,0,4,1,0,1,0,2,2,0,2,2,0,1,1,99.8,442.85,1,3,399.2
4425,0,0,0,1,18,0,1,0,0,0,0,0,0,2,0,1,2,35.0,553.0,1,2,630.0
1633,1,0,0,0,8,1,0,0,0,0,0,0,2,2,0,1,2,66.25,546.45,0,3,530.0
1324,0,0,0,0,35,1,2,2,1,1,1,1,1,1,2,0,0,23.3,797.1,0,0,815.5
4941,0,0,0,0,1,1,2,1,0,0,0,0,0,0,0,0,2,76.0,76.0,1,3,76.0
6568,1,0,0,1,66,1,2,2,1,1,1,1,1,1,2,1,1,25.3,1673.8,0,0,1669.8
611,1,0,0,1,8,0,1,0,2,0,0,2,0,2,2,1,3,44.55,343.45,0,2,356.4
4027,0,0,1,0,71,1,2,1,2,0,2,0,2,2,1,1,1,104.1,7412.25,0,1,7391.099999999999
4236,0,0,1,1,43,1,2,1,0,0,2,0,0,2,0,1,0,92.55,4039.0,0,1,3979.65
4997,0,1,0,0,2,1,2,1,0,0,0,0,2,2,0,1,2,93.85,170.85,1,3,187.7
1856,1,1,0,0,29,1,0,1,0,2,2,0,2,2,0,1,0,101.45,2948.6,0,3,2942.05
5585,0,0,1,0,15,1,0,1,0,0,2,0,2,0,0,1,2,84.3,1308.4,1,3,1264.5
1232,1,0,1,1,65,1,2,1,2,2,2,2,0,0,2,0,1,94.55,6078.75,0,1,6145.75
3766,1,0,0,0,35,1,2,1,0,0,2,2,2,0,0,0,2,95.5,3418.2,0,3,3342.5
3713,1,0,0,0,64,1,0,1,2,2,0,0,2,2,1,1,1,100.3,6603.8,0,1,6419.2
3429,0,0,1,1,58,0,1,0,0,0,2,2,2,2,2,1,1,55.5,3166.9,0,0,3219.0
4011,0,1,0,0,18,1,0,0,0,2,0,0,0,0,0,1,1,49.85,865.75,0,2,897.3000000000001
6574,1,0,1,1,67,1,2,1,0,2,0,0,0,2,0,1,0,89.55,6373.1,0,1,5999.849999999999
2441,1,0,1,1,63,1,0,2,1,1,1,1,1,1,2,1,3,19.15,1177.05,0,0,1206.4499999999998
6216,0,0,1,0,60,1,2,1,0,2,0,0,2,2,0,1,2,99.8,5985.75,0,1,5988.0
3810,1,1,0,0,9,1,2,1,0,0,0,0,0,2,0,1,1,84.4,732.5,1,3,759.6
2720,0,0,1,1,70,1,2,1,2,2,2,2,2,2,2,1,1,113.05,7869.05,0,1,7913.5
466,1,0,1,0,15,1,2,1,0,0,2,0,2,2,0,1,2,101.1,1504.05,1,3,1516.5
5352,0,0,0,1,48,1,0,2,1,1,1,1,1,1,1,0,3,19.95,936.7,0,0,957.5999999999999
5034,1,0,1,0,12,1,0,0,0,0,2,2,2,2,0,1,2,74.15,741.4,0,3,889.8000000000001
6187,1,1,1,0,71,1,2,1,2,2,2,2,0,0,1,1,2,92.0,6585.2,0,1,6532.0
4894,1,1,0,0,44,1,0,1,0,0,2,0,0,0,0,0,2,73.85,3122.4,0,1,3249.3999999999996
5516,1,0,0,0,1,1,2,0,0,0,0,0,0,0,0,1,2,50.45,50.45,1,2,50.45
3252,1,0,1,1,45,1,2,2,1,1,1,1,1,1,2,0,3,24.45,1088.25,0,0,1100.25
4619,0,0,0,0,23,1,2,2,1,1,1,1,1,1,1,0,1,24.8,615.35,0,2,570.4
4772,0,0,1,0,43,1,2,0,0,0,0,2,2,0,1,1,0,64.85,2908.2,0,0,2788.5499999999997
6381,1,0,0,0,35,1,0,2,1,1,1,1,1,1,0,0,0,20.75,739.9,0,0,726.25
4569,1,0,1,0,9,1,0,0,2,2,0,2,2,0,0,1,3,68.95,593.85,0,3,620.5500000000001
1079,1,0,0,0,12,1,2,1,0,0,0,2,2,2,0,1,3,99.95,1132.75,1,3,1199.4
6387,0,1,1,0,65,1,2,1,2,2,2,0,2,2,0,1,1,109.4,7227.45,0,1,7111.0
6720,0,0,0,0,2,1,2,1,0,0,2,0,2,0,0,1,2,91.4,193.6,1,3,182.8
1136,1,0,0,0,27,1,2,0,0,0,0,0,0,0,0,0,3,49.0,1291.35,0,2,1323.0
4087,0,0,0,0,40,1,0,0,0,0,2,0,0,0,1,1,3,50.25,2023.55,0,0,2010.0
340,0,1,0,0,5,1,0,1,0,0,2,0,0,0,0,1,1,75.55,349.65,1,3,377.75
5458,1,0,1,1,8,1,0,2,1,1,1,1,1,1,1,0,1,19.9,153.95,0,2,159.2
1702,0,1,1,0,58,1,2,1,0,2,0,0,2,2,1,1,0,97.8,5458.8,0,1,5672.4
2275,0,0,1,1,52,1,0,1,2,0,2,0,2,2,1,0,2,100.3,5244.45,0,1,5215.599999999999
5020,1,0,1,0,3,1,0,0,0,0,2,2,0,0,0,1,3,55.8,154.55,0,2,167.39999999999998
3916,1,0,0,1,41,1,0,1,2,2,2,2,2,2,2,1,2,111.15,4507.15,0,1,4557.150000000001
2247,1,0,0,0,20,1,2,1,0,0,0,2,2,2,0,1,3,98.55,2031.95,0,3,1971.0
5989,1,0,0,1,1,1,2,0,0,0,0,0,0,0,0,1,2,50.05,50.05,0,2,50.05
2045,1,0,0,1,4,1,2,1,0,0,0,2,0,0,0,0,1,80.8,332.45,1,3,323.2
2053,1,0,0,0,23,1,0,2,1,1,1,1,1,1,0,0,2,20.85,473.9,0,2,479.55
4831,0,1,0,0,6,1,0,2,1,1,1,1,1,1,0,0,0,19.5,106.8,0,2,117.0
1182,1,0,1,1,8,1,0,2,1,1,1,1,1,1,0,1,3,19.35,152.6,0,2,154.8
4887,1,0,0,0,18,1,2,0,2,0,2,0,2,0,0,0,3,69.5,1199.4,0,3,1251.0
130,1,1,0,0,52,0,1,0,2,0,0,0,2,2,0,1,1,48.8,2555.05,0,0,2537.6
4174,1,0,0,0,31,1,0,1,0,2,0,0,2,2,0,1,2,94.5,2979.2,0,3,2929.5
6131,1,0,1,1,29,1,0,2,1,1,1,1,1,1,0,1,3,20.65,654.85,0,2,598.8499999999999
1108,0,0,1,0,36,1,2,1,2,2,2,2,0,2,2,1,1,106.05,3834.4,0,1,3817.7999999999997
2428,0,0,1,0,16,1,2,1,0,2,0,0,2,2,0,1,2,100.0,1534.75,1,3,1600.0
4513,1,0,1,0,42,1,2,1,0,0,2,2,2,2,1,1,2,108.3,4586.15,0,1,4548.599999999999
5606,1,0,0,0,1,1,0,2,1,1,1,1,1,1,0,0,2,20.55,20.55,1,2,20.55
2138,0,0,0,0,60,1,0,1,0,2,2,0,2,2,2,1,2,99.65,5941.05,0,1,5979.0
2046,1,0,0,0,5,1,2,1,0,2,2,0,0,0,0,1,2,85.3,424.15,1,3,426.5
4422,1,0,1,0,22,1,2,1,2,0,0,2,2,0,0,0,1,95.9,2234.95,0,3,2109.8
6925,1,0,1,0,36,1,0,2,1,1,1,1,1,1,1,0,3,20.0,666.75,0,0,720.0
3343,0,0,0,0,4,1,0,1,0,0,0,0,0,0,0,0,2,70.4,281.0,1,3,281.6
2991,1,0,0,0,9,1,0,0,2,0,0,2,0,2,0,0,3,64.95,547.8,0,3,584.5500000000001
1262,1,0,1,1,1,1,0,1,0,2,0,0,0,0,0,0,1,74.6,74.6,0,3,74.6
5831,1,0,1,1,12,1,0,0,2,0,0,0,0,0,0,1,2,49.2,571.15,0,2,590.4000000000001
6335,0,0,0,0,23,1,2,0,0,0,0,2,2,2,1,1,3,73.75,1756.6,0,3,1696.25
6663,1,0,0,0,62,1,2,1,2,2,0,0,0,2,1,1,0,92.3,5731.45,0,1,5722.599999999999
3842,1,0,0,0,37,1,2,1,0,0,0,2,2,2,0,0,0,98.8,3475.55,1,1,3655.6
4955,0,0,0,0,8,1,0,2,1,1,1,1,1,1,0,0,3,19.2,156.85,0,2,153.6
6884,1,0,1,0,31,1,2,1,0,0,2,0,2,0,0,0,1,88.65,2683.2,0,3,2748.15
6540,1,0,1,1,13,1,2,1,0,0,0,0,0,0,0,1,1,74.4,896.75,1,3,967.2
5036,0,0,0,0,24,1,2,1,0,0,2,0,2,2,0,1,2,98.75,2407.3,1,3,2370.0
6679,1,0,1,1,45,1,2,1,0,2,2,0,0,2,0,1,0,95.95,4456.65,0,1,4317.75
4295,0,1,1,0,69,1,2,1,0,2,0,2,2,2,2,0,1,105.4,6998.95,0,1,7272.6
3576,1,0,0,0,2,1,0,2,1,1,1,1,1,1,0,0,3,20.25,36.8,0,2,40.5
3888,1,0,1,1,61,1,2,1,2,2,0,0,2,2,1,1,2,106.0,6547.7,1,1,6466.0
6948,1,0,0,0,41,1,2,1,0,2,2,0,2,2,0,1,2,104.7,4346.4,1,1,4292.7
4453,0,0,0,0,44,0,1,0,0,0,2,0,2,2,1,1,2,49.05,2265.0,0,0,2158.2
6288,1,0,0,0,39,0,1,0,0,0,2,2,0,0,1,0,3,35.55,1309.15,0,0,1386.4499999999998
6514,1,0,1,1,72,0,1,0,2,2,2,2,2,2,2,1,1,65.1,4754.3,0,1,4687.2
6544,0,1,0,0,13,1,0,1,0,0,2,0,2,2,0,1,2,96.85,1235.55,0,3,1259.05
509,0,0,1,1,51,1,0,0,2,2,0,2,0,2,1,1,1,69.75,3562.5,0,1,3557.25
1567,0,1,1,0,71,1,0,1,0,2,2,0,2,2,2,1,2,99.2,7213.75,0,1,7043.2
6911,1,1,0,0,22,1,2,1,0,0,0,0,2,2,0,1,2,96.7,2082.95,1,3,2127.4
3703,0,0,0,0,2,1,0,0,0,2,0,2,0,0,0,1,1,55.05,102.75,1,2,110.1
3554,0,0,0,0,56,1,2,1,0,2,2,0,2,2,1,1,2,106.8,5914.4,0,1,5980.8
6137,1,0,0,0,1,1,0,0,2,0,0,0,0,0,0,0,3,51.25,51.25,0,2,51.25
4637,0,0,1,1,23,1,0,0,2,2,0,2,0,0,1,1,3,57.75,1282.85,0,3,1328.25
5689,0,1,1,0,66,1,2,0,0,2,2,0,2,0,1,1,0,70.85,4738.85,0,1,4676.099999999999
6070,0,0,0,0,1,1,0,2,1,1,1,1,1,1,0,0,3,19.55,19.55,0,2,19.55
2276,1,1,0,0,19,1,2,1,0,2,0,0,2,0,0,1,2,88.2,1775.8,1,3,1675.8
4552,1,0,0,0,11,1,0,1,2,0,2,0,0,0,0,1,0,79.5,795.65,0,3,874.5
1828,0,0,1,1,8,1,0,2,1,1,1,1,1,1,1,1,3,19.75,145.0,1,2,158.0
3119,0,0,1,1,52,1,2,1,2,2,2,0,0,2,0,0,0,98.15,4993.4,0,1,5103.8
2235,1,0,0,0,3,1,0,2,1,1,1,1,1,1,0,1,2,20.25,61.45,0,2,60.75
2182,0,0,1,1,51,1,0,1,2,2,0,0,0,0,0,1,0,79.15,4018.55,0,1,4036.65
359,1,1,0,0,15,1,2,1,0,0,0,0,0,0,0,0,2,75.65,1146.65,1,3,1134.75
1174,1,1,1,0,64,1,2,1,0,2,2,0,0,2,0,1,2,94.25,6081.4,0,1,6032.0
5011,0,0,0,0,37,0,1,0,0,0,2,0,0,2,0,1,1,40.2,1478.85,0,0,1487.4
3533,1,0,0,0,13,1,0,2,1,1,1,1,1,1,2,0,3,19.95,243.65,0,2,259.34999999999997
4060,1,0,1,0,49,1,2,0,2,0,0,0,0,0,1,1,2,55.35,2633.95,0,0,2712.15
323,0,1,0,0,45,1,2,1,0,0,2,0,2,2,1,1,0,102.15,4735.35,0,1,4596.75
1204,0,0,0,0,18,1,0,1,0,0,0,0,0,0,0,1,2,71.1,1247.75,0,3,1279.8
3726,1,1,0,0,1,1,2,1,0,0,0,0,0,0,0,1,2,74.7,74.7,1,3,74.7
6238,1,0,1,0,68,0,1,0,2,0,2,0,2,2,2,1,0,54.1,3794.5,0,0,3678.8
5270,1,0,0,0,54,1,0,2,1,1,1,1,1,1,2,0,1,19.65,1008.7,0,0,1061.1
1936,0,1,1,1,23,1,0,1,0,2,2,0,0,2,0,1,0,88.45,2130.55,0,3,2034.3500000000001
746,1,0,0,0,17,1,0,1,0,0,2,0,0,0,0,1,2,76.65,1313.55,1,3,1303.0500000000002
5608,1,0,1,0,71,1,2,0,2,2,2,2,0,2,2,0,1,80.4,5727.15,0,1,5708.400000000001
7028,0,0,1,1,67,1,0,2,1,1,1,1,1,1,2,1,0,19.25,1372.9,0,0,1289.75
6557,0,0,1,1,14,1,2,1,0,0,0,0,2,0,0,1,2,84.8,1203.9,0,3,1187.2
451,0,1,0,0,1,0,1,0,0,0,0,0,0,0,0,1,3,25.8,25.8,1,2,25.8
4102,0,0,0,1,63,1,0,2,1,1,1,1,1,1,2,0,1,19.5,1215.1,0,0,1228.5
1290,0,0,0,0,41,1,2,0,0,0,2,2,0,2,1,1,2,68.6,2877.05,0,0,2812.6
4395,0,0,1,0,17,1,2,1,0,0,0,0,2,2,0,0,2,92.6,1579.7,0,3,1574.1999999999998
2026,1,0,1,0,56,1,2,1,2,0,0,0,2,2,1,1,2,100.55,5514.95,0,1,5630.8
1291,0,0,0,0,5,1,0,2,1,1,1,1,1,1,0,0,1,20.55,96.1,0,2,102.75
5600,0,0,0,0,2,0,1,0,2,2,0,0,0,2,0,1,2,42.6,72.4,1,2,85.2
4388,0,0,1,0,3,1,0,2,1,1,1,1,1,1,0,1,3,19.6,55.25,0,2,58.800000000000004
6493,1,0,0,0,37,1,2,0,2,2,2,2,0,0,1,0,2,67.45,2443.3,0,3,2495.65
4083,0,0,0,0,29,1,0,0,2,2,2,0,0,2,0,1,0,68.85,1970.5,1,3,1996.6499999999999
6562,1,0,0,0,8,1,0,0,0,0,0,0,0,0,0,0,3,43.55,335.4,0,2,348.4
1127,0,0,0,0,63,1,2,1,0,2,2,2,2,2,0,1,1,109.85,7002.95,0,1,6920.549999999999
2101,0,0,1,1,7,1,0,2,1,1,1,1,1,1,0,0,3,20.65,158.95,0,2,144.54999999999998
2074,0,0,0,0,3,1,0,1,0,2,0,0,2,2,0,0,2,95.4,293.15,0,3,286.20000000000005
438,1,0,1,1,72,1,0,2,1,1,1,1,1,1,2,0,0,21.0,1493.75,0,0,1512.0
5754,0,0,0,0,19,1,0,0,0,0,0,0,0,2,0,1,2,56.2,1093.4,0,3,1067.8
6873,0,0,1,0,59,1,0,2,1,1,1,1,1,1,2,0,0,18.4,1057.85,0,0,1085.6
2590,1,0,1,1,2,1,0,1,0,0,2,2,0,2,0,0,1,90.0,190.05,1,3,180.0
5054,0,0,1,1,35,1,2,2,1,1,1,1,1,1,0,1,2,25.75,882.55,0,0,901.25
3442,1,0,0,0,14,1,0,2,1,1,1,1,1,1,0,0,1,19.6,300.4,0,2,274.40000000000003
6026,0,0,0,0,14,1,0,1,0,0,2,0,0,0,0,0,2,75.35,1025.95,1,3,1054.8999999999999
5595,0,0,1,1,69,1,0,2,1,1,1,1,1,1,2,0,1,19.8,1436.95,0,0,1366.2
5613,1,1,1,0,7,1,2,0,2,2,0,2,0,0,0,0,2,64.2,475.0,0,3,449.40000000000003
1996,1,0,1,1,69,1,0,0,2,2,2,2,2,0,2,1,0,75.75,5388.15,0,1,5226.75
1420,0,0,1,1,72,1,2,0,0,2,0,2,2,2,2,1,2,78.95,5730.15,0,1,5684.400000000001
4482,1,0,0,0,8,1,2,1,0,2,0,0,2,2,0,0,2,100.85,819.55,1,3,806.8
3579,0,0,1,1,4,1,0,0,2,0,0,0,0,0,0,0,2,50.3,217.1,0,2,201.2
1921,1,0,1,1,63,1,0,1,0,2,2,0,0,0,0,1,1,80.3,4896.35,0,1,5058.9
1666,1,0,0,0,72,1,0,2,1,1,1,1,1,1,2,0,0,19.85,1434.1,0,0,1429.2
6901,0,0,0,0,46,1,0,2,1,1,1,1,1,1,2,1,2,21.1,937.1,0,0,970.6
216,0,0,1,0,5,1,0,1,0,0,0,0,0,0,0,0,2,69.95,330.15,1,3,349.75
2669,1,0,1,0,30,1,0,0,0,0,2,0,0,0,0,1,3,50.0,1474.9,0,0,1500.0
3682,1,0,0,0,63,1,2,1,0,2,2,0,2,2,2,1,0,104.75,6536.5,0,1,6599.25
5061,0,0,0,0,60,1,0,2,1,1,1,1,1,1,2,0,0,19.85,1128.1,0,0,1191.0
2000,0,0,1,0,63,1,2,1,0,2,2,0,2,2,1,1,2,107.5,6873.75,1,1,6772.5
3925,1,0,1,1,25,1,0,1,0,0,0,2,2,0,0,0,2,85.9,2199.05,0,3,2147.5
2968,1,0,0,0,1,1,0,0,0,0,0,0,0,0,0,1,3,45.85,45.85,1,2,45.85
7017,1,1,1,0,6,1,2,1,0,0,2,0,0,0,0,1,2,80.8,457.1,0,3,484.79999999999995
4622,1,0,0,0,22,1,2,2,1,1,1,1,1,1,2,0,3,25.25,566.5,0,2,555.5
1537,0,0,1,1,31,1,2,0,0,2,0,2,2,2,2,0,0,80.55,2471.6,0,3,2497.0499999999997
5520,0,0,1,1,39,1,0,1,0,0,2,2,0,0,0,1,0,81.5,3107.3,0,3,3178.5
6556,1,0,0,0,26,1,0,2,1,1,1,1,1,1,0,0,3,20.9,518.3,0,2,543.4
6802,0,0,1,0,53,1,0,1,2,2,2,0,2,2,1,1,0,106.1,5769.75,1,1,5623.299999999999
2227,0,0,0,0,1,1,0,1,0,2,0,2,2,0,0,0,2,91.7,91.7,1,3,91.7
3269,1,0,0,0,12,1,2,0,2,2,0,2,0,0,0,1,2,67.25,832.3,0,3,807.0
436,0,0,0,0,16,1,2,1,0,2,2,0,0,2,0,1,1,95.6,1555.65,1,3,1529.6
6915,0,0,0,0,2,1,0,2,1,1,1,1,1,1,0,0,3,20.35,45.3,0,2,40.7
5215,1,0,0,1,39,0,1,0,2,0,0,2,2,0,1,0,0,45.05,1790.6,0,0,1756.9499999999998
793,1,0,0,0,1,1,2,1,0,0,0,0,0,0,0,1,2,74.95,74.95,1,3,74.95
5873,0,0,1,1,7,0,1,0,2,0,0,2,0,0,0,0,3,34.65,246.6,0,2,242.54999999999998
2255,1,1,0,0,4,1,0,1,0,0,0,0,0,0,0,0,2,69.35,261.65,0,3,277.4
1823,1,1,0,0,10,1,2,1,0,0,0,0,2,2,0,1,2,95.35,898.35,1,3,953.5
4948,0,0,0,0,55,1,0,1,0,2,2,0,0,0,0,1,2,81.55,4509.5,0,1,4485.25
3337,1,0,1,1,72,1,0,0,0,2,2,0,2,2,2,1,0,75.4,5480.25,0,1,5428.8
990,0,0,1,0,10,1,0,0,0,0,2,0,2,2,0,1,1,67.8,653.15,0,3,678.0
2301,1,1,0,0,11,1,2,1,0,2,2,2,2,2,0,1,2,111.4,1183.05,0,3,1225.4
543,0,0,1,1,15,1,0,0,0,0,0,0,0,0,0,0,2,46.3,639.45,0,2,694.5
2140,0,0,1,1,23,1,0,2,1,1,1,1,1,1,2,0,0,20.4,478.75,0,2,469.2
1939,1,0,0,1,1,1,0,2,1,1,1,1,1,1,0,0,3,20.05,20.05,0,2,20.05
5457,0,1,0,0,3,1,0,0,0,0,0,0,0,0,0,0,2,45.0,127.1,1,2,135.0
3534,1,0,1,1,47,1,0,1,2,2,2,0,0,2,1,1,2,96.1,4391.45,0,1,4516.7
3775,0,0,0,1,15,1,0,2,1,1,1,1,1,1,1,0,3,19.65,270.6,0,2,294.75
1347,1,0,0,0,66,1,0,1,0,2,2,0,2,2,0,0,2,99.5,6710.5,1,1,6567.0
677,0,1,1,0,68,1,0,0,0,2,2,2,0,0,1,1,0,60.65,3975.9,0,1,4124.2
6523,0,0,1,1,17,1,0,1,0,0,2,2,2,2,1,0,0,98.6,1704.95,1,3,1676.1999999999998
823,0,0,0,0,7,1,0,0,0,0,0,2,2,0,0,1,3,59.5,415.95,1,3,416.5
6607,1,1,1,0,12,1,0,1,0,0,0,0,0,2,0,1,2,80.45,950.2,1,3,965.4000000000001
5055,0,1,1,0,21,1,2,0,0,2,2,0,0,2,1,0,0,71.7,1497.05,0,3,1505.7
1909,1,0,0,0,21,0,1,0,0,2,0,2,0,0,0,1,3,36.0,780.15,0,2,756.0
3613,0,0,1,1,56,1,2,0,2,0,0,0,2,0,1,0,0,65.2,3512.15,0,0,3651.2000000000003
1874,0,0,1,1,6,1,2,0,0,0,0,0,0,0,0,1,1,48.95,273.25,0,2,293.70000000000005
6979,0,1,0,0,65,0,1,0,0,2,2,0,2,2,2,1,0,53.5,3517.9,0,0,3477.5
3151,1,0,1,0,42,1,2,0,2,0,0,2,2,2,1,0,1,80.45,3375.9,0,1,3378.9
2651,0,0,1,1,68,1,2,1,2,0,2,2,2,2,2,1,0,109.05,7508.55,0,1,7415.4
4205,1,0,1,1,48,1,2,2,1,1,1,1,1,1,2,0,0,26.3,1245.05,0,0,1262.4
5791,0,1,0,0,50,1,2,1,0,2,0,2,2,2,1,1,2,106.8,5347.95,0,1,5340.0
5222,0,1,0,0,7,1,0,0,0,2,2,0,2,0,0,1,2,64.95,493.65,0,3,454.65000000000003
5432,0,0,1,1,63,1,0,2,1,1,1,1,1,1,2,0,2,19.35,1263.85,0,0,1219.0500000000002
5867,1,0,0,0,17,1,0,2,1,1,1,1,1,1,0,0,1,21.1,385.55,0,2,358.70000000000005
5947,0,0,1,1,42,1,0,1,0,0,0,0,2,0,0,1,1,77.95,3384.0,1,1,3273.9
420,1,0,1,1,4,1,0,2,1,1,1,1,1,1,0,0,3,18.85,84.2,0,2,75.4
4602,0,0,0,1,62,1,2,2,1,1,1,1,1,1,2,0,0,26.0,1638.7,0,0,1612.0
1900,1,1,0,0,2,1,0,1,0,2,0,0,0,0,0,1,2,74.7,165.4,1,3,149.4
5205,0,0,1,0,2,1,0,1,0,0,0,0,0,0,0,1,2,70.35,120.25,0,3,140.7
3788,1,0,1,0,48,1,2,1,2,2,2,0,2,0,2,1,0,96.9,4473.45,0,1,4651.200000000001
5347,1,0,1,0,27,1,0,2,1,1,1,1,1,1,2,0,0,19.55,520.55,0,2,527.85
4112,0,0,1,1,70,1,0,0,0,2,2,2,2,2,2,1,0,80.4,5717.85,0,1,5628.0
2136,1,1,0,0,1,1,2,1,0,0,2,0,2,0,0,1,2,88.8,88.8,1,3,88.8
2031,1,0,1,0,46,1,2,1,0,2,2,0,2,0,1,1,2,94.65,4312.5,0,1,4353.900000000001
4283,1,0,0,0,30,1,0,1,0,0,0,0,2,2,0,1,2,90.25,2755.35,1,3,2707.5
5284,0,0,0,0,15,1,2,0,2,0,0,0,0,2,0,1,0,64.65,994.55,1,3,969.7500000000001
4447,1,0,1,1,69,1,2,1,0,2,2,0,2,0,1,0,1,95.75,6511.25,0,1,6606.75
5634,1,0,0,0,65,1,0,2,1,1,1,1,1,1,2,1,1,19.55,1218.65,0,0,1270.75
4525,1,1,1,1,72,1,0,1,2,0,2,2,2,2,2,1,1,104.1,7447.7,0,1,7495.2
2916,1,1,1,0,13,1,0,1,0,2,0,2,0,2,0,1,0,89.05,1169.35,1,3,1157.6499999999999
1644,1,0,0,0,17,1,0,2,1,1,1,1,1,1,1,1,3,20.1,279.5,0,2,341.70000000000005
2507,1,0,1,0,51,1,2,1,2,0,2,2,2,2,1,1,2,111.55,5720.35,0,1,5689.05
2374,1,0,1,1,51,1,0,0,2,2,0,2,0,0,2,0,1,60.5,3121.45,0,0,3085.5
1325,0,0,1,0,72,1,2,0,2,2,2,2,2,2,2,1,0,90.95,6468.6,0,1,6548.400000000001
2159,1,0,1,1,67,1,2,1,0,2,2,0,0,0,1,0,2,87.4,5918.8,1,1,5855.8
2357,1,0,0,0,34,1,0,2,1,1,1,1,1,1,0,0,3,19.7,675.6,0,2,669.8
2690,1,0,1,0,67,0,1,0,2,2,0,2,0,2,2,1,0,50.95,3521.7,0,0,3413.65
1938,0,0,1,0,49,1,0,2,1,1,1,1,1,1,1,1,0,20.05,923.1,0,0,982.45
4624,1,0,1,1,53,1,0,2,1,1,1,1,1,1,2,1,3,19.4,1110.35,0,0,1028.1999999999998
3487,1,0,0,0,27,1,2,0,0,0,2,2,0,0,0,0,2,59.45,1611.65,0,3,1605.15
5690,0,1,0,0,23,1,0,1,0,2,0,0,2,2,0,1,2,94.75,2293.6,1,3,2179.25
4199,1,0,0,0,69,1,2,0,2,2,2,2,0,2,2,1,1,81.5,5553.25,0,1,5623.5
4274,0,0,1,1,2,0,1,0,0,0,0,2,0,0,0,0,0,29.05,44.75,0,2,58.1
4507,0,0,0,0,35,1,2,1,0,0,0,0,2,0,0,1,2,86.45,3029.1,1,3,3025.75
1622,0,0,1,0,46,1,0,0,2,2,0,2,0,2,1,0,3,70.6,3231.05,0,0,3247.6
4287,0,0,0,0,54,1,2,1,0,2,0,0,2,2,2,1,0,97.2,5129.45,0,1,5248.8
2034,0,0,1,0,56,1,2,1,0,2,0,0,2,2,1,1,2,98.25,5508.35,1,1,5502.0
868,0,0,1,0,9,1,0,1,0,0,2,0,0,0,0,1,0,75.75,655.9,1,3,681.75
6689,1,0,0,0,20,1,2,0,2,0,0,2,0,0,0,0,0,59.2,1191.2,0,3,1184.0
3553,1,0,0,0,11,1,0,1,0,2,0,0,0,0,0,1,3,75.9,866.4,0,3,834.9000000000001
4449,0,1,1,0,30,1,2,1,0,2,0,0,2,0,0,1,2,90.05,2627.2,0,3,2701.5
2469,1,0,1,0,68,1,0,0,2,2,2,0,0,2,2,0,0,70.95,4741.45,0,1,4824.6
1673,1,1,1,0,38,1,2,1,0,2,2,0,2,2,0,1,2,102.6,4009.2,0,1,3898.7999999999997
2972,0,1,1,0,17,1,2,1,2,0,2,0,0,0,0,1,0,85.35,1463.45,1,3,1450.9499999999998
1279,1,0,0,0,48,1,2,1,0,2,2,0,2,2,1,1,1,106.1,5082.8,1,1,5092.799999999999
1023,0,0,0,0,1,1,0,0,0,0,0,0,0,0,0,0,2,43.8,43.8,0,2,43.8
7042,1,0,1,1,63,0,1,0,2,2,2,0,2,2,2,0,2,59.0,3707.6,0,0,3717.0
2082,0,0,0,0,3,1,0,0,0,0,2,0,2,2,1,1,2,69.95,220.45,0,3,209.85000000000002
946,0,0,0,0,48,1,2,2,1,1,1,1,1,1,1,0,0,24.35,1133.7,0,0,1168.8000000000002
3525,1,0,0,0,66,0,1,0,0,0,0,2,0,0,1,0,1,29.45,1983.15,0,0,1943.7
6278,0,0,1,1,68,1,2,1,0,2,2,0,0,0,2,1,1,84.4,5746.75,0,1,5739.200000000001
3282,1,1,0,0,17,1,0,0,0,0,0,0,0,0,0,1,2,45.05,770.6,1,2,765.8499999999999
1615,0,0,1,1,7,1,0,2,1,1,1,1,1,1,1,0,3,20.65,134.05,0,2,144.54999999999998
4237,1,0,1,0,72,1,2,0,2,2,2,2,2,2,2,1,0,87.1,6230.1,0,1,6271.2
1036,0,0,1,0,29,1,0,2,1,1,1,1,1,1,0,0,3,19.85,573.05,0,2,575.6500000000001
6654,1,0,1,0,37,1,0,1,0,0,2,2,0,2,0,1,2,90.35,3419.3,0,1,3342.95
2329,0,0,0,0,34,1,2,1,2,2,2,0,2,2,0,1,3,109.8,3587.25,1,1,3733.2
6674,0,1,0,0,42,1,2,1,0,0,0,0,2,0,0,1,2,84.65,3541.35,1,1,3555.3
1766,0,0,1,1,59,1,2,0,2,2,0,2,0,0,1,0,3,65.5,3801.3,0,1,3864.5
3868,1,0,1,1,11,1,0,1,0,0,0,0,2,0,0,1,0,79.5,868.5,1,3,874.5
5269,1,1,1,1,60,1,2,1,2,0,0,0,0,0,0,1,2,80.95,4859.1,0,1,4857.0
1969,0,0,0,0,27,1,0,0,0,2,0,2,0,0,0,1,3,56.15,1439.35,0,3,1516.05
2120,0,0,0,0,1,1,2,1,0,0,0,0,0,2,0,0,3,85.8,85.8,1,3,85.8
6054,1,1,0,0,1,1,0,1,0,0,0,0,2,0,0,1,2,79.1,79.1,1,3,79.1
2307,1,0,1,0,17,0,1,0,2,0,2,0,0,0,0,0,3,34.4,592.75,0,2,584.8
4700,1,0,1,0,58,1,0,2,1,1,1,1,1,1,2,0,3,20.75,1185.95,0,0,1203.5
2060,1,0,1,1,1,1,0,2,1,1,1,1,1,1,1,0,3,18.8,18.8,0,2,18.8
5645,0,0,1,1,3,1,0,0,0,0,0,0,0,0,0,0,3,44.3,134.5,1,2,132.89999999999998
5817,0,0,0,0,53,1,2,1,2,2,2,0,0,0,0,0,2,90.8,4921.2,0,1,4812.4
2920,1,0,0,0,35,1,2,2,1,1,1,1,1,1,0,1,2,25.6,901.25,0,0,896.0
847,1,0,1,1,50,1,2,1,2,0,2,0,2,2,0,0,1,105.95,5341.8,1,1,5297.5
2442,1,0,1,1,68,1,2,0,0,2,0,2,0,2,2,0,1,70.8,4859.95,0,1,4814.4
803,1,0,1,0,47,1,2,2,1,1,1,1,1,1,0,0,2,25.4,1139.2,0,0,1193.8
2647,0,1,1,0,65,1,2,1,0,2,2,0,2,2,0,1,0,108.8,7082.45,0,1,7072.0
1393,1,0,0,0,5,1,0,1,0,0,0,0,0,0,0,1,2,69.75,324.6,1,3,348.75
3814,1,0,1,0,51,1,2,1,0,0,0,0,2,2,0,1,2,94.65,4812.75,1,1,4827.150000000001
3407,0,0,0,0,46,1,2,1,0,0,0,0,2,2,0,0,0,96.05,4399.5,1,1,4418.3
838,0,0,0,0,9,1,2,1,0,0,0,0,0,0,0,1,2,76.85,663.55,0,3,691.65
5949,0,0,0,0,8,1,0,2,1,1,1,1,1,1,2,0,3,20.25,174.65,0,2,162.0
3077,1,0,0,0,14,1,2,2,1,1,1,1,1,1,1,1,1,24.8,321.7,0,2,347.2
6804,0,0,0,0,45,1,2,1,2,2,2,2,2,2,0,1,2,115.65,5125.5,0,1,5204.25
3849,0,0,0,0,8,1,2,1,0,0,0,0,0,0,0,1,1,74.6,548.9,0,3,596.8
3561,1,1,0,1,1,1,0,0,0,0,2,0,0,0,0,1,3,50.15,50.15,1,2,50.15
993,1,0,1,1,66,1,0,1,2,2,2,0,2,2,1,1,0,103.15,7031.3,0,1,6807.900000000001
3326,1,0,1,1,72,1,2,0,2,2,2,2,0,0,2,0,1,72.1,5016.65,0,1,5191.2
6470,0,0,1,0,41,1,2,1,2,2,2,2,2,2,0,1,0,113.6,4594.95,1,1,4657.599999999999
1932,0,0,1,1,23,1,2,2,1,1,1,1,1,1,2,0,3,25.1,611.45,0,2,577.3000000000001
4474,0,0,0,0,29,1,0,1,0,0,0,0,2,0,0,1,2,78.9,2384.15,1,3,2288.1000000000004
538,0,0,0,0,4,1,2,1,2,0,0,0,0,0,0,1,2,80.15,319.85,0,3,320.6
2298,1,0,1,1,6,1,2,2,1,1,1,1,1,1,2,0,3,25.4,153.3,0,2,152.39999999999998
718,0,1,1,0,67,1,2,1,2,2,2,2,0,2,1,1,1,105.4,7035.6,0,1,7061.8
679,1,1,0,1,7,1,0,0,0,0,0,0,0,0,0,1,3,45.75,344.2,0,2,320.25
3878,1,0,1,1,56,1,2,2,1,1,1,1,1,1,1,1,3,24.45,1431.65,0,0,1369.2
3414,0,0,1,0,72,1,2,2,1,1,1,1,1,1,2,0,1,25.0,1849.2,0,0,1800.0
6503,1,0,1,0,72,1,2,0,2,2,2,0,2,2,2,1,2,85.25,6083.1,0,1,6138.0
227,1,0,1,1,23,1,0,2,1,1,1,1,1,1,2,0,1,19.6,426.65,0,2,450.8
3084,0,0,0,1,35,1,2,0,0,0,0,0,0,0,0,0,3,50.15,1655.35,0,0,1755.25
6589,1,1,1,0,27,1,0,1,0,0,0,0,0,0,0,1,2,70.55,1943.9,0,3,1904.85
4852,0,0,1,1,26,1,2,0,0,2,0,2,0,0,0,1,2,60.05,1616.15,1,3,1561.3
5920,1,0,1,1,12,1,2,2,1,1,1,1,1,1,1,0,3,26.4,314.95,0,2,316.79999999999995
3325,0,0,0,0,40,1,0,2,1,1,1,1,1,1,2,0,3,20.15,804.85,0,0,806.0
170,1,0,1,1,7,0,1,0,2,2,2,0,2,2,0,0,3,58.85,465.7,0,3,411.95
4069,1,0,1,1,70,1,2,1,2,2,0,0,2,0,0,1,1,97.55,6669.05,0,1,6828.5
6304,1,0,1,1,60,1,0,2,1,1,1,1,1,1,2,0,1,19.65,1161.75,0,0,1179.0
1150,1,0,1,1,39,0,1,0,0,0,0,0,0,0,1,1,1,25.25,947.75,0,0,984.75
5230,1,0,1,0,72,1,2,1,2,2,2,2,2,2,2,0,1,114.45,8375.05,0,1,8240.4
246,0,0,0,0,1,0,1,0,0,0,0,0,2,0,0,1,2,34.7,34.7,1,2,34.7
3461,1,0,1,1,54,1,2,0,0,2,0,2,2,0,1,1,2,70.7,3770.0,0,1,3817.8
6064,1,0,0,0,3,1,2,1,0,0,0,0,0,2,0,1,2,85.3,264.8,1,3,255.89999999999998
2671,0,0,1,1,63,1,0,0,2,2,2,2,2,0,2,0,1,75.55,4707.85,0,1,4759.65
889,1,0,1,1,71,1,2,1,0,2,0,2,0,0,2,1,2,84.8,6152.4,0,1,6020.8
4414,0,0,0,0,42,1,0,2,1,1,1,1,1,1,1,1,3,20.65,958.1,0,0,867.3
4942,1,0,0,0,47,1,0,2,1,1,1,1,1,1,2,0,0,20.45,943.0,0,0,961.15
4322,0,0,1,1,66,1,2,1,0,2,2,0,2,2,1,1,1,102.45,6615.15,1,1,6761.7
3086,0,0,1,0,21,1,2,1,2,0,2,0,2,2,0,1,0,104.4,2200.25,1,3,2192.4
5794,1,0,0,0,11,0,1,0,0,2,0,2,0,0,0,1,2,35.65,425.1,0,2,392.15
64,1,0,0,1,1,1,2,1,0,0,2,0,2,2,0,1,2,99.75,99.75,1,3,99.75
3470,0,1,1,0,55,1,2,1,0,2,2,2,0,0,0,0,2,90.45,5044.8,0,1,4974.75
497,1,0,0,0,69,1,2,1,0,2,2,2,2,0,2,1,1,97.65,6743.55,0,1,6737.85
3426,0,1,0,0,3,1,0,1,0,0,2,0,0,0,0,0,2,73.85,196.4,0,3,221.54999999999998
6101,1,0,0,0,4,1,0,0,0,0,2,2,2,2,0,1,2,74.4,299.7,1,3,297.6
2295,1,1,0,0,30,1,2,0,0,0,2,2,2,0,2,1,1,69.1,2093.9,0,3,2073.0
4564,0,0,0,0,5,1,2,1,0,0,2,2,0,0,0,1,2,82.75,417.75,0,3,413.75
7022,0,0,1,0,71,1,2,2,1,1,1,1,1,1,2,1,1,24.4,1725.4,0,0,1732.3999999999999
4470,0,0,0,0,29,1,2,0,0,2,0,0,0,0,1,1,2,55.25,1620.2,0,3,1602.25
1158,1,0,1,0,52,1,2,0,0,2,0,2,0,0,0,0,0,61.35,3169.55,0,0,3190.2000000000003
6312,1,0,0,0,68,1,2,0,2,2,2,0,0,2,1,0,1,76.75,5233.25,0,1,5219.0
260,0,0,1,1,46,1,0,2,1,1,1,1,1,1,2,0,3,19.4,967.85,0,0,892.4
3919,1,0,0,0,8,1,0,0,0,0,0,0,0,2,0,1,1,54.75,438.05,0,2,438.0
273,1,0,1,0,72,1,0,2,1,1,1,1,1,1,2,0,1,19.7,1421.9,0,0,1418.3999999999999
5178,0,0,0,0,17,1,0,2,1,1,1,1,1,1,1,0,0,19.9,323.15,0,2,338.29999999999995
1413,1,0,0,0,3,1,0,1,0,2,2,2,2,2,0,1,2,107.95,318.6,0,3,323.85
4545,0,1,0,0,2,1,0,1,0,2,0,0,2,0,0,1,0,83.8,163.7,0,3,167.6
2890,0,0,0,0,9,1,0,1,2,0,0,0,0,0,0,1,1,74.25,639.65,1,3,668.25
6397,0,0,0,0,51,0,1,0,0,2,2,0,2,2,1,1,1,56.4,2928.5,0,0,2876.4
1771,0,0,1,1,6,1,0,2,1,1,1,1,1,1,2,0,3,20.1,100.35,0,2,120.60000000000001
5250,0,0,1,0,3,1,2,1,0,0,0,0,2,2,0,0,2,94.9,273.2,0,3,284.70000000000005
4203,0,1,0,0,17,1,2,1,0,0,0,0,2,2,0,1,2,94.2,1608.15,0,3,1601.4
1316,1,0,1,0,30,1,2,0,0,0,0,0,0,0,0,0,2,49.9,1441.95,0,0,1497.0
3626,1,0,0,0,31,1,2,0,0,2,0,2,2,0,0,1,2,71.05,2168.15,0,3,2202.5499999999997
5926,0,0,0,0,45,1,0,0,2,0,2,2,2,2,2,0,0,81.65,3618.7,0,1,3674.2500000000005
5853,1,0,1,0,64,1,2,1,2,2,2,0,0,0,1,0,0,89.45,5692.65,0,1,5724.8
2725,1,0,0,0,1,1,2,0,0,0,0,0,2,0,0,1,2,59.85,59.85,1,2,59.85
5939,0,1,0,0,1,1,0,1,0,0,0,0,0,0,0,1,2,69.6,69.6,1,3,69.6
6832,1,1,1,1,61,1,2,1,0,2,0,0,2,2,1,0,2,99.0,5969.3,0,1,6039.0
686,1,0,0,0,1,1,0,2,1,1,1,1,1,1,0,0,3,19.05,19.05,0,2,19.05
5318,1,0,0,0,9,0,1,0,0,0,0,0,2,2,0,1,2,45.4,418.8,1,2,408.59999999999997
1380,1,0,1,1,72,1,2,1,2,2,2,2,2,2,2,0,0,114.45,8100.55,0,1,8240.4
5346,0,0,0,0,1,1,0,2,1,1,1,1,1,1,0,0,3,19.5,19.5,1,2,19.5
6284,0,0,1,0,7,1,0,0,0,0,0,0,0,0,0,1,3,44.25,313.45,0,2,309.75
6107,0,0,1,0,66,1,2,1,0,2,2,2,0,0,1,1,0,90.55,6130.95,0,1,5976.3
6909,1,0,0,0,1,1,0,1,0,0,0,0,0,0,0,1,2,69.9,69.9,1,3,69.9
840,1,0,1,1,40,1,0,2,1,1,1,1,1,1,0,1,0,20.4,745.3,0,0,816.0
61,1,0,0,0,16,1,2,0,0,2,2,0,0,2,0,1,0,71.4,1212.1,0,3,1142.4
3780,0,0,0,0,2,1,0,1,0,2,0,0,2,0,0,1,0,87.15,183.75,1,3,174.3
2653,1,0,1,0,67,1,2,2,1,1,1,1,1,1,2,0,1,24.85,1583.5,0,0,1664.95
6324,0,0,1,0,41,1,0,1,2,2,2,0,2,2,1,1,0,104.45,4162.05,0,1,4282.45
1661,0,0,1,1,56,1,0,2,1,1,1,1,1,1,2,1,1,19.8,1119.9,0,0,1108.8
2785,0,0,0,0,72,1,2,1,2,2,2,2,2,2,2,1,0,116.45,8013.55,0,1,8384.4
2239,0,0,1,1,3,1,2,1,0,0,0,0,0,2,0,1,0,84.75,264.85,1,3,254.25
6029,0,0,1,0,54,1,0,2,1,1,1,1,1,1,2,0,1,20.05,1102.4,0,0,1082.7
907,1,1,0,0,52,1,2,1,0,2,2,2,2,2,0,1,2,110.75,5832.0,0,1,5759.0
2905,0,0,0,0,50,1,0,1,0,0,2,2,0,2,2,1,0,89.7,4304.5,0,1,4485.0
6638,1,0,0,0,14,1,2,1,0,0,0,2,2,0,0,1,2,89.95,1178.4,1,3,1259.3
5540,1,0,1,0,27,1,0,0,2,0,0,0,0,0,1,0,1,48.7,1421.75,0,2,1314.9
1391,0,1,1,0,72,1,2,1,2,2,2,2,0,0,2,1,0,96.6,6827.5,0,1,6955.2
2560,1,0,0,0,62,1,0,0,2,2,0,0,2,2,1,1,1,74.3,4698.05,0,1,4606.599999999999
1219,0,0,0,0,12,1,0,0,0,2,0,2,0,0,0,1,2,54.3,654.5,0,2,651.5999999999999
83,0,1,0,0,44,1,0,0,0,0,2,2,2,2,1,0,0,74.85,3268.05,0,1,3293.3999999999996
4934,1,0,1,1,54,1,0,1,0,2,0,2,0,0,2,1,0,79.95,4362.05,0,1,4317.3
4138,0,0,0,0,68,1,0,2,1,1,1,1,1,1,2,0,0,20.05,1386.9,0,0,1363.4
1536,1,0,0,0,20,1,0,2,1,1,1,1,1,1,0,0,3,19.4,415.4,0,2,388.0
1723,1,0,1,1,50,1,2,0,0,0,2,0,0,0,1,0,0,54.9,2614.1,0,0,2745.0
3808,1,0,0,0,58,1,2,2,1,1,1,1,1,1,2,1,1,24.45,1513.6,0,0,1418.1
6656,1,0,1,1,35,1,2,1,0,2,0,0,2,0,0,1,0,89.65,3161.6,0,3,3137.75
4625,0,0,0,0,2,1,0,0,0,0,0,0,0,0,0,1,2,45.4,80.95,0,2,90.8
2744,1,0,1,1,63,1,2,0,2,0,2,2,0,2,2,0,3,75.7,4676.7,0,1,4769.1
277,0,0,1,0,58,1,2,1,2,2,2,0,2,2,1,1,1,110.65,6526.65,0,1,6417.700000000001
6196,0,0,1,1,27,1,0,2,1,1,1,1,1,1,1,1,3,20.55,583.3,0,2,554.85
2567,0,0,1,0,71,1,2,1,2,2,2,2,2,2,2,1,1,115.15,8078.1,0,1,8175.650000000001
2126,0,0,0,0,63,1,0,0,0,0,2,0,0,2,1,0,1,58.55,3503.5,0,0,3688.6499999999996
2195,1,0,1,0,71,1,2,1,0,2,2,0,0,2,0,1,0,93.25,6669.45,0,1,6620.75
5177,0,1,0,0,41,1,2,1,2,2,2,0,2,2,0,1,2,113.2,4689.5,1,1,4641.2
5092,1,1,0,0,13,1,0,1,0,0,0,0,2,2,0,1,2,90.5,1201.15,1,3,1176.5
5118,1,0,0,0,2,1,0,1,0,0,0,0,2,0,0,0,2,79.0,143.65,1,3,158.0
1350,0,0,1,1,68,1,0,2,1,1,1,1,1,1,2,1,0,19.35,1292.65,0,0,1315.8000000000002
3701,1,0,1,1,1,1,0,0,2,0,0,0,0,0,0,1,3,48.75,48.75,0,2,48.75
1583,1,1,0,0,65,1,2,1,2,0,2,2,2,2,2,1,2,109.05,7108.2,0,1,7088.25
3979,1,1,1,0,72,1,2,2,1,1,1,1,1,1,2,1,0,25.0,1802.55,0,0,1800.0
1460,0,0,0,0,28,1,2,0,0,0,0,2,0,0,0,1,1,54.9,1505.15,0,3,1537.2
4387,1,0,1,1,72,1,2,2,1,1,1,1,1,1,2,0,1,24.75,1859.1,0,0,1782.0
3592,0,0,0,0,2,1,0,1,2,2,0,0,2,0,0,1,2,91.15,168.5,0,3,182.3
351,0,0,0,1,18,1,0,2,1,1,1,1,1,1,1,0,0,20.15,390.85,1,2,362.7
1729,1,1,1,0,60,1,2,1,0,2,2,0,2,2,1,1,2,104.35,6339.45,0,1,6261.0
6084,0,1,0,0,26,1,2,0,0,0,0,2,0,2,0,1,2,66.05,1652.4,0,3,1717.3
5943,1,0,0,1,1,1,0,1,0,0,0,0,0,0,0,1,2,71.65,71.65,1,3,71.65
4033,0,0,0,0,4,1,0,2,1,1,1,1,1,1,0,0,3,20.35,77.5,1,2,81.4
1077,1,0,1,1,68,1,2,0,2,2,2,2,2,2,2,1,1,92.2,6392.85,0,1,6269.6
5332,0,0,0,0,38,1,0,1,0,2,2,2,0,0,0,1,1,84.25,3264.5,1,3,3201.5
5533,0,1,1,0,42,1,2,1,2,0,2,0,2,2,1,1,0,105.2,4599.15,0,1,4418.400000000001
5264,0,0,1,0,57,1,0,2,1,1,1,1,1,1,2,1,0,19.6,1134.25,0,0,1117.2
1769,1,0,1,0,54,0,1,0,0,2,0,0,0,0,0,0,2,30.4,1621.35,0,0,1641.6
2162,0,0,0,0,12,1,0,1,0,0,0,0,0,2,0,0,0,78.1,947.3,1,3,937.1999999999999
1613,0,0,1,0,44,1,0,0,2,2,2,0,0,0,1,1,3,61.5,2722.2,0,0,2706.0
5959,1,0,1,1,42,1,2,0,2,2,0,0,2,0,0,1,0,69.4,3058.3,0,0,2914.8
2940,1,0,1,1,72,1,2,2,1,1,1,1,1,1,2,0,0,24.75,1769.6,0,0,1782.0
3825,0,0,1,1,71,1,2,0,2,2,2,2,2,2,2,0,3,91.05,6293.75,0,1,6464.55
4194,0,0,1,0,19,1,2,1,0,0,2,0,0,2,0,0,3,89.65,1761.05,1,3,1703.3500000000001
1697,0,0,1,0,23,1,2,0,0,0,0,2,2,2,0,1,1,73.65,1642.75,0,3,1693.95
570,0,0,0,0,30,1,0,2,1,1,1,1,1,1,2,0,1,19.4,578.5,0,2,582.0
2446,1,0,0,0,35,1,2,2,1,1,1,1,1,1,1,0,0,26.2,954.9,0,0,917.0
6478,0,0,0,0,10,1,2,1,2,0,0,0,2,2,0,1,2,98.7,973.25,1,3,987.0
4721,1,0,0,0,1,1,0,0,0,0,0,0,0,0,0,1,0,43.85,43.85,0,2,43.85
1473,1,0,0,0,22,1,0,1,0,0,0,0,0,0,0,1,3,69.7,1490.4,0,3,1533.4
5302,1,0,1,1,7,0,1,0,2,2,2,0,0,0,2,0,3,38.55,280.0,0,2,269.84999999999997
1903,0,0,0,0,36,0,1,0,2,2,2,2,0,2,2,1,3,53.1,1901.25,0,0,1911.6000000000001
4271,0,0,1,1,34,1,0,2,1,1,1,1,1,1,0,0,3,20.65,716.4,0,2,702.0999999999999
5583,1,0,1,1,72,1,2,0,2,2,2,0,0,0,2,0,1,64.45,4720.0,0,1,4640.400000000001
6330,1,0,1,1,36,1,2,2,1,1,1,1,1,1,2,0,1,25.1,930.95,0,0,903.6
4911,0,0,0,0,1,1,0,1,0,0,2,0,0,0,0,0,2,76.35,76.35,1,3,76.35
3383,0,0,0,0,23,1,2,1,0,2,0,0,0,0,0,1,2,79.15,1676.95,1,3,1820.45
6766,1,1,1,0,32,1,2,1,0,0,0,0,0,2,0,1,2,85.0,2642.05,1,3,2720.0
3639,0,0,1,1,71,1,2,1,2,2,2,2,0,0,1,1,1,95.15,6770.85,0,1,6755.650000000001
1399,0,1,0,0,23,1,2,1,0,0,2,0,0,0,0,1,3,79.35,1835.3,0,3,1825.05
1416,1,0,1,0,17,1,0,1,0,0,2,0,2,2,1,1,0,96.65,1588.25,0,3,1643.0500000000002
554,1,0,0,0,1,1,0,0,0,0,2,2,2,2,0,1,2,75.5,75.5,0,3,75.5
3866,1,0,1,1,12,1,0,2,1,1,1,1,1,1,2,0,3,19.7,258.35,0,2,236.39999999999998
1295,0,0,1,0,72,1,0,2,1,1,1,1,1,1,2,0,1,20.5,1502.25,0,0,1476.0
1134,1,0,0,0,1,1,0,2,1,1,1,1,1,1,0,0,3,19.2,19.2,0,2,19.2
4017,1,1,1,0,72,1,2,1,0,2,0,0,2,2,2,0,0,98.35,6929.4,0,1,7081.2
3103,1,0,1,1,60,1,2,1,0,0,0,0,0,0,0,0,0,74.35,4453.3,0,1,4461.0
4760,0,0,1,1,61,0,1,0,0,2,2,2,2,0,2,0,1,51.35,3244.4,0,0,3132.35
5348,0,0,1,0,6,1,0,0,0,0,0,0,0,0,0,0,3,45.65,323.45,0,2,273.9
2470,1,1,1,0,32,1,2,1,0,0,0,0,0,2,0,0,2,85.3,2661.1,1,3,2729.6
3466,0,0,0,1,31,1,2,1,0,0,0,0,2,0,0,1,1,86.55,2697.4,1,3,2683.0499999999997
6015,1,0,0,0,19,1,0,1,0,2,0,0,0,0,0,1,1,73.85,1424.5,1,3,1403.1499999999999
539,1,0,1,1,72,1,0,2,1,1,1,1,1,1,2,0,0,20.3,1401.15,0,0,1461.6000000000001
3856,0,0,0,0,32,1,2,0,0,2,0,0,0,0,0,1,2,54.2,1739.6,0,0,1734.4
4910,1,0,1,0,65,1,2,1,0,2,0,0,0,2,0,1,2,90.65,5931.0,0,1,5892.25
2054,0,0,1,1,45,0,1,0,2,0,0,0,2,2,0,1,0,50.9,2333.85,0,0,2290.5
1241,1,0,0,0,42,1,2,2,1,1,1,1,1,1,1,0,2,25.05,949.85,0,0,1052.1000000000001
2111,1,0,0,0,8,1,2,1,0,0,0,0,0,0,0,1,2,74.85,572.45,0,3,598.8
5203,1,0,0,1,32,1,0,2,1,1,1,1,1,1,2,0,3,20.5,696.8,0,2,656.0
2377,0,1,1,0,22,1,2,0,2,2,0,2,0,0,0,1,3,63.55,1381.8,0,3,1398.1
2186,1,1,1,0,57,0,1,0,0,0,0,0,2,2,0,1,2,44.85,2572.95,1,0,2556.4500000000003
5891,1,0,0,0,1,1,0,0,2,0,0,0,0,0,0,0,2,47.95,47.95,0,2,47.95
5742,1,1,0,0,1,1,0,0,0,0,0,0,0,0,0,0,2,45.1,45.1,1,2,45.1
5931,0,0,1,0,1,1,0,0,0,0,0,0,0,0,0,1,2,45.0,45.0,0,2,45.0
4515,1,0,0,0,24,1,0,1,0,0,0,2,2,2,0,1,2,96.0,2122.45,1,3,2304.0
930,1,0,0,0,1,1,0,2,1,1,1,1,1,1,0,0,0,20.05,20.05,1,2,20.05
5720,1,1,0,0,54,1,2,1,0,2,0,0,0,2,0,1,2,90.05,4931.8,0,1,4862.7
6575,0,0,0,0,4,1,2,2,1,1,1,1,1,1,2,1,1,25.3,116.95,0,2,101.2
4967,1,0,1,1,65,1,2,1,2,0,2,2,2,2,2,0,0,108.65,6937.95,1,1,7062.25
6326,0,0,1,0,56,1,2,2,1,1,1,1,1,1,1,0,2,24.3,1261.7,0,0,1360.8
4939,1,0,0,0,45,1,0,0,2,0,2,0,2,2,0,1,2,75.95,3273.8,0,1,3417.75
2217,0,0,1,1,71,1,0,2,1,1,1,1,1,1,2,0,1,19.7,1415.85,0,0,1398.7
872,1,0,1,0,59,1,0,0,2,2,2,0,2,0,1,0,1,66.4,3958.2,0,1,3917.6000000000004
2888,1,0,0,0,69,0,1,0,0,2,2,0,0,0,1,1,0,35.75,2492.25,0,0,2466.75
5234,1,0,0,0,19,1,0,2,1,1,1,1,1,1,1,0,3,18.8,279.2,0,2,357.2
754,0,0,1,1,55,1,0,2,1,1,1,1,1,1,2,0,1,19.4,1083.0,0,0,1067.0
5114,0,0,0,0,38,1,0,2,1,1,1,1,1,1,1,0,3,19.3,755.5,0,0,733.4
425,1,0,0,0,10,1,0,0,0,0,0,0,0,0,0,1,2,45.55,402.6,1,2,455.5
2472,0,1,1,0,47,1,2,0,2,2,2,0,0,0,0,1,1,67.45,3252.0,0,0,3170.15
1709,0,0,1,0,2,0,1,0,0,0,0,0,0,2,0,1,2,35.1,68.75,1,2,70.2
2566,1,0,0,0,1,1,0,0,0,0,0,0,0,0,0,0,1,46.2,46.2,1,2,46.2
1104,0,0,0,0,1,1,0,0,0,0,0,0,0,0,0,0,2,45.15,45.15,1,2,45.15
4762,1,1,0,0,1,0,1,0,0,2,2,0,0,2,0,1,2,43.3,43.3,1,2,43.3
3759,1,0,1,1,46,1,0,2,1,1,1,1,1,1,2,1,3,20.1,936.85,0,0,924.6
3143,0,1,0,0,38,1,0,0,2,2,0,0,0,0,0,1,1,57.15,2250.65,1,0,2171.7
6581,0,0,1,0,65,1,0,0,2,0,2,2,0,0,2,0,1,58.9,3857.1,0,0,3828.5
5322,0,0,1,0,19,1,0,1,2,0,0,0,0,0,0,1,2,73.2,1441.1,1,3,1390.8
2912,1,0,0,0,52,1,0,1,0,2,0,0,0,2,0,1,2,85.35,4338.6,1,1,4438.2
2294,1,0,1,1,71,1,0,2,1,1,1,1,1,1,2,0,3,19.45,1378.45,0,0,1380.95
5019,0,0,0,0,1,1,0,0,0,0,0,0,0,0,0,0,3,45.95,45.95,1,2,45.95
356,0,1,0,0,52,0,1,0,0,2,2,2,2,0,0,1,2,50.5,2566.3,0,0,2626.0
6744,1,0,1,0,6,1,2,2,1,1,1,1,1,1,1,0,3,25.1,171.0,0,2,150.60000000000002
5053,0,1,1,0,26,1,0,0,0,0,2,0,0,2,1,0,3,60.7,1597.4,0,3,1578.2
5025,1,1,0,0,48,1,2,1,0,2,0,0,2,2,1,1,2,99.0,4744.35,0,1,4752.0
5633,0,0,1,1,64,1,2,1,2,0,0,2,2,2,1,1,0,104.4,6721.6,0,1,6681.6
627,0,0,0,0,3,1,0,1,0,2,0,0,2,0,0,0,2,83.75,247.25,1,3,251.25
2784,1,0,0,0,1,1,0,0,0,0,0,0,0,0,0,1,0,44.05,44.05,0,2,44.05
4984,1,0,1,1,72,1,2,2,1,1,1,1,1,1,2,0,1,24.1,1734.65,0,0,1735.2
2490,1,0,0,0,1,1,0,0,0,0,0,0,0,0,0,1,3,45.55,45.55,0,2,45.55
2132,0,0,1,1,51,1,2,1,2,2,0,0,0,2,0,1,2,93.8,4539.35,0,1,4783.8
7003,0,0,1,1,41,1,0,2,1,1,1,1,1,1,2,0,0,19.7,804.25,0,0,807.6999999999999
666,0,0,1,1,72,1,0,0,2,2,2,0,2,0,2,1,1,70.65,5011.15,0,1,5086.8
3614,0,0,1,0,43,1,2,0,2,2,0,2,2,2,2,0,1,86.45,3574.5,0,1,3717.35
6789,1,0,1,0,72,1,2,1,2,2,2,2,2,2,2,1,1,114.1,8086.4,0,1,8215.199999999999
2771,1,0,1,0,47,1,2,1,0,0,0,0,2,2,1,1,1,95.2,4563.0,0,1,4474.400000000001
5591,1,0,0,0,72,1,2,0,2,2,2,2,2,2,2,0,1,88.55,6362.35,0,1,6375.599999999999
313,1,0,0,0,3,1,0,2,1,1,1,1,1,1,0,1,1,20.75,67.1,0,2,62.25
2439,1,0,0,0,1,1,0,1,0,0,0,0,0,0,0,1,2,70.05,70.05,1,3,70.05
4588,1,0,0,0,2,1,2,1,0,0,0,0,0,2,0,1,2,86.0,165.45,1,3,172.0
3153,1,0,0,0,26,0,1,0,2,2,0,0,0,2,0,1,0,44.65,1156.55,0,2,1160.8999999999999
4122,1,0,1,1,29,1,0,0,2,0,0,0,0,2,0,1,3,60.2,1834.15,0,3,1745.8000000000002
6248,0,1,1,0,35,1,2,1,2,2,0,2,2,0,0,1,0,100.5,3653.35,1,1,3517.5
1376,1,0,0,0,27,1,0,0,2,2,0,0,0,0,1,0,0,55.45,1477.65,0,3,1497.15
5128,1,0,1,1,24,1,0,0,2,2,0,2,0,2,0,1,1,70.3,1706.45,0,3,1687.1999999999998
4757,1,0,1,1,67,1,0,0,2,0,2,2,0,0,2,1,0,60.4,3953.7,0,1,4046.7999999999997
3171,0,0,0,0,16,1,2,1,0,0,0,0,0,0,0,0,2,72.65,1194.3,1,3,1162.4
6972,0,0,0,0,23,1,0,0,0,2,2,0,0,0,1,0,0,55.8,1327.85,0,3,1283.3999999999999
5735,1,0,0,0,14,0,1,0,0,2,0,0,0,0,0,1,3,31.1,419.7,0,2,435.40000000000003
4813,0,0,1,1,1,1,0,2,1,1,1,1,1,1,0,1,2,21.0,21.0,1,2,21.0
2941,0,1,0,0,1,1,0,0,0,0,0,0,0,0,0,0,3,45.1,45.1,1,2,45.1
1121,1,1,0,0,4,0,1,0,0,2,0,0,2,2,0,1,1,50.95,207.35,0,2,203.8
2422,1,0,0,1,16,1,2,0,2,2,0,0,0,2,0,1,2,69.1,1083.7,0,3,1105.6
6538,0,0,1,0,46,0,1,0,0,0,0,0,2,2,0,1,2,43.95,2007.85,0,0,2021.7
2540,1,0,0,1,68,1,2,0,2,2,0,2,2,2,2,1,0,86.5,5882.75,0,1,5882.0
5283,1,0,0,0,38,1,2,0,2,2,2,2,0,0,0,0,2,69.95,2657.55,0,3,2658.1
5521,1,1,1,0,30,1,0,0,0,2,0,0,0,0,0,1,0,50.4,1527.5,1,0,1512.0
4749,0,1,0,0,5,1,0,1,0,0,0,0,0,2,0,0,2,78.95,378.4,1,3,394.75
6043,1,0,0,0,17,1,0,1,0,2,2,0,0,2,0,1,1,90.95,1612.2,0,3,1546.15
518,1,0,1,1,4,1,0,2,1,1,1,1,1,1,2,0,3,19.9,76.65,0,2,79.6
4088,0,0,0,0,12,1,0,2,1,1,1,1,1,1,1,0,2,20.15,260.7,0,2,241.79999999999998
1312,1,0,1,1,72,1,2,0,2,2,2,2,2,2,2,1,1,90.6,6441.85,0,1,6523.2
2320,1,0,0,0,3,1,0,1,0,0,0,0,2,2,0,1,2,92.0,266.8,0,3,276.0
2192,1,0,0,0,56,1,2,1,0,2,0,2,0,2,0,1,2,94.45,5124.6,1,1,5289.2
690,0,0,0,0,41,1,2,2,1,1,1,1,1,1,1,1,3,24.85,962.25,0,0,1018.85
1621,1,0,0,0,40,0,1,0,0,2,0,2,0,0,1,0,1,36.0,1382.9,0,0,1440.0
1560,0,0,0,0,7,1,0,0,2,2,0,2,2,2,0,1,2,78.5,571.05,0,3,549.5
5859,1,0,0,0,69,1,0,2,1,1,1,1,1,1,2,0,1,19.95,1399.35,0,0,1376.55
2638,1,0,1,1,7,1,0,2,1,1,1,1,1,1,1,0,3,20.65,150.0,0,2,144.54999999999998
4712,0,0,1,1,5,0,1,0,0,2,0,0,0,0,0,1,2,30.5,167.2,0,2,152.5
4020,0,0,1,1,72,1,2,1,2,2,2,2,2,0,2,0,1,106.1,7657.4,0,1,7639.2
80,1,0,1,1,44,1,0,2,1,1,1,1,1,1,1,1,0,20.5,865.05,0,0,902.0
5113,0,0,0,0,65,1,2,1,0,2,2,0,2,0,1,1,2,95.5,6153.85,0,1,6207.5
3807,0,0,0,0,3,1,2,0,0,0,0,2,2,0,0,0,2,64.6,174.2,0,3,193.79999999999998
2254,1,0,0,0,24,1,0,0,0,0,0,2,0,0,0,1,1,51.1,1269.6,0,2,1226.4
3316,0,0,0,0,44,1,2,1,0,2,2,0,0,0,0,1,0,84.8,3862.55,1,1,3731.2
2253,0,1,1,0,72,1,2,0,2,2,2,2,2,2,2,0,1,89.1,6352.4,0,1,6415.2
1927,1,0,0,0,24,1,0,0,2,0,0,2,0,0,0,0,2,54.95,1348.5,0,3,1318.8000000000002
2772,1,0,0,0,1,1,0,0,0,0,2,0,0,0,0,0,3,50.9,50.9,1,2,50.9
3223,1,0,1,0,22,1,0,2,1,1,1,1,1,1,0,1,0,20.45,471.55,0,2,449.9
4788,1,0,1,1,70,1,2,0,0,2,2,2,2,2,2,1,1,85.95,5931.75,0,1,6016.5
5827,1,0,1,1,25,1,2,0,0,0,0,0,2,0,0,0,2,60.35,1404.65,0,3,1508.75
5471,1,0,1,1,37,1,0,2,1,1,1,1,1,1,2,0,0,19.8,726.1,0,0,732.6
1246,0,1,1,1,22,1,2,1,0,0,0,0,2,0,0,0,0,85.35,1961.6,0,3,1877.6999999999998
1441,0,0,1,1,59,1,2,0,0,0,2,2,2,0,2,1,0,72.1,4194.85,0,1,4253.9
4722,1,0,1,1,49,1,2,1,0,0,2,0,2,2,0,1,2,99.8,4872.45,1,1,4890.2
3184,1,0,1,1,47,1,2,1,0,0,2,2,2,2,0,1,0,107.35,5118.95,1,1,5045.45
1708,0,0,1,1,31,1,0,2,1,1,1,1,1,1,0,1,3,19.55,658.95,1,2,606.0500000000001
1357,1,0,1,1,1,1,0,1,0,0,0,0,0,2,0,1,2,81.05,81.05,0,3,81.05
1918,1,0,0,0,3,1,0,2,1,1,1,1,1,1,0,1,2,20.5,76.95,0,2,61.5
5259,0,0,1,0,53,1,2,1,0,2,2,2,2,2,1,1,0,111.8,5809.75,0,1,5925.4
2270,1,0,0,0,1,1,0,2,1,1,1,1,1,1,0,0,3,20.2,20.2,0,2,20.2
1321,1,0,0,0,20,1,0,2,1,1,1,1,1,1,1,1,3,19.7,415.9,0,2,394.0
3201,0,0,0,0,3,1,0,1,2,2,0,0,0,0,0,1,2,79.1,246.5,1,3,237.29999999999998
5187,0,0,0,0,51,1,0,2,1,1,1,1,1,1,1,1,0,19.85,996.95,0,0,1012.35
1532,0,0,1,0,51,1,0,0,2,2,0,2,0,0,1,1,0,60.5,3145.15,0,0,3085.5
582,0,0,1,1,13,1,0,2,1,1,1,1,1,1,2,0,3,19.55,265.3,0,2,254.15
5147,0,0,0,0,1,1,0,2,1,1,1,1,1,1,0,0,3,20.9,20.9,0,2,20.9
5882,1,0,0,1,1,1,0,2,1,1,1,1,1,1,0,1,3,21.05,21.05,0,2,21.05
3449,1,0,0,0,63,1,2,0,2,2,2,2,0,0,1,0,2,71.5,4576.3,0,1,4504.5
6528,1,0,0,0,3,1,0,0,0,0,0,0,0,2,0,0,3,54.65,189.1,0,2,163.95
2649,1,0,0,0,46,1,0,2,1,1,1,1,1,1,2,0,1,19.2,908.15,0,0,883.1999999999999
5275,1,0,0,0,1,1,2,0,0,0,0,0,0,0,0,1,1,49.8,49.8,0,2,49.8
283,1,0,0,1,8,0,1,0,0,0,0,0,0,0,0,0,3,25.5,215.2,1,2,204.0
5854,0,0,1,1,71,1,0,2,1,1,1,1,1,1,2,0,0,20.5,1500.95,0,0,1455.5
5280,1,0,1,1,55,1,2,1,0,0,2,0,2,0,0,1,1,90.4,5099.15,0,1,4972.0
3912,0,0,0,0,70,1,2,1,0,2,2,2,0,0,1,1,0,90.25,6385.95,0,1,6317.5
5813,0,0,0,0,2,1,0,1,0,0,0,0,0,2,0,0,2,80.75,159.45,1,3,161.5
6000,1,0,1,1,67,1,2,1,2,0,0,2,2,2,2,0,0,104.6,6885.75,0,1,7008.2
6770,1,0,1,0,65,1,2,1,0,2,0,0,2,0,0,1,0,91.85,5940.85,1,1,5970.25
6167,1,0,1,0,14,1,0,0,0,0,2,0,0,0,0,0,1,50.2,668.85,0,2,702.8000000000001
380,0,0,1,1,20,1,2,1,0,0,2,2,0,2,0,1,0,95.5,1916.2,0,3,1910.0
3565,1,0,0,1,1,1,0,1,0,2,0,0,0,0,0,1,2,75.35,75.35,1,3,75.35
4125,1,0,0,0,1,1,2,1,0,0,0,0,0,0,0,1,2,75.45,75.45,1,3,75.45
480,0,0,1,1,49,1,2,1,0,0,0,0,2,2,0,1,0,95.4,4613.95,0,1,4674.6
13,0,0,0,0,72,1,2,1,2,2,2,0,2,0,2,1,0,101.3,7261.25,0,1,7293.599999999999
3985,0,0,1,0,46,1,2,0,2,0,0,0,0,0,0,0,2,53.1,2459.8,0,0,2442.6
2628,1,0,0,0,24,1,2,1,0,2,2,0,0,0,0,1,0,84.85,2048.8,0,3,2036.3999999999999
4159,0,0,1,1,5,0,1,0,0,2,0,2,0,0,0,0,2,34.25,163.55,0,2,171.25
4136,0,0,1,1,33,1,2,1,0,2,2,2,0,0,0,0,1,88.6,2888.7,0,3,2923.7999999999997
3099,0,0,0,0,42,1,2,0,2,2,0,0,0,0,1,1,0,60.15,2421.6,0,0,2526.2999999999997
2451,1,0,0,0,23,1,0,1,2,0,2,0,2,2,1,1,1,99.95,2292.75,0,3,2298.85
5651,1,0,0,0,8,1,0,1,0,0,0,0,0,0,0,0,0,70.7,553.4,0,3,565.6
1667,1,0,0,0,66,1,0,0,2,2,0,0,0,0,1,1,3,54.8,3465.7,0,0,3616.7999999999997
2775,1,0,0,0,24,1,0,0,2,0,0,0,0,0,0,1,0,49.55,1210.4,1,2,1189.1999999999998
2614,1,1,0,0,24,1,2,0,0,2,0,0,0,0,0,0,1,54.8,1291.3,0,3,1315.1999999999998
381,1,0,0,0,69,1,2,0,2,2,2,2,0,2,1,1,1,78.6,5356.45,1,1,5423.4
3875,0,0,0,0,53,1,0,1,0,2,2,0,2,2,1,1,3,100.3,5200.8,0,1,5315.9
3600,0,0,0,0,60,0,1,0,2,0,2,0,2,2,2,0,2,53.6,3237.05,0,0,3216.0
3872,0,0,1,0,7,1,0,1,0,0,0,0,2,0,0,1,2,81.1,576.65,1,3,567.6999999999999
3088,0,0,0,0,20,1,0,2,1,1,1,1,1,1,1,1,1,19.35,433.75,0,2,387.0
5605,0,0,1,1,23,1,2,1,0,0,0,0,0,2,0,0,2,85.6,1868.4,0,3,1968.8
6814,1,0,1,1,72,1,0,0,2,0,2,2,2,2,2,1,2,80.8,5728.55,0,1,5817.599999999999
694,1,0,1,0,11,1,2,1,0,0,0,0,0,0,0,1,2,74.95,825.7,1,3,824.45
3297,1,0,0,0,21,1,0,2,1,1,1,1,1,1,2,0,3,19.6,390.4,0,2,411.6
6681,1,1,0,0,1,1,2,1,0,0,0,0,2,2,0,1,2,93.55,93.55,1,3,93.55
4036,1,1,0,0,31,1,2,1,0,2,0,0,2,0,0,1,2,90.7,2845.15,0,3,2811.7000000000003
404,0,0,0,0,57,1,0,0,0,2,2,2,2,0,2,0,3,69.75,3894.4,0,1,3975.75
1502,0,0,1,1,45,1,0,2,1,1,1,1,1,1,2,1,0,20.0,886.4,0,0,900.0
1318,1,0,0,0,10,1,2,1,0,2,2,0,0,2,0,1,2,95.25,1021.55,0,3,952.5
226,0,0,1,0,58,1,2,1,0,0,2,2,2,2,0,1,1,102.1,5885.4,1,1,5921.799999999999
2228,1,0,0,1,14,1,0,2,1,1,1,1,1,1,0,0,3,19.95,268.4,0,2,279.3
5213,1,0,1,0,27,1,2,0,2,0,0,2,2,2,1,0,3,80.85,2204.35,0,3,2182.95
3055,0,0,1,1,14,1,2,1,0,2,0,0,0,2,0,1,0,90.9,1259.0,1,3,1272.6000000000001
6289,0,0,1,1,12,0,1,0,0,2,0,0,0,0,0,0,3,29.2,309.1,1,2,350.4
5477,0,0,1,1,69,1,2,1,0,2,0,2,0,2,2,1,0,93.3,6398.05,0,1,6437.7
3855,0,0,1,1,25,1,0,1,0,2,2,0,2,0,0,1,0,89.15,2257.75,1,3,2228.75
2396,1,1,1,0,58,1,2,1,2,2,2,0,2,2,1,1,2,108.85,6287.25,1,1,6313.299999999999
6967,0,0,1,1,35,0,1,0,2,0,0,2,2,0,2,1,1,46.35,1662.05,0,0,1622.25
3146,0,1,0,0,16,1,2,1,0,0,0,0,2,0,0,1,2,84.75,1350.15,1,3,1356.0
409,1,0,1,1,45,1,2,0,0,2,2,0,2,2,1,0,1,78.75,3600.65,0,1,3543.75
2349,0,0,0,0,17,1,0,1,0,2,0,0,2,0,0,1,2,83.55,1329.15,0,3,1420.35
6927,0,0,1,1,1,1,0,0,0,0,0,0,0,0,0,1,2,45.7,45.7,1,2,45.7
5694,1,0,0,0,22,1,0,2,1,1,1,1,1,1,1,0,3,19.6,422.5,0,2,431.20000000000005
5678,0,1,0,0,1,1,0,1,0,0,0,0,0,0,0,1,2,69.95,69.95,1,3,69.95
7041,1,0,1,1,67,1,0,0,2,0,2,2,0,2,2,0,3,67.85,4627.65,0,1,4545.95
165,0,0,1,1,67,1,2,1,0,0,2,2,2,2,2,1,0,105.65,6717.9,0,1,7078.55
5405,0,0,1,0,2,0,1,0,0,0,0,0,2,2,0,0,2,44.6,97.1,1,2,89.2
2709,1,0,0,0,23,1,2,1,0,0,0,0,0,0,0,1,2,74.95,1710.45,1,3,1723.8500000000001
4995,0,1,0,0,9,1,0,1,0,0,2,0,0,0,0,0,1,75.5,637.4,0,3,679.5
2796,0,0,0,0,5,1,0,2,1,1,1,1,1,1,0,0,3,20.15,117.95,0,2,100.75
10,1,0,0,0,54,0,1,0,2,0,0,2,2,0,2,0,1,45.2,2460.55,0,0,2440.8
996,0,0,0,0,57,1,0,1,0,0,2,0,2,2,2,1,2,95.25,5464.65,1,1,5429.25
6045,1,0,0,0,24,1,2,1,0,0,2,0,2,0,0,1,3,89.85,2165.05,1,3,2156.3999999999996
6459,0,0,1,1,49,1,2,1,0,2,0,0,2,2,1,0,3,100.45,4941.8,1,1,4922.05
131,1,0,0,0,5,1,2,0,0,0,0,0,0,0,0,0,2,47.15,223.15,1,2,235.75
5748,1,0,0,0,2,1,0,1,0,0,0,0,0,2,0,1,2,80.2,181.1,1,3,160.4
6633,0,0,0,1,4,1,2,1,0,0,2,2,0,0,0,1,3,87.1,341.45,1,3,348.4
5428,1,0,1,1,70,1,2,0,2,2,2,2,2,0,2,1,0,79.25,5731.85,0,1,5547.5
2143,1,0,0,0,5,1,2,1,0,0,0,0,0,0,0,1,0,75.9,357.75,1,3,379.5
1032,1,0,1,1,53,1,2,0,2,0,2,2,2,2,0,0,2,85.7,4616.1,0,1,4542.1
4855,0,0,1,0,47,1,2,1,2,2,2,0,2,0,0,1,2,98.75,4533.7,1,1,4641.25
5210,0,0,0,1,31,1,0,2,1,1,1,1,1,1,1,0,1,20.1,589.25,0,2,623.1
3082,1,0,1,1,13,1,0,0,0,2,2,2,0,0,0,0,0,61.8,750.1,0,3,803.4
3647,0,0,1,1,28,1,2,0,0,0,0,0,0,0,0,0,3,49.9,1410.25,0,2,1397.2
6262,0,0,0,0,10,1,2,1,0,0,0,0,0,2,0,0,2,86.45,830.85,1,3,864.5
737,1,0,1,0,38,1,0,2,1,1,1,1,1,1,2,0,0,20.4,743.5,0,0,775.1999999999999
5027,0,0,0,0,1,1,0,0,0,0,0,0,0,0,0,1,3,45.3,45.3,1,2,45.3
5468,1,0,1,0,67,1,2,1,0,2,2,0,2,2,1,0,2,104.1,7040.85,1,1,6974.7
1748,1,0,1,0,52,1,0,0,2,2,0,0,2,2,1,1,3,75.4,3865.45,0,1,3920.8
102,1,0,1,1,62,1,0,1,2,2,2,2,2,2,2,0,3,108.15,6825.65,0,1,6705.3
4249,0,0,0,0,16,1,0,1,0,2,0,0,0,2,0,1,2,86.25,1340.1,0,3,1380.0
3360,0,1,1,0,5,1,2,1,0,2,0,0,0,0,0,1,2,81.0,371.65,1,3,405.0
5886,1,0,0,0,12,1,0,1,0,0,2,0,2,2,1,0,2,95.7,1184.0,0,3,1148.4
1029,0,0,1,1,72,1,2,1,2,2,2,2,2,2,2,1,0,116.85,8477.7,0,1,8413.199999999999
192,1,1,0,0,71,1,2,1,0,2,0,2,2,2,1,0,0,105.75,7382.85,0,1,7508.25
2659,0,0,1,0,24,1,0,2,1,1,1,1,1,1,1,0,3,20.15,456.85,0,2,483.59999999999997
3107,0,0,0,0,15,1,0,2,1,1,1,1,1,1,2,0,3,19.6,331.6,0,2,294.0
4599,1,0,1,0,67,1,0,1,2,2,0,0,0,2,1,1,1,90.6,6056.15,1,1,6070.2
2156,1,0,0,1,2,1,2,0,2,2,0,0,0,0,0,0,0,60.95,134.6,0,3,121.9
3803,0,0,1,1,5,0,1,0,0,0,0,0,0,0,0,0,3,25.05,125.5,0,2,125.25
2641,0,0,1,0,15,1,0,1,0,0,0,0,2,2,0,0,2,88.15,1390.6,1,3,1322.25
5899,1,0,0,0,1,1,0,2,1,1,1,1,1,1,0,1,3,20.2,20.2,1,2,20.2
6844,1,0,1,1,41,1,0,0,2,2,2,0,0,0,1,1,0,60.3,2511.3,0,0,2472.2999999999997
5760,0,0,0,1,43,1,0,0,2,2,0,0,0,2,0,1,2,63.95,2737.05,0,0,2749.85
6202,1,1,1,0,1,1,2,1,0,0,0,0,0,0,0,0,2,74.3,74.3,0,3,74.3
5900,0,1,0,0,1,1,0,1,0,0,0,0,0,0,0,1,3,70.6,70.6,0,3,70.6
6479,0,0,1,1,26,1,0,1,0,0,0,0,2,2,0,1,2,90.8,2361.8,1,3,2360.7999999999997
4467,1,0,0,0,22,1,2,1,0,2,0,0,0,0,0,1,2,79.35,1730.35,1,3,1745.6999999999998
5248,1,0,1,0,71,1,2,0,2,2,2,2,2,2,2,0,0,90.55,6404.0,0,1,6429.05
2478,1,0,0,0,7,1,0,2,1,1,1,1,1,1,2,0,3,19.45,165.35,0,2,136.15
5231,0,1,0,0,28,1,2,0,0,2,2,2,0,0,0,0,0,64.45,1867.6,0,3,1804.6000000000001
4647,1,1,0,0,16,1,0,1,0,0,0,0,0,0,0,0,2,69.65,1043.3,0,3,1114.4
1750,1,0,0,0,7,1,0,2,1,1,1,1,1,1,1,0,3,19.5,128.6,0,2,136.5
5323,0,0,0,0,69,1,2,1,0,2,2,2,2,2,2,1,0,110.5,7455.45,0,1,7624.5
1743,0,0,0,1,1,0,1,0,0,0,0,0,0,0,0,0,3,24.7,24.7,0,2,24.7
6031,1,0,0,0,3,1,0,0,2,0,2,0,2,2,0,1,2,77.4,206.15,0,3,232.20000000000002
7020,1,1,0,0,21,1,0,1,0,0,2,0,2,2,0,1,0,96.8,2030.3,1,3,2032.8
802,0,0,1,0,69,1,2,1,0,2,2,0,0,0,0,1,0,85.4,5869.4,0,1,5892.6
3435,0,0,1,0,71,0,1,0,2,2,2,2,0,0,2,1,0,47.6,3377.8,0,0,3379.6
3801,0,0,1,1,69,1,0,2,1,1,1,1,1,1,2,0,3,19.4,1346.2,0,0,1338.6
1373,0,0,0,0,48,1,2,1,0,0,2,2,2,2,0,1,2,103.85,4946.05,0,1,4984.799999999999
4379,1,0,1,0,47,1,2,1,0,2,2,0,0,0,0,1,0,83.35,4065.0,1,1,3917.45
6852,0,0,0,0,2,1,2,0,0,0,0,0,0,0,0,1,2,49.4,106.55,1,2,98.8
834,1,0,0,0,45,1,2,1,2,0,2,2,2,2,0,1,1,108.45,4964.7,0,1,4880.25
2906,1,0,0,0,51,1,2,1,0,2,0,0,0,0,0,0,0,81.0,4085.75,0,1,4131.0
1481,0,0,1,0,22,1,2,0,2,0,0,2,2,2,0,1,2,79.2,1742.75,1,3,1742.4
511,1,0,0,0,72,1,2,0,2,2,2,2,2,2,2,0,0,86.65,6224.8,0,1,6238.8
5299,1,0,1,1,37,1,2,1,0,2,2,0,2,0,0,1,2,92.95,3415.25,0,1,3439.15
3731,1,0,1,1,71,1,2,0,2,2,2,2,2,2,2,0,2,90.35,6325.25,0,1,6414.849999999999
3502,1,0,1,1,7,1,0,0,0,0,2,0,0,0,0,0,2,48.7,340.25,1,2,340.90000000000003
5674,0,0,0,0,66,1,2,2,1,1,1,1,1,1,2,1,1,25.15,1683.6,0,0,1659.8999999999999
5562,1,0,1,1,51,1,0,0,2,0,0,2,2,2,1,1,0,76.4,3966.3,0,1,3896.4
5024,0,0,1,1,30,1,0,2,1,1,1,1,1,1,1,0,0,19.55,608.5,0,2,586.5
3645,0,0,0,0,34,1,2,1,0,0,0,0,2,0,0,0,2,85.35,2896.6,0,3,2901.8999999999996
1252,1,0,1,1,64,1,2,2,1,1,1,1,1,1,2,1,3,24.8,1514.85,0,0,1587.2
3411,1,1,1,0,65,1,2,1,0,2,2,0,2,2,1,1,0,103.15,6792.45,0,1,6704.75
6411,1,0,0,0,47,1,2,1,2,2,0,2,2,0,0,0,3,100.75,4669.2,0,1,4735.25
4509,0,0,0,0,1,1,0,1,2,0,0,0,2,2,0,1,2,95.6,95.6,1,3,95.6
6085,0,0,0,0,49,1,2,0,2,2,0,0,0,0,0,1,1,59.75,2934.3,1,0,2927.75
2367,0,0,1,1,67,1,2,1,0,2,0,2,2,0,2,0,1,94.1,6302.8,0,1,6304.7
4246,1,0,0,1,39,1,0,2,1,1,1,1,1,1,1,0,0,19.35,779.2,0,0,754.6500000000001
2131,1,0,0,0,14,1,0,2,1,1,1,1,1,1,0,0,3,19.9,283.75,0,2,278.59999999999997
4385,0,1,0,0,43,1,0,1,2,2,0,2,2,2,0,1,1,108.15,4600.7,1,1,4650.45
5611,1,1,0,0,56,1,2,1,0,0,2,0,2,2,0,1,2,101.05,5594.0,0,1,5658.8
5134,0,0,0,0,14,1,0,0,0,0,0,2,0,2,1,0,1,59.1,772.85,0,3,827.4
2220,0,0,0,0,1,1,0,1,0,0,0,0,0,0,0,0,2,71.35,71.35,1,3,71.35
5502,1,0,1,1,16,1,0,0,2,2,0,0,0,0,1,1,3,55.85,857.8,0,3,893.6
4105,1,0,1,1,70,1,2,1,2,2,0,0,2,2,0,1,2,106.05,7554.05,0,1,7423.5
6987,1,1,1,0,72,1,2,0,2,2,2,0,2,2,2,1,1,84.1,5981.65,0,1,6055.2
4202,0,0,1,1,23,1,0,1,0,0,2,0,0,0,0,1,1,75.3,1702.9,0,3,1731.8999999999999
2433,1,0,0,1,21,1,2,2,1,1,1,1,1,1,0,0,3,24.7,467.15,0,2,518.6999999999999
3455,0,0,0,0,1,1,0,2,1,1,1,1,1,1,0,1,3,20.15,20.15,1,2,20.15
734,1,0,0,1,1,1,0,1,0,0,0,0,0,0,0,0,0,69.75,69.75,1,3,69.75
5892,0,1,1,0,32,1,2,1,0,0,0,0,2,2,0,1,2,93.2,2931.0,1,3,2982.4
2048,1,0,1,1,17,1,0,1,0,0,0,0,2,0,0,0,2,80.85,1400.85,1,3,1374.4499999999998
2681,0,0,0,0,4,0,1,0,2,2,0,0,0,0,0,1,2,33.65,137.85,1,2,134.6
4823,0,0,0,0,36,1,2,0,0,0,2,0,0,0,1,0,2,55.8,1941.5,0,0,2008.8
2763,0,0,0,0,50,0,1,0,0,2,2,2,0,0,2,0,1,39.7,1932.75,0,0,1985.0000000000002
4730,0,0,1,1,48,0,1,0,0,0,0,2,0,0,0,1,1,29.5,1423.05,0,0,1416.0
6325,0,0,0,1,50,1,0,2,1,1,1,1,1,1,2,0,1,20.15,970.85,0,0,1007.4999999999999
1540,1,0,1,0,72,1,2,0,2,2,2,2,0,2,2,0,1,79.55,5810.9,0,1,5727.599999999999
3946,1,0,0,1,10,1,2,2,1,1,1,1,1,1,0,0,1,24.8,223.9,0,2,248.0
717,0,0,0,0,18,1,0,2,1,1,1,1,1,1,0,0,3,19.65,391.7,0,2,353.7
6550,1,0,0,0,1,1,0,1,0,0,0,0,2,0,0,1,2,79.95,79.95,1,3,79.95
522,0,0,0,0,1,1,0,2,1,1,1,1,1,1,0,0,2,19.3,19.3,1,2,19.3
5749,1,0,0,0,9,1,0,1,0,0,2,0,2,2,0,1,2,94.05,811.65,0,3,846.4499999999999
2904,1,0,0,0,2,1,2,1,2,0,0,0,0,2,0,0,3,90.75,174.75,0,3,181.5
1483,0,0,1,0,40,1,2,1,0,0,0,2,0,0,0,1,1,78.85,3126.85,0,3,3154.0
4415,1,0,1,0,69,1,2,1,0,0,2,0,2,2,1,0,0,99.5,6841.45,0,1,6865.5
1458,0,0,1,0,37,1,2,1,2,0,2,2,0,2,1,1,2,99.2,3754.6,1,1,3670.4
2020,1,0,0,1,18,1,2,1,0,0,2,0,0,0,0,1,1,80.55,1406.65,0,3,1449.8999999999999
5122,1,1,1,0,11,1,0,1,0,0,0,0,0,0,0,1,2,70.2,834.7,0,3,772.2
2173,0,0,1,0,8,1,2,1,0,0,0,0,0,2,0,1,1,85.2,627.4,1,3,681.6
629,0,0,0,0,3,1,2,1,0,0,0,0,0,0,0,0,2,75.25,242.0,1,3,225.75
3169,1,0,1,1,55,1,0,0,2,0,0,0,0,2,1,0,1,59.45,3157.0,0,0,3269.75
5266,1,0,1,0,33,1,2,1,0,2,2,0,0,2,0,1,2,93.35,3092.0,0,3,3080.5499999999997
574,0,0,0,0,46,1,0,0,0,0,0,0,0,0,0,0,0,44.95,2168.9,0,0,2067.7000000000003
2458,1,0,0,0,34,1,2,2,1,1,1,1,1,1,2,0,0,26.1,980.35,0,0,887.4000000000001
2631,0,0,0,0,3,1,0,2,1,1,1,1,1,1,0,0,2,20.2,65.95,0,2,60.599999999999994
2354,1,0,1,1,30,1,0,2,1,1,1,1,1,1,2,0,3,21.25,711.9,0,2,637.5
5945,0,0,0,0,33,1,2,0,2,0,0,2,0,0,1,0,2,59.4,1952.8,0,3,1960.2
5397,1,0,1,1,45,1,2,1,0,2,2,0,0,2,1,1,1,95.0,4368.85,0,1,4275.0
5476,1,0,0,0,40,1,0,0,2,2,0,2,0,0,0,1,3,61.9,2647.1,0,0,2476.0
6345,0,0,0,0,71,1,2,1,2,2,2,2,2,2,2,1,2,118.65,8477.6,0,1,8424.15
3037,1,0,0,0,1,1,2,0,0,0,2,0,0,0,0,0,2,54.35,54.35,1,2,54.35
2907,0,0,1,1,72,0,1,0,2,2,2,2,2,2,2,0,0,64.45,4528.0,0,1,4640.400000000001
6886,0,0,1,1,22,1,0,1,0,0,0,0,0,2,0,1,2,80.15,1790.65,0,3,1763.3000000000002
6910,1,0,1,1,46,1,0,2,1,1,1,1,1,1,1,1,0,20.2,845.6,0,0,929.1999999999999
4098,0,0,1,1,55,1,0,2,1,1,1,1,1,1,2,0,3,21.0,1210.3,0,0,1155.0
458,1,0,0,0,1,1,0,2,1,1,1,1,1,1,0,0,3,20.45,20.45,0,2,20.45
2895,0,0,0,0,12,1,2,0,0,0,0,2,2,2,1,1,3,75.85,854.45,0,3,910.1999999999999
6237,1,0,0,0,31,1,2,1,0,2,0,0,0,0,0,1,2,80.45,2429.1,0,3,2493.9500000000003
5542,1,0,1,0,5,0,1,0,0,0,0,0,0,0,0,1,2,24.95,100.4,1,2,124.75
5902,0,0,1,1,67,1,2,0,2,0,0,0,2,2,2,1,2,75.5,5229.45,0,1,5058.5
4145,1,0,0,0,1,1,0,0,0,0,0,0,0,0,0,0,3,44.45,44.45,0,2,44.45
5702,1,0,1,0,40,0,1,0,2,2,2,0,0,0,1,1,2,42.35,1716.45,1,0,1694.0
796,1,0,1,1,41,1,2,0,2,2,2,0,2,0,0,1,1,74.55,3023.55,0,3,3056.5499999999997
6891,1,0,0,0,1,1,2,1,0,0,0,0,0,0,0,1,2,75.3,75.3,1,3,75.3
6319,1,0,0,0,51,1,2,1,2,2,0,0,2,0,1,1,2,94.8,4837.6,1,1,4834.8
4016,1,0,1,1,42,0,1,0,2,0,2,2,2,0,2,0,1,48.15,2032.3,0,0,2022.3
4314,1,0,1,1,23,1,0,2,1,1,1,1,1,1,1,0,3,19.65,436.9,0,2,451.95
5718,0,1,0,0,1,1,0,1,0,0,0,0,0,0,0,1,2,70.55,70.55,1,3,70.55
6337,0,0,0,0,1,1,0,2,1,1,1,1,1,1,0,0,3,20.15,20.15,0,2,20.15
2819,0,0,0,0,56,1,2,1,2,2,0,0,2,2,0,1,1,106.6,5893.95,0,1,5969.599999999999
951,1,0,0,1,15,1,2,1,0,2,0,0,2,0,0,1,2,91.0,1430.05,0,3,1365.0
6076,1,0,1,1,12,1,2,2,1,1,1,1,1,1,2,1,0,25.4,313.0,0,2,304.79999999999995
4460,0,0,1,1,54,1,0,0,2,0,2,2,0,2,2,0,0,69.95,3871.85,0,1,3777.3
5795,0,0,0,0,7,1,0,0,0,0,0,0,2,2,0,1,2,66.85,458.1,0,3,467.94999999999993
2107,0,0,1,1,33,1,2,1,0,0,0,0,0,2,0,0,1,86.15,2745.7,1,3,2842.9500000000003
4719,1,0,1,1,16,1,0,2,1,1,1,1,1,1,0,0,2,20.15,341.35,0,2,322.4
2956,0,0,0,1,21,1,0,0,2,0,2,0,0,2,1,0,3,64.85,1336.8,0,3,1361.85
2860,1,1,1,0,30,1,2,0,0,0,2,0,2,2,2,0,2,74.85,2181.75,0,3,2245.5
1197,1,0,0,0,3,1,0,0,0,0,0,2,0,0,0,1,3,50.5,147.75,0,2,151.5
958,1,0,0,0,11,1,0,1,0,0,2,0,0,0,0,0,2,72.9,818.45,0,3,801.9000000000001
6285,0,0,0,0,62,1,2,1,2,2,2,2,2,2,1,1,1,115.05,7133.45,0,1,7133.099999999999
1359,1,0,0,0,18,1,0,2,1,1,1,1,1,1,0,0,2,19.0,348.8,0,2,342.0
925,1,0,0,1,6,1,0,2,1,1,1,1,1,1,0,0,3,19.55,128.6,0,2,117.30000000000001
1354,0,0,0,0,46,1,2,1,0,0,2,0,2,2,1,1,2,101.1,4674.4,0,1,4650.599999999999
3992,1,0,0,0,21,1,2,1,0,0,0,0,0,2,0,1,2,84.1,1737.45,0,3,1766.1
1754,1,0,0,0,68,1,2,2,1,1,1,1,1,1,2,1,0,24.15,1498.85,0,0,1642.1999999999998
149,0,0,0,0,1,1,2,0,0,0,0,0,0,0,0,1,2,50.1,50.1,0,2,50.1
5661,0,0,1,0,25,1,0,1,0,0,2,0,0,0,0,1,2,74.6,1797.75,0,3,1864.9999999999998
3032,0,0,0,1,24,1,0,2,1,1,1,1,1,1,2,0,3,19.75,498.1,0,2,474.0
357,0,0,1,0,30,1,2,1,0,0,0,0,0,2,0,1,2,85.0,2624.25,1,3,2550.0
1886,0,0,0,0,2,1,0,1,0,0,0,0,0,2,0,0,2,80.55,184.1,1,3,161.1
1211,1,0,1,0,51,1,2,1,0,2,2,0,2,2,1,1,0,106.8,5498.8,0,1,5446.8
6547,0,0,1,1,57,1,2,0,2,0,2,2,2,2,2,1,2,84.5,4845.4,0,1,4816.5
5681,0,0,0,0,15,1,2,2,1,1,1,1,1,1,2,0,0,25.05,369.1,0,2,375.75
5048,0,0,1,1,72,1,0,0,2,2,2,2,2,2,2,1,0,83.7,6096.9,0,1,6026.400000000001
3650,0,0,0,0,2,1,0,1,0,0,2,0,0,0,0,1,2,75.8,160.75,1,3,151.6
4710,1,0,1,0,28,1,2,1,0,2,2,0,2,0,0,0,1,96.6,2684.35,0,3,2704.7999999999997
2830,1,1,1,0,29,1,2,1,0,0,2,0,2,2,0,1,2,98.5,3004.15,1,3,2856.5
3881,1,0,1,1,70,1,0,1,2,2,2,2,2,0,2,1,1,101.1,6994.8,0,1,7077.0
3556,0,0,0,0,13,1,0,2,1,1,1,1,1,1,1,0,3,20.2,273.25,0,2,262.59999999999997
2038,0,1,1,0,59,1,2,1,2,2,2,2,0,0,1,1,2,94.05,5483.9,0,1,5548.95
6398,1,1,1,0,13,1,2,1,0,0,0,0,2,2,0,1,2,95.25,1233.65,1,3,1238.25
6139,1,1,1,0,7,1,2,1,0,0,0,0,0,0,0,1,3,74.4,527.9,1,3,520.8000000000001
4554,0,0,1,0,62,1,0,0,2,0,2,2,2,2,2,0,3,81.0,4985.9,0,1,5022.0
5845,0,0,0,0,21,1,0,0,2,0,2,2,0,0,1,1,2,60.25,1258.35,0,3,1265.25
2807,0,0,0,0,2,1,0,0,0,0,2,0,0,2,0,0,2,60.85,111.4,0,3,121.7
1275,0,0,0,0,1,1,0,0,0,0,0,0,0,0,0,0,1,43.95,43.95,0,2,43.95
1374,1,0,0,0,4,1,0,1,0,0,2,0,0,2,0,0,2,86.05,308.1,0,3,344.2
809,0,0,0,0,19,1,0,2,1,1,1,1,1,1,1,0,1,20.25,383.65,0,2,384.75
5626,0,0,0,0,30,1,0,1,0,0,0,2,2,0,0,0,2,85.15,2555.9,1,3,2554.5
1799,1,0,1,1,67,1,0,2,1,1,1,1,1,1,2,1,1,19.4,1284.2,0,0,1299.8
1993,1,1,1,0,72,1,2,1,2,2,2,0,0,2,2,1,1,102.65,7550.3,0,1,7390.8
1128,1,0,1,0,53,1,0,2,1,1,1,1,1,1,2,0,1,19.9,1110.05,0,0,1054.6999999999998
5195,0,0,0,0,5,1,0,2,1,1,1,1,1,1,1,0,2,19.55,99.6,0,2,97.75
5235,1,1,1,0,71,1,0,1,0,2,2,2,0,2,2,1,1,95.5,6707.15,0,1,6780.5
781,0,0,1,1,50,1,2,0,0,2,2,2,2,2,1,1,1,84.15,4164.4,0,1,4207.5
1739,1,0,1,1,56,1,2,1,0,0,2,2,2,2,2,1,2,103.2,5873.75,0,1,5779.2
4854,1,0,0,0,2,1,0,0,0,0,0,2,0,0,0,1,1,50.2,109.25,0,2,100.4
3288,0,1,0,0,2,1,2,1,0,0,2,0,0,2,0,1,2,88.55,179.25,1,3,177.1
5407,1,0,1,1,24,1,2,0,2,0,0,0,0,0,0,0,2,54.75,1338.15,1,3,1314.0
4232,1,0,1,1,46,1,0,2,1,1,1,1,1,1,2,0,1,19.95,862.4,0,0,917.6999999999999
6275,1,0,1,0,71,1,2,1,2,2,2,2,2,2,2,1,2,116.25,8564.75,0,1,8253.75
2581,0,0,0,0,29,0,1,0,0,0,0,2,0,0,0,1,2,31.2,926.2,0,2,904.8
2945,1,0,1,1,69,1,2,2,1,1,1,1,1,1,2,0,0,24.45,1718.2,0,0,1687.05
3528,1,0,1,0,71,1,2,0,0,2,2,2,2,2,2,0,1,84.2,5956.85,0,1,5978.2
2804,0,1,0,0,1,1,0,1,0,0,0,0,2,2,0,1,2,91.3,91.3,1,3,91.3
5410,1,1,1,0,56,1,0,0,2,2,2,2,2,2,2,1,0,85.65,4824.45,0,1,4796.400000000001
4919,1,0,0,1,56,1,0,2,1,1,1,1,1,1,1,1,3,21.2,1238.65,0,0,1187.2
1724,1,0,0,0,1,1,0,1,0,0,0,0,2,0,0,1,2,79.5,79.5,1,3,79.5
6970,0,0,1,0,28,1,2,2,1,1,1,1,1,1,1,0,3,25.55,672.2,0,2,715.4
4348,0,0,1,1,19,1,0,2,1,1,1,1,1,1,0,0,3,20.2,382.2,0,2,383.8
6035,1,0,1,0,66,1,2,0,0,0,0,2,0,2,0,0,2,63.85,4264.6,0,1,4214.1
6900,0,0,1,1,17,1,2,0,0,0,2,2,0,0,1,1,3,61.95,1070.7,0,3,1053.15
6027,1,0,1,1,52,1,2,2,1,1,1,1,1,1,2,0,3,25.75,1345.85,0,0,1339.0
4465,0,0,0,0,19,1,0,0,0,2,0,0,2,0,1,0,2,58.2,1045.25,0,3,1105.8
5640,0,0,0,0,36,1,0,0,2,2,2,2,2,2,1,0,0,85.85,3003.55,0,3,3090.6
4200,1,1,1,0,7,1,0,1,0,0,0,0,0,0,0,1,3,70.1,467.55,1,3,490.69999999999993
3381,1,0,1,1,72,1,2,1,2,2,2,2,0,2,1,1,1,104.9,7537.5,0,1,7552.8
1822,1,0,1,1,67,1,2,1,2,2,2,0,2,2,1,1,2,111.3,7482.1,1,1,7457.099999999999
255,1,1,0,0,34,1,0,1,0,2,2,0,2,2,1,1,2,99.85,3343.15,0,3,3394.8999999999996
2244,1,1,1,0,57,1,2,1,0,2,2,0,0,2,0,1,0,95.25,5427.05,1,1,5429.25
2992,0,0,1,0,7,1,0,1,0,0,2,0,2,0,0,1,2,86.25,587.1,1,3,603.75
5126,0,1,1,0,1,1,2,1,0,0,2,0,2,2,0,1,2,100.8,100.8,1,3,100.8
3049,1,0,1,0,8,1,0,2,1,1,1,1,1,1,0,1,0,19.55,161.15,0,2,156.4
5008,0,0,0,0,69,1,2,1,0,0,2,2,2,2,2,0,2,104.0,7028.5,0,1,7176.0
4103,0,0,1,0,50,1,2,1,2,0,2,0,2,2,1,1,3,104.4,5232.9,0,1,5220.0
5740,1,0,0,0,10,1,0,2,1,1,1,1,1,1,1,0,3,19.5,225.85,0,2,195.0
3688,0,0,1,1,12,1,2,2,1,1,1,1,1,1,2,0,1,25.25,274.7,0,2,303.0
5922,0,0,0,0,14,1,0,1,0,2,0,0,0,2,0,1,2,86.3,1180.95,1,3,1208.2
3013,0,0,1,0,70,0,1,0,2,0,2,2,0,2,2,1,0,49.85,3370.2,0,0,3489.5
6012,0,1,0,0,64,1,2,1,2,0,2,2,2,2,0,1,0,108.95,7111.3,0,1,6972.8
569,0,0,1,1,66,1,2,0,2,2,2,2,2,2,2,0,1,89.9,5958.85,0,1,5933.400000000001
3905,0,0,1,1,71,1,0,0,2,0,2,2,2,2,2,1,1,82.0,5999.85,0,1,5822.0
893,1,1,0,0,20,1,0,1,0,0,0,0,2,2,0,0,2,89.95,1648.45,0,3,1799.0
1524,1,0,1,0,72,1,0,0,2,2,0,2,2,2,2,1,0,79.35,5753.25,0,1,5713.2
6079,0,0,1,1,71,1,0,0,2,2,2,2,0,0,2,0,1,64.05,4492.9,0,1,4547.55
5941,1,0,1,1,38,1,2,1,0,0,2,0,2,2,0,1,1,101.15,3956.7,0,1,3843.7000000000003
5811,0,0,0,0,28,1,2,1,0,2,0,0,0,2,0,1,2,89.95,2625.55,1,3,2518.6
1737,1,1,1,0,17,1,0,1,0,2,0,0,0,0,0,1,2,76.45,1233.4,1,3,1299.65
790,1,0,0,0,33,0,1,0,0,2,0,0,2,0,1,1,2,39.1,1309.0,0,0,1290.3
2304,0,0,1,1,23,0,1,0,2,0,0,2,0,0,2,0,3,34.6,813.45,0,2,795.8000000000001
537,1,0,1,1,58,1,0,2,1,1,1,1,1,1,1,1,2,19.55,1108.8,0,0,1133.9
2519,0,1,1,0,70,1,2,1,0,2,0,2,2,2,2,1,0,104.45,7349.35,0,1,7311.5
2440,1,0,1,0,4,1,0,1,0,0,0,0,0,0,0,0,2,70.5,294.2,0,3,282.0
3727,1,0,1,1,45,1,0,2,1,1,1,1,1,1,2,0,3,20.35,929.2,0,0,915.7500000000001
1706,1,0,0,0,10,1,0,1,0,0,0,0,0,0,0,1,2,70.0,740.0,1,3,700.0
4594,1,0,1,1,36,1,0,2,1,1,1,1,1,1,2,0,1,19.45,754.5,0,0,700.1999999999999
5756,1,0,0,0,54,1,0,0,2,2,0,2,2,0,0,1,3,69.9,3883.3,0,1,3774.6000000000004
3134,1,0,1,1,23,1,2,0,0,2,0,2,0,0,2,0,3,59.7,1414.2,0,3,1373.1000000000001
6986,0,0,1,1,41,1,2,0,2,2,2,0,2,0,1,1,1,78.35,3211.2,0,3,3212.35
2391,1,1,0,0,5,1,0,1,0,0,0,0,0,0,0,1,3,71.45,371.6,0,3,357.25
1508,1,0,1,1,27,0,1,0,0,2,2,0,0,2,1,1,1,45.85,1246.4,0,2,1237.95
959,0,0,0,0,1,1,0,1,0,0,0,2,2,2,0,1,2,95.85,95.85,0,3,95.85
5734,0,0,1,1,67,0,1,0,2,0,0,2,0,0,2,0,1,35.7,2545.7,0,0,2391.9
2372,0,1,1,1,72,1,2,0,2,2,2,2,2,2,2,1,1,89.55,6448.85,0,1,6447.599999999999
2016,0,0,1,1,56,1,2,2,1,1,1,1,1,1,2,1,1,24.95,1468.9,0,0,1397.2
2360,1,0,1,1,44,1,2,2,1,1,1,1,1,1,1,0,2,24.85,1013.6,0,0,1093.4
684,0,1,1,0,66,1,2,1,0,2,0,0,2,2,0,1,2,100.8,6690.75,0,1,6652.8
587,0,0,0,0,34,1,2,0,2,2,0,2,0,0,1,1,3,64.4,2088.75,1,3,2189.6000000000004
4296,0,0,1,0,69,1,2,1,0,0,2,2,2,2,2,0,0,105.35,7240.65,0,1,7269.15
5109,0,0,1,1,1,1,2,1,2,0,2,0,2,2,0,1,2,102.45,102.45,1,3,102.45
233,0,0,0,0,40,1,0,2,1,1,1,1,1,1,2,0,1,19.65,830.25,0,0,786.0
6728,1,0,1,1,30,1,2,0,2,0,0,0,0,0,0,1,0,54.45,1588.7,0,3,1633.5
3927,0,0,0,0,11,1,0,0,0,0,0,2,2,2,0,0,3,70.5,829.3,0,3,775.5
563,0,0,0,0,15,1,0,2,1,1,1,1,1,1,1,0,1,20.1,302.45,0,2,301.5
966,1,0,0,0,11,1,0,0,0,0,2,0,2,2,0,1,2,69.35,712.25,0,3,762.8499999999999
1223,0,0,1,1,64,1,0,2,1,1,1,1,1,1,1,0,0,19.8,1336.65,0,0,1267.2
220,1,1,1,0,72,1,0,0,2,2,2,2,2,0,2,0,0,74.4,5360.75,0,1,5356.8
5207,1,1,1,0,72,1,2,1,2,2,2,2,0,0,2,1,0,93.05,6735.05,0,1,6699.599999999999
6715,0,0,0,1,1,1,0,0,2,0,0,0,0,0,0,0,3,51.2,51.2,0,2,51.2
3500,0,0,0,1,15,1,0,0,2,2,2,2,0,0,1,0,1,65.6,1010.0,0,3,983.9999999999999
1386,0,0,0,0,60,1,2,0,0,0,2,2,2,2,1,0,1,80.55,4847.05,0,1,4833.0
6465,1,0,0,0,56,1,0,0,2,0,2,0,0,0,1,0,3,52.7,3019.7,0,0,2951.2000000000003
6374,0,0,0,0,8,1,0,2,1,1,1,1,1,1,2,0,3,20.85,161.65,0,2,166.8
4402,0,0,0,0,3,1,0,1,0,0,2,2,0,0,0,0,1,80.1,217.55,1,3,240.29999999999998
2181,0,0,1,0,49,1,2,0,0,0,0,0,0,0,0,1,1,52.15,2583.75,0,0,2555.35
3158,0,0,0,0,2,1,0,1,0,0,0,0,2,0,0,1,2,80.2,146.05,1,3,160.4
1718,0,0,0,0,6,1,0,1,2,2,2,2,0,2,0,1,0,98.15,567.45,1,3,588.9000000000001
5107,1,0,0,0,70,1,2,1,2,2,2,2,2,2,2,1,0,114.95,7711.25,0,1,8046.5
1088,1,0,0,0,12,1,2,1,0,2,2,2,2,2,0,1,3,112.95,1384.75,1,3,1355.4
4066,1,1,1,0,52,1,0,1,2,0,2,2,2,2,1,1,0,104.45,5481.25,0,1,5431.400000000001
6512,0,0,1,0,72,1,2,1,2,2,2,2,2,2,2,1,1,113.65,8124.2,0,1,8182.8
5120,0,0,0,0,40,1,0,2,1,1,1,1,1,1,2,1,0,20.6,827.3,0,0,824.0
93,0,0,0,0,1,1,0,1,0,0,0,0,0,0,0,0,3,70.9,70.9,1,3,70.9
2910,0,1,0,0,3,1,0,1,0,0,2,0,2,0,0,1,2,86.85,220.95,1,3,260.54999999999995
52,0,1,0,0,40,1,0,1,0,0,0,0,2,2,0,1,2,91.55,3673.6,0,1,3662.0
5728,1,0,0,1,1,1,0,0,0,0,2,0,0,0,0,1,2,49.85,49.85,0,2,49.85
125,1,0,1,0,30,1,0,2,1,1,1,1,1,1,1,0,1,19.8,576.65,0,2,594.0
205,1,0,1,1,23,1,0,1,2,0,0,2,2,2,0,1,2,99.85,2331.3,1,3,2296.5499999999997
5108,1,0,1,1,1,1,2,1,0,0,0,0,0,0,0,1,2,74.5,74.5,1,3,74.5
6473,0,1,1,0,44,1,2,1,0,0,2,2,2,2,0,0,2,104.15,4495.65,0,1,4582.6
2498,1,0,0,0,65,1,2,1,0,2,2,2,2,2,0,1,2,109.15,6941.2,1,1,7094.75
8,0,1,0,0,7,1,0,0,2,0,0,0,0,0,0,1,2,48.2,340.35,0,2,337.40000000000003
3792,1,1,0,0,72,1,2,2,1,1,1,1,1,1,2,1,1,25.1,1789.9,0,0,1807.2
1896,0,1,0,0,8,1,2,1,0,0,0,2,2,2,0,1,1,100.15,908.55,0,3,801.2
6749,0,0,0,0,16,1,2,0,0,0,2,0,0,2,0,1,1,65.2,1043.35,1,3,1043.2
1090,1,1,1,1,66,1,2,1,0,0,2,0,2,2,0,1,1,99.5,6822.15,1,1,6567.0
4356,1,0,0,0,1,1,0,1,0,0,0,0,0,0,0,1,3,71.55,71.55,1,3,71.55
6328,1,0,0,1,3,1,0,0,2,0,2,0,0,0,0,0,3,55.9,157.55,0,2,167.7
3009,1,0,1,0,53,1,2,1,2,0,2,0,0,2,0,0,2,93.9,5029.2,1,1,4976.700000000001
1013,1,1,1,0,8,1,0,0,0,0,2,2,0,2,0,1,1,64.4,581.7,0,3,515.2
3862,1,1,1,0,69,1,2,1,0,2,2,2,2,2,2,1,0,108.4,7318.2,1,1,7479.6
1445,0,0,0,0,5,1,0,1,0,2,0,0,2,0,0,1,3,85.3,420.45,0,3,426.5
2842,0,0,1,1,72,1,2,1,2,0,2,2,2,2,2,0,3,107.45,7576.7,0,1,7736.400000000001
5290,0,0,1,0,13,0,1,0,0,0,2,0,2,2,0,1,0,48.75,633.4,1,2,633.75
5301,0,0,0,0,4,1,2,1,0,0,0,0,2,0,0,1,2,85.65,321.65,1,3,342.6
5252,0,0,1,1,54,1,2,0,2,2,2,2,2,2,2,0,1,91.3,4965.0,0,1,4930.2
6569,1,0,1,0,72,1,2,0,0,2,2,2,2,2,2,0,0,85.95,6151.9,0,1,6188.400000000001
1365,1,0,0,0,12,1,2,1,0,2,2,0,2,2,0,1,2,106.7,1253.9,1,3,1280.4
1832,1,0,0,0,1,0,1,0,0,0,0,0,0,0,0,1,2,25.15,25.15,1,2,25.15
3300,1,1,0,0,1,1,0,0,0,0,0,0,0,0,0,0,2,45.2,45.2,0,2,45.2
2719,0,0,1,0,54,1,2,1,0,2,2,2,2,2,1,0,2,110.35,5893.15,1,1,5958.9
4735,1,0,1,1,69,1,2,1,0,0,2,0,0,0,2,1,1,79.2,5420.65,0,1,5464.8
4383,0,0,0,0,48,1,0,0,2,2,0,0,0,0,2,0,1,55.5,2627.35,0,0,2664.0
3365,0,0,1,1,48,1,2,1,2,2,0,0,2,2,1,1,1,103.25,5037.55,1,1,4956.0
3378,0,0,1,0,8,1,2,1,0,0,0,2,0,2,0,1,2,90.25,743.75,0,3,722.0
5368,1,0,1,1,71,1,2,0,2,2,2,2,2,2,2,1,3,91.25,6589.6,0,1,6478.75
5236,1,0,0,0,2,1,0,0,2,0,0,0,0,0,0,1,2,47.8,92.45,1,2,95.6
5960,1,0,1,0,67,1,0,1,2,2,0,0,2,2,1,1,1,100.9,6733.15,0,1,6760.3
3492,1,0,1,1,34,1,2,1,0,2,0,0,2,2,0,1,0,97.7,3410.0,0,3,3321.8
5151,0,0,0,0,3,1,0,1,0,0,0,0,0,0,0,1,2,69.85,199.85,0,3,209.54999999999998
0,0,0,1,1,9,1,0,0,0,2,0,2,2,0,1,1,3,65.6,593.3,0,3,590.4
2325,1,0,1,1,71,1,0,1,2,2,2,0,2,2,1,1,0,104.65,7288.4,0,1,7430.150000000001
3851,1,0,0,0,57,1,2,1,0,0,0,2,2,0,2,1,1,90.45,5229.8,0,1,5155.650000000001
3506,1,0,0,0,72,0,1,0,2,2,2,2,2,2,2,1,0,63.7,4464.8,0,1,4586.400000000001
6037,0,1,1,1,48,1,0,1,2,0,2,2,2,2,0,1,2,104.5,5068.05,0,1,5016.0
6017,1,0,0,0,18,1,0,2,1,1,1,1,1,1,1,0,3,20.1,401.85,0,2,361.8
6469,1,0,1,1,43,1,2,1,0,0,2,2,2,2,1,1,1,104.3,4451.85,0,1,4484.9
5822,0,0,1,1,72,1,2,0,2,2,2,2,2,2,2,1,0,93.25,6688.95,0,1,6714.0
1762,1,0,1,1,35,1,2,0,0,0,0,2,2,2,1,1,0,73.45,2661.1,0,3,2570.75
6590,1,0,0,0,4,1,0,2,1,1,1,1,1,1,0,0,3,20.7,73.05,0,2,82.8
4812,0,0,1,1,49,1,2,2,1,1,1,1,1,1,2,0,3,25.25,1211.65,0,0,1237.25
4580,0,0,1,1,71,1,2,1,2,2,2,0,2,0,2,0,0,100.5,7030.65,0,1,7135.5
5627,1,0,1,1,11,1,0,1,0,0,0,0,2,2,0,0,2,90.6,1020.2,0,3,996.5999999999999
813,1,0,1,1,63,1,2,0,2,2,2,2,2,2,2,1,1,89.4,5597.65,0,1,5632.200000000001
6882,0,1,0,0,65,1,2,1,0,2,2,0,2,0,0,1,0,95.45,6223.3,0,1,6204.25
898,0,0,0,1,49,1,0,2,1,1,1,1,1,1,2,0,1,20.45,1024.65,0,0,1002.05
6322,0,0,0,0,29,1,2,1,0,0,2,0,2,2,0,1,1,98.6,2933.2,1,3,2859.3999999999996
1905,0,1,1,0,15,1,2,1,0,0,2,2,0,0,0,1,2,83.05,1258.3,1,3,1245.75
2170,0,0,1,1,4,1,0,2,1,1,1,1,1,1,0,1,2,19.95,82.9,0,2,79.8
1554,0,0,1,0,72,1,2,1,0,2,2,2,2,2,1,0,1,109.15,7789.6,0,1,7858.8
591,0,1,1,0,26,1,0,1,0,0,2,0,2,0,0,1,1,85.7,2067.0,0,3,2228.2000000000003
2970,0,1,1,0,35,1,2,1,0,0,2,0,2,2,0,0,0,102.05,3452.55,0,1,3571.75
2066,0,0,0,0,57,1,2,1,0,2,0,2,0,2,1,0,2,94.7,5468.95,0,1,5397.900000000001
760,1,0,1,1,28,1,2,0,0,2,0,0,0,2,0,0,2,64.4,1802.15,0,3,1803.2000000000003
1933,0,0,1,0,25,1,2,2,1,1,1,1,1,1,1,1,3,26.8,733.55,0,2,670.0
3909,0,0,1,0,47,1,0,0,2,0,2,0,2,0,1,1,1,66.05,3021.45,0,0,3104.35
3513,0,0,1,1,57,1,2,0,2,2,0,2,0,0,0,0,0,65.2,3687.85,0,1,3716.4
6442,1,1,1,0,16,1,2,1,0,0,0,0,2,0,0,1,1,85.05,1391.15,0,3,1360.8
2175,1,0,0,0,5,1,0,0,2,0,2,0,0,0,0,1,3,55.8,274.35,0,2,279.0
2248,1,0,1,0,17,1,0,1,0,0,0,0,0,0,0,1,0,70.4,1214.05,1,3,1196.8000000000002
3216,0,1,0,0,56,1,2,1,0,2,2,0,2,2,1,1,0,104.75,5510.65,1,1,5866.0
2983,1,0,1,1,72,1,0,2,1,1,1,1,1,1,2,0,0,19.95,1322.85,0,0,1436.3999999999999
2874,0,1,0,0,21,1,2,1,0,0,0,0,2,2,0,1,2,94.25,1973.75,1,3,1979.25
141,0,0,1,1,48,0,1,0,2,0,2,0,0,2,1,0,1,45.0,2196.3,0,0,2160.0
3007,0,0,1,0,68,1,2,1,2,2,2,2,2,2,2,0,0,114.9,7843.55,0,1,7813.200000000001
1063,0,0,0,0,30,1,2,1,2,0,0,2,2,2,0,0,0,106.4,3211.9,0,3,3192.0
1807,0,0,1,0,3,1,0,0,0,0,0,0,0,0,0,1,3,46.1,130.15,0,2,138.3
6899,0,1,0,0,14,0,1,0,2,0,2,2,0,0,2,0,3,39.7,692.35,0,2,555.8000000000001
5592,0,0,0,1,4,1,0,2,1,1,1,1,1,1,0,1,0,20.05,85.5,0,2,80.2
15,0,0,1,1,71,1,2,1,0,2,2,0,0,2,2,1,1,95.75,6849.4,0,1,6798.25
5042,1,0,1,1,8,1,2,2,1,1,1,1,1,1,1,0,3,24.4,203.95,0,2,195.2
1849,1,0,1,1,61,0,1,0,2,0,2,0,0,0,0,0,0,33.6,2117.2,0,0,2049.6
6725,1,0,1,1,72,1,2,1,0,2,2,2,0,0,2,0,0,90.45,6565.85,0,1,6512.400000000001
6173,0,0,0,0,5,1,2,1,0,0,0,0,2,0,0,1,2,84.0,424.75,0,3,420.0
6867,0,0,0,0,49,1,0,0,2,2,2,2,0,0,2,0,0,67.4,3306.85,0,0,3302.6000000000004
2798,1,0,0,0,8,1,0,2,1,1,1,1,1,1,0,1,0,19.7,168.9,0,2,157.6
1914,1,0,0,0,3,1,0,1,0,0,0,0,0,2,0,1,2,80.35,253.8,0,3,241.04999999999998
6631,1,0,1,1,9,1,0,2,1,1,1,1,1,1,2,0,3,19.6,197.4,0,2,176.4
3577,1,0,1,1,67,1,0,0,2,2,0,0,0,0,2,1,0,54.2,3838.2,0,0,3631.4
2408,1,0,0,0,46,1,0,0,0,0,0,0,0,0,0,1,1,45.2,2065.15,0,0,2079.2000000000003
6520,0,0,1,0,67,1,2,0,2,2,2,0,0,2,1,0,3,75.1,5064.45,0,1,5031.7
4953,0,0,1,0,55,1,0,2,1,1,1,1,1,1,1,0,2,19.7,1140.05,0,0,1083.5
1793,1,0,1,0,33,1,2,0,2,2,2,0,2,0,0,1,0,72.75,2447.45,0,3,2400.75
5026,1,0,1,1,62,1,0,2,1,1,1,1,1,1,2,0,1,20.05,1263.9,0,0,1243.1000000000001
3598,0,0,0,1,1,1,0,0,0,0,0,0,0,0,0,0,3,45.95,45.95,1,2,45.95
5665,1,0,1,1,49,0,1,0,2,0,0,0,0,2,0,1,2,39.2,1838.15,0,0,1920.8000000000002
3056,1,0,0,0,1,1,0,0,0,0,0,0,0,0,0,1,2,44.75,44.75,0,2,44.75
3180,1,0,1,0,14,1,2,1,0,2,2,0,0,0,0,1,2,82.65,1185.0,0,3,1157.1000000000001
5165,1,1,0,0,18,1,2,1,0,0,2,2,2,0,0,0,0,93.9,1743.9,0,3,1690.2
1248,0,1,0,0,1,1,0,1,0,0,0,0,0,0,0,1,2,70.15,70.15,1,3,70.15
142,0,0,0,0,1,1,0,1,0,0,2,0,2,0,0,1,1,85.55,85.55,1,3,85.55
4720,0,0,1,0,72,1,2,1,2,2,2,2,2,2,2,1,1,117.15,8529.5,0,1,8434.800000000001
6738,1,0,0,0,64,1,2,1,2,0,2,2,0,2,2,0,1,99.25,6549.45,0,1,6352.0
4971,1,0,1,0,69,1,2,1,2,2,2,2,2,2,2,1,0,112.55,7806.5,0,1,7765.95
1868,0,0,0,0,1,1,2,2,1,1,1,1,1,1,0,1,2,25.7,25.7,0,2,25.7
499,1,0,1,1,71,1,2,0,2,2,2,2,2,2,2,0,1,90.3,6287.3,0,1,6411.3
3907,0,0,1,1,66,1,0,0,0,0,0,2,0,0,1,1,1,49.4,3251.85,0,0,3260.4
6427,1,0,0,0,2,1,0,2,1,1,1,1,1,1,0,0,3,19.4,50.6,0,2,38.8
6,0,1,1,0,71,1,0,1,2,2,2,2,2,2,2,1,0,109.7,7904.25,0,1,7788.7
6558,1,0,0,0,11,1,0,0,0,2,0,0,2,0,1,1,2,61.25,729.95,0,3,673.75
6553,1,0,0,1,47,1,0,0,2,2,0,0,0,0,0,1,2,55.3,2654.05,0,0,2599.1
1998,0,0,1,0,35,1,0,1,0,0,0,0,0,0,0,1,2,70.3,2416.55,1,3,2460.5
2645,1,1,1,0,32,1,2,1,0,2,2,0,2,2,0,0,0,106.35,3520.75,1,3,3403.2
2386,1,0,1,1,60,1,2,1,0,2,0,2,2,2,0,1,0,103.75,5969.95,0,1,6225.0
5435,1,0,0,0,11,1,0,2,1,1,1,1,1,1,1,0,3,19.5,226.8,0,2,214.5
4332,0,0,0,0,29,0,1,0,2,2,0,2,0,0,1,0,1,39.5,1082.75,0,2,1145.5
2666,1,0,1,1,21,0,1,0,0,0,0,0,0,0,0,1,2,26.05,565.75,0,2,547.0500000000001
1759,1,1,1,0,48,1,2,1,0,0,2,0,0,2,0,1,1,91.05,4370.75,0,1,4370.4
3648,0,0,0,1,3,0,1,0,0,2,0,0,0,0,0,0,3,29.65,90.05,0,2,88.94999999999999
859,0,0,1,1,43,1,0,0,0,2,0,0,0,0,0,0,3,50.2,2169.4,0,0,2158.6
4792,1,0,0,0,5,1,2,1,0,2,2,0,2,2,0,0,2,105.3,550.6,0,3,526.5
6921,0,0,0,0,1,1,0,0,0,0,0,0,0,2,0,1,2,55.45,55.45,0,2,55.45
4366,1,0,1,1,71,1,2,0,2,0,2,2,2,2,1,0,2,85.45,6300.85,0,1,6066.95
844,0,0,1,1,8,1,0,2,1,1,1,1,1,1,1,0,2,19.8,160.05,0,2,158.4
5200,1,0,0,0,8,1,2,0,0,0,0,0,2,0,0,1,2,59.25,436.6,0,3,474.0
2655,1,0,0,0,20,1,2,1,0,0,2,0,2,0,0,1,1,90.7,1781.35,0,3,1814.0
3625,0,0,1,1,33,1,2,1,2,0,2,0,2,2,1,1,3,103.7,3467.0,1,3,3422.1
5857,1,0,0,0,71,1,2,1,0,2,0,0,0,0,1,1,1,79.05,5552.5,0,1,5612.55
4603,0,1,1,0,31,1,2,1,0,0,2,0,2,0,1,1,2,90.7,2835.5,0,3,2811.7000000000003
2865,0,1,1,0,38,1,2,1,2,2,0,0,0,2,1,0,1,95.0,3591.25,0,1,3610.0
2613,1,0,0,0,1,1,0,1,0,0,0,0,2,2,0,1,2,88.35,88.35,1,3,88.35
5241,0,0,1,1,2,0,1,0,0,2,0,0,0,0,0,1,3,30.25,63.75,0,2,60.5
5106,0,0,1,0,12,0,1,0,0,0,2,0,2,2,0,1,0,49.85,617.15,0,2,598.2
3629,0,0,0,1,9,1,0,1,2,0,2,2,0,2,0,0,0,93.0,870.25,0,3,837.0
741,1,1,0,1,11,1,0,0,0,2,0,2,0,0,0,1,2,54.55,601.25,0,2,600.05
5412,1,0,0,1,6,1,0,2,1,1,1,1,1,1,0,0,3,19.7,111.65,0,2,118.19999999999999
195,0,0,1,0,71,1,0,0,2,2,2,2,2,2,1,1,0,84.8,6046.1,0,1,6020.8
3687,0,0,1,1,42,1,2,1,2,2,0,0,2,0,1,1,1,94.45,3923.8,0,1,3966.9
2033,0,0,1,1,8,1,0,1,0,0,2,0,2,2,0,1,2,94.2,777.3,1,3,753.6
5342,0,0,0,0,5,1,0,1,0,2,0,0,2,2,0,1,2,96.25,512.45,1,3,481.25
6245,0,0,1,0,2,1,0,1,0,0,0,0,0,0,0,1,2,70.7,141.45,1,3,141.4
4694,0,0,1,1,45,1,0,2,1,1,1,1,1,1,2,0,3,20.85,892.15,0,0,938.2500000000001
2291,1,0,1,1,28,0,1,0,0,2,2,2,2,2,1,1,1,60.0,1682.05,0,3,1680.0
2444,0,0,1,0,43,1,2,1,0,2,0,0,0,0,0,0,2,80.45,3398.9,0,1,3459.35
4902,1,0,0,1,60,1,2,0,2,0,2,2,2,2,2,1,2,84.95,4984.85,0,1,5097.0
1110,0,0,1,0,42,0,1,0,0,2,0,2,0,0,1,0,3,33.55,1445.3,1,0,1409.1
4996,1,0,1,1,7,0,1,0,2,0,2,2,0,2,2,0,1,49.65,305.55,0,2,347.55
6777,0,0,1,0,25,1,0,2,1,1,1,1,1,1,1,1,0,20.2,507.9,0,2,505.0
6976,0,1,1,1,40,1,2,1,0,0,0,0,2,2,0,1,1,94.55,3640.45,1,1,3782.0
6343,1,0,0,0,27,1,2,1,0,0,2,0,2,2,1,1,0,100.5,2673.45,0,3,2713.5
3010,1,0,0,0,10,0,1,0,0,2,0,2,0,0,0,0,2,35.75,389.8,0,2,357.5
89,0,1,0,0,27,1,2,1,0,2,2,0,0,0,0,1,0,86.45,2401.05,0,3,2334.15
1678,0,0,0,0,11,1,0,0,0,0,2,2,0,0,1,0,0,53.8,651.55,0,2,591.8
2583,1,0,1,1,4,0,1,0,2,0,0,0,2,0,0,0,1,38.55,156.1,0,2,154.2
2737,1,0,0,0,68,0,1,0,0,0,2,0,0,2,0,1,0,39.9,2796.35,0,0,2713.2
6764,1,1,0,0,1,1,0,1,0,0,0,0,0,0,0,1,2,70.05,70.05,0,3,70.05
777,0,0,0,0,18,1,0,2,1,1,1,1,1,1,1,0,3,20.1,407.05,0,2,361.8
3723,0,0,0,0,57,1,2,1,2,2,2,0,2,2,2,1,0,112.95,6465.0,1,1,6438.150000000001
90,1,0,0,0,26,1,0,2,1,1,1,1,1,1,0,1,2,20.3,511.25,0,2,527.8000000000001
712,0,0,1,0,17,0,1,0,0,2,2,0,0,0,0,1,1,35.65,646.05,0,2,606.05
5579,1,0,0,0,1,0,1,0,0,0,0,0,0,2,0,0,2,35.9,35.9,1,2,35.9
1728,1,0,0,1,38,1,2,1,0,0,2,0,2,2,0,1,0,99.25,3777.15,1,1,3771.5
5967,1,1,1,0,59,1,0,1,2,2,2,0,0,0,1,1,1,82.95,4903.15,0,1,4894.05
1231,1,0,0,0,30,1,0,0,2,0,2,0,0,0,2,1,3,55.65,1653.85,0,3,1669.5
5877,1,1,0,0,2,0,1,0,0,0,0,0,0,0,0,1,3,24.45,47.5,1,2,48.9
20,0,1,1,0,50,1,2,2,1,1,1,1,1,1,1,0,2,25.2,1306.3,0,0,1260.0
5906,1,0,0,0,9,0,1,0,2,0,2,2,0,2,1,0,3,50.8,463.6,0,2,457.2
1015,0,0,1,1,3,1,0,2,1,1,1,1,1,1,0,0,3,19.65,60.65,0,2,58.949999999999996
6665,0,0,0,1,14,1,0,0,0,0,2,0,2,0,0,1,1,59.8,824.85,0,3,837.1999999999999
4512,0,1,0,0,31,1,0,1,2,0,0,0,0,0,0,1,1,73.55,2094.65,0,3,2280.0499999999997
383,0,0,0,0,7,1,0,0,2,2,2,0,0,0,0,0,2,61.4,438.9,0,3,429.8
5041,0,0,0,0,8,1,2,1,2,0,0,2,2,2,0,1,0,103.35,847.3,1,3,826.8
6282,1,0,1,1,17,1,0,2,1,1,1,1,1,1,1,0,0,19.9,329.75,0,2,338.29999999999995
1469,1,0,1,1,32,1,0,2,1,1,1,1,1,1,0,1,1,19.45,674.55,0,2,622.4
6384,0,1,0,0,2,1,0,1,0,0,0,0,2,0,0,0,3,81.5,162.55,0,3,163.0
1497,1,1,0,0,7,1,2,1,0,0,0,0,2,0,0,1,2,84.8,546.95,1,3,593.6
6907,0,0,1,1,72,1,2,1,2,2,2,0,2,2,2,0,1,109.55,7887.25,0,1,7887.599999999999
863,0,1,0,0,31,1,2,1,0,2,0,0,2,2,0,1,2,99.95,3186.65,1,3,3098.4500000000003
105,0,0,1,1,27,1,0,1,2,0,0,0,0,0,0,0,3,74.4,1972.35,0,3,2008.8000000000002
6675,0,0,0,0,18,1,2,1,0,2,0,0,2,0,0,1,1,90.0,1527.35,1,3,1620.0
1022,1,0,0,0,7,1,0,1,0,0,2,0,0,0,0,1,2,74.9,490.55,0,3,524.3000000000001
6500,0,1,0,0,14,1,2,1,0,2,2,0,2,2,0,1,2,104.85,1531.4,1,3,1467.8999999999999
939,1,0,1,1,11,1,0,0,0,0,2,0,2,0,0,1,0,59.65,683.25,0,3,656.15
5392,0,0,1,1,72,1,2,1,2,0,2,2,2,2,2,1,0,110.45,8058.85,0,1,7952.400000000001
2326,1,0,1,1,28,1,2,1,2,2,0,0,2,2,1,0,2,106.1,2847.4,1,3,2970.7999999999997
4179,1,1,0,0,15,1,2,1,0,0,0,0,0,0,0,1,1,74.2,1133.9,1,3,1113.0
820,0,1,0,0,4,1,2,1,0,0,0,0,0,0,0,1,2,74.45,294.45,0,3,297.8
3850,0,0,0,0,71,1,2,2,1,1,1,1,1,1,2,0,2,24.55,1719.15,0,0,1743.05
6008,0,0,0,0,5,1,0,1,0,2,0,2,0,2,0,1,2,89.35,461.7,1,3,446.75
4229,1,0,1,1,47,1,2,2,1,1,1,1,1,1,2,0,3,24.55,1160.45,0,0,1153.8500000000001
3689,1,1,1,0,57,1,0,1,0,2,2,0,2,0,1,1,2,90.65,5199.8,0,1,5167.05
5320,1,1,1,0,50,1,2,1,2,0,2,0,2,2,2,1,1,105.05,5163.3,0,1,5252.5
5084,1,0,0,0,8,1,0,2,1,1,1,1,1,1,0,1,1,20.45,162.3,0,2,163.6
1520,0,0,1,1,48,1,0,2,1,1,1,1,1,1,2,0,3,19.55,883.35,0,0,938.4000000000001
5475,0,0,0,0,70,1,0,2,1,1,1,1,1,1,1,0,0,19.7,1341.5,0,0,1379.0
1768,1,0,0,1,1,1,0,0,2,2,0,2,0,2,0,1,0,70.45,70.45,0,3,70.45
5670,1,0,1,0,8,1,2,1,0,0,0,0,0,2,0,1,0,85.65,659.45,0,3,685.2
1787,0,0,0,0,1,1,2,1,0,0,0,0,0,0,0,1,2,77.15,77.15,1,3,77.15
1183,1,0,0,0,1,0,1,0,0,0,0,0,0,2,0,1,0,35.25,35.25,1,2,35.25
5482,1,0,1,1,60,1,0,2,1,1,1,1,1,1,2,0,3,20.55,1205.05,0,0,1233.0
4650,1,0,1,1,49,1,2,1,0,0,0,2,2,2,1,1,2,97.95,4917.9,0,1,4799.55
1805,1,0,1,0,4,0,1,0,0,2,0,0,2,2,0,1,2,48.55,201.0,1,2,194.2
3311,0,0,0,0,29,1,0,2,1,1,1,1,1,1,1,0,3,20.0,599.3,0,2,580.0
1451,0,0,1,0,67,1,2,2,1,1,1,1,1,1,2,1,1,25.25,1733.15,0,0,1691.75
909,0,0,1,0,53,1,2,1,0,2,0,0,2,2,0,1,1,98.4,5149.5,1,1,5215.200000000001
2242,1,0,1,0,67,1,2,0,2,2,2,2,0,0,2,0,1,70.9,4677.1,0,1,4750.3
4369,0,0,1,1,6,1,0,2,1,1,1,1,1,1,0,0,3,19.85,119.3,0,2,119.10000000000001
3995,0,0,0,0,47,1,2,1,0,2,2,0,2,2,0,1,2,106.35,4849.1,0,1,4998.45
204,0,0,0,0,53,1,0,1,2,2,2,2,0,2,2,0,3,99.5,5424.25,0,1,5273.5
6453,1,0,1,0,69,1,0,0,2,2,2,2,2,2,2,1,3,84.7,5878.9,0,1,5844.3
829,1,0,0,0,3,1,0,1,2,0,0,0,0,2,0,1,3,86.05,244.85,0,3,258.15
5596,1,0,0,0,4,1,0,0,0,0,0,0,0,0,0,0,3,44.55,220.75,0,2,178.2
739,1,0,1,1,56,1,2,0,2,2,0,2,0,2,2,1,1,75.85,4261.2,0,1,4247.599999999999
268,1,1,1,0,59,1,2,1,0,0,0,0,2,2,0,1,0,93.85,5574.75,1,1,5537.15
4688,1,1,1,0,61,1,2,2,1,1,1,1,1,1,2,0,0,25.0,1501.75,0,0,1525.0
6754,0,0,1,0,2,1,0,0,0,0,0,0,0,0,0,1,2,45.0,89.75,0,2,90.0
5430,1,1,1,1,46,1,2,1,2,2,2,0,2,0,0,1,2,100.7,4541.2,1,1,4632.2
4590,1,0,1,1,12,1,0,2,1,1,1,1,1,1,0,0,3,20.5,255.5,0,2,246.0
6992,0,0,0,0,14,1,2,1,0,0,2,0,0,0,0,1,2,80.45,1072.0,1,3,1126.3
807,0,0,1,1,28,1,2,1,0,0,0,2,0,2,1,1,2,90.45,2509.25,0,3,2532.6
4695,1,0,0,0,24,1,0,0,2,2,0,2,0,0,0,0,0,60.45,1440.75,0,3,1450.8000000000002
3294,1,0,0,0,31,1,0,0,0,0,2,2,0,0,0,1,2,55.25,1715.65,1,3,1712.75
700,0,0,1,1,68,1,2,0,2,2,2,2,0,2,1,1,2,78.45,5333.35,0,1,5334.6
5431,1,0,0,1,39,1,2,1,0,0,0,2,2,2,2,0,3,100.55,3895.35,0,1,3921.45
1065,0,0,1,0,42,1,0,2,1,1,1,1,1,1,0,0,1,20.35,869.9,0,0,854.7
6492,1,0,1,0,13,0,1,0,2,0,0,2,2,2,0,1,2,54.45,706.85,1,2,707.85
6082,0,0,1,0,6,1,2,1,0,2,0,0,0,2,0,1,2,90.75,512.25,0,3,544.5
1095,1,0,0,0,35,1,2,1,0,0,0,0,0,0,0,0,1,75.35,2636.05,1,3,2637.25
4390,0,0,1,0,38,1,0,2,1,1,1,1,1,1,1,1,1,20.25,814.75,0,0,769.5
1604,1,0,0,0,18,1,0,2,1,1,1,1,1,1,2,0,1,20.05,388.6,0,2,360.90000000000003
4050,0,0,1,0,4,1,0,2,1,1,1,1,1,1,0,0,3,19.6,93.45,0,2,78.4
778,1,0,1,0,27,1,0,0,0,2,0,2,0,0,0,1,2,53.8,1389.85,0,3,1452.6
4301,1,0,0,1,41,1,0,0,2,2,2,0,2,0,1,0,3,70.2,2894.55,0,3,2878.2000000000003
465,1,0,1,1,50,1,0,0,2,0,0,2,2,2,1,0,2,75.5,4025.6,0,1,3775.0
4669,1,0,1,1,72,1,0,2,1,1,1,1,1,1,2,0,2,20.35,1354.4,0,0,1465.2
6403,0,0,0,0,70,1,2,2,1,1,1,1,1,1,1,0,1,26.05,1856.4,0,0,1823.5
6402,1,0,1,1,44,1,0,2,1,1,1,1,1,1,1,0,0,20.6,926.0,0,0,906.4000000000001
5980,1,0,0,0,2,1,0,1,2,0,0,0,0,0,0,1,2,75.7,189.2,1,3,151.4
1207,0,0,1,1,34,1,0,2,1,1,1,1,1,1,1,1,0,20.1,682.1,0,2,683.4000000000001
6169,0,1,1,0,72,1,2,2,1,1,1,1,1,1,2,0,0,24.3,1778.7,0,0,1749.6000000000001
6811,1,0,1,0,71,1,2,2,1,1,1,1,1,1,2,1,2,24.5,1816.2,0,0,1739.5
6619,0,0,0,0,64,1,2,1,0,2,2,2,2,2,2,1,1,110.5,7069.25,0,1,7072.0
1294,0,0,1,0,72,1,2,2,1,1,1,1,1,1,2,1,0,25.25,1841.2,0,0,1818.0
2594,1,0,0,0,1,1,2,1,0,0,0,0,0,0,0,1,3,74.25,74.25,1,3,74.25
4990,1,1,1,0,29,1,0,1,2,0,2,0,0,2,1,0,0,90.1,2656.7,0,3,2612.8999999999996
4121,0,0,1,0,23,1,0,0,2,0,2,2,0,2,1,1,0,68.75,1689.45,0,3,1581.25
6734,1,0,1,1,52,1,0,2,1,1,1,1,1,1,2,0,3,19.2,1054.75,0,0,998.4
6307,0,1,0,0,25,1,2,1,0,2,0,0,0,2,0,1,2,89.7,2187.55,1,3,2242.5
6266,0,0,0,0,64,1,2,1,2,2,2,2,2,2,2,1,0,115.1,7334.05,0,1,7366.4
5866,0,1,0,0,16,1,2,1,0,0,0,0,2,2,0,1,2,96.4,1581.2,1,3,1542.4
3679,1,1,0,0,1,1,0,1,0,0,0,0,0,0,0,1,0,69.5,69.5,1,3,69.5
305,1,0,0,0,24,1,2,1,0,2,0,0,2,2,0,1,0,99.65,2404.85,0,3,2391.6000000000004
3478,1,0,1,0,2,1,2,1,0,0,2,0,2,0,0,1,2,91.45,171.45,0,3,182.9
4094,0,0,1,1,34,1,0,0,2,2,2,2,2,2,2,0,3,84.75,2839.45,0,3,2881.5
3821,1,1,1,0,36,1,2,1,0,0,0,0,0,2,0,1,1,85.25,3132.75,1,3,3069.0
448,1,0,1,1,53,1,2,0,0,0,2,2,2,2,1,1,3,78.75,3942.45,0,1,4173.75
6413,0,0,1,1,47,1,0,2,1,1,1,1,1,1,2,0,1,20.25,873.4,0,0,951.75
533,1,0,0,1,72,1,0,2,1,1,1,1,1,1,2,0,1,19.9,1529.65,0,0,1432.8
2187,1,0,1,1,72,1,2,1,2,2,0,2,0,2,2,1,1,97.75,6991.6,0,1,7038.0
4084,1,0,0,0,1,1,0,2,1,1,1,1,1,1,0,0,3,19.4,19.4,1,2,19.4
6311,0,0,0,0,9,1,2,1,0,0,0,0,0,2,0,1,2,83.3,803.3,1,3,749.6999999999999
2984,0,0,0,0,8,1,0,1,0,0,0,0,2,0,0,1,0,80.1,679.3,1,3,640.8
18,1,1,0,0,45,1,0,0,2,0,2,0,0,2,1,0,1,62.7,2791.5,1,0,2821.5
490,0,0,0,0,7,1,0,1,0,0,2,2,2,2,0,1,2,100.4,715.0,0,3,702.8000000000001
2525,0,0,1,0,71,1,2,2,1,1,1,1,1,1,2,1,1,24.45,1681.6,0,0,1735.95
6926,0,1,0,0,41,1,0,1,0,0,2,2,2,2,1,1,0,101.1,4016.2,0,1,4145.099999999999
3844,1,0,1,1,67,0,1,0,2,0,0,0,2,2,2,0,1,50.9,3281.65,0,0,3410.2999999999997
6046,1,0,1,0,69,1,2,1,2,2,2,2,0,2,1,1,1,107.2,7317.1,0,1,7396.8
1342,0,1,1,0,70,1,2,0,2,2,2,2,2,2,2,1,0,92.2,6474.45,0,1,6454.0
116,1,0,0,0,25,1,2,2,1,1,1,1,1,1,1,0,0,25.3,676.35,1,2,632.5
6121,1,0,0,0,72,1,2,1,2,2,2,2,2,2,2,0,0,113.4,8164.1,0,1,8164.8
5508,1,0,1,1,34,0,1,0,0,0,0,2,2,0,2,1,2,40.55,1325.85,0,0,1378.6999999999998
1385,0,0,1,1,65,1,2,2,1,1,1,1,1,1,2,0,1,26.0,1654.85,0,0,1690.0
5021,0,0,0,0,70,1,2,1,2,2,2,2,2,2,2,1,1,111.95,7795.95,0,1,7836.5
505,0,0,1,1,72,0,1,0,2,0,2,0,2,2,2,1,1,53.8,3952.45,0,0,3873.6
3400,1,0,0,1,35,1,0,0,0,0,0,2,2,2,1,1,3,72.1,2495.15,0,3,2523.5
650,1,0,0,0,13,1,2,1,2,0,0,0,2,2,0,0,3,98.15,1230.25,1,3,1275.95
5181,0,0,1,0,12,1,2,0,2,0,2,0,2,2,1,0,2,78.85,876.75,0,3,946.1999999999999
444,0,0,1,1,62,1,0,0,2,0,2,2,2,0,1,1,0,70.75,4263.45,0,1,4386.5
5105,0,0,0,0,25,1,0,0,2,0,0,2,2,2,0,1,1,76.15,1992.95,0,3,1903.7500000000002
5646,0,0,0,0,52,0,1,0,2,2,0,2,0,0,2,0,3,39.1,1982.1,0,0,2033.2
6898,1,1,0,0,8,1,0,1,0,0,0,0,0,0,0,1,1,69.95,562.7,0,3,559.6
106,1,0,0,0,2,1,0,2,1,1,1,1,1,1,0,0,3,20.05,33.7,0,2,40.1
5778,0,0,1,1,56,1,0,2,1,1,1,1,1,1,2,0,3,20.05,1090.1,0,0,1122.8
1995,0,0,0,0,12,1,0,2,1,1,1,1,1,1,0,0,0,19.45,227.45,0,2,233.39999999999998
2479,0,0,1,0,47,1,2,2,1,1,1,1,1,1,1,0,2,26.9,1250.85,0,0,1264.3
6455,1,1,0,0,2,1,0,2,1,1,1,1,1,1,0,0,2,19.2,37.2,0,2,38.4
4131,0,0,0,0,18,1,0,0,0,0,2,0,0,0,0,1,3,50.0,892.7,0,2,900.0
1250,0,0,0,0,8,1,0,0,2,0,0,0,2,0,0,1,2,60.0,487.75,0,3,480.0
6264,1,0,1,0,45,1,2,1,2,0,2,0,0,0,0,1,3,84.55,3713.95,0,1,3804.75
2846,1,0,0,0,3,1,0,0,0,0,0,0,0,0,0,0,3,45.45,141.7,0,2,136.35000000000002
3829,0,0,0,0,38,1,0,2,1,1,1,1,1,1,1,0,3,20.05,678.2,0,0,761.9
5879,1,0,1,0,72,1,2,1,2,2,2,2,2,2,2,1,2,115.55,8425.3,0,1,8319.6
5808,1,0,0,0,46,1,2,1,2,2,0,0,0,2,0,1,2,93.7,4154.8,1,1,4310.2
2261,0,0,1,1,71,1,2,1,2,2,2,0,2,0,2,1,1,99.0,7061.65,0,1,7029.0
172,1,0,1,1,66,0,1,0,0,0,0,2,2,2,2,0,0,50.55,3364.55,0,0,3336.2999999999997
3616,1,1,0,0,25,1,2,1,0,2,2,0,2,2,0,0,3,105.95,2655.25,1,3,2648.75
2262,1,0,0,0,18,1,2,0,0,0,2,2,2,2,1,1,1,82.0,1425.45,1,3,1476.0
5673,0,0,1,1,13,1,2,2,1,1,1,1,1,1,2,1,0,25.0,332.5,0,2,325.0
2258,0,0,1,1,65,1,2,0,2,2,2,2,2,2,2,0,0,91.55,5963.95,0,1,5950.75
276,1,0,1,0,60,1,2,1,0,2,2,0,2,0,0,1,2,95.75,5742.9,1,1,5745.0
1553,1,0,1,1,15,1,0,2,1,1,1,1,1,1,2,0,3,19.35,278.85,0,2,290.25
5861,0,0,1,0,72,1,2,2,1,1,1,1,1,1,2,0,1,24.85,1871.85,0,0,1789.2
6761,1,0,1,0,30,1,2,1,0,0,0,0,2,2,0,1,1,94.05,2866.45,1,3,2821.5
5841,0,0,1,1,42,1,0,1,0,0,2,2,2,2,2,1,2,100.4,4303.65,0,1,4216.8
6468,0,0,1,0,71,1,2,2,1,1,1,1,1,1,2,0,0,25.0,1753.0,0,0,1775.0
2853,0,0,0,0,1,1,0,0,0,0,0,0,0,2,0,1,3,54.75,54.75,1,2,54.75
2288,1,1,0,0,39,1,2,1,0,0,0,0,2,2,0,1,0,95.65,3759.05,1,1,3730.3500000000004
3678,0,0,0,0,35,1,0,2,1,1,1,1,1,1,0,0,0,19.25,617.65,0,0,673.75
727,0,0,1,1,53,1,0,1,0,2,2,2,2,2,0,1,0,108.25,5935.1,0,1,5737.25
3465,0,0,0,0,1,1,2,1,0,0,0,0,2,2,0,1,2,94.6,94.6,1,3,94.6
228,0,1,1,1,31,1,0,1,0,0,2,2,2,2,0,1,2,98.9,2911.3,1,3,3065.9
3047,1,0,0,0,48,1,0,2,1,1,1,1,1,1,2,0,1,20.15,982.95,0,0,967.1999999999999
5503,0,1,0,1,30,1,2,1,0,0,0,2,2,2,0,1,2,101.3,2974.5,0,3,3039.0
256,1,0,0,0,10,1,0,2,1,1,1,1,1,1,0,0,1,20.0,198.7,0,2,200.0
5087,0,0,0,1,12,1,2,1,0,2,2,0,2,2,0,1,2,105.3,1275.65,0,3,1263.6
4581,0,1,0,0,57,1,0,0,2,0,2,2,2,0,2,0,0,69.85,4003.0,0,1,3981.45
2790,0,0,1,0,58,1,0,0,2,2,0,0,2,0,0,1,1,65.25,3791.6,0,1,3784.5
6778,0,0,0,0,37,1,0,2,1,1,1,1,1,1,2,0,3,19.8,813.3,0,0,732.6
713,0,0,1,1,44,1,0,2,1,1,1,1,1,1,0,0,3,19.6,780.25,0,0,862.4000000000001
4139,1,0,0,1,27,1,0,2,1,1,1,1,1,1,1,0,1,20.05,552.9,0,2,541.35
4090,0,0,0,0,8,1,0,0,0,0,0,2,0,0,0,0,2,49.4,408.25,0,2,395.2
5366,1,1,0,0,3,1,2,1,0,0,0,0,0,0,0,1,2,76.05,231.8,1,3,228.14999999999998
3157,0,1,1,0,25,1,0,1,0,2,2,0,0,2,0,0,0,88.4,2191.15,0,3,2210.0
5946,0,0,1,1,57,1,2,1,0,2,0,0,2,2,0,1,2,100.6,5611.7,0,1,5734.2
2637,0,0,0,0,12,1,0,2,1,1,1,1,1,1,0,0,3,19.45,246.25,0,2,233.39999999999998
658,0,0,1,1,62,1,0,2,1,1,1,1,1,1,2,0,0,20.3,1296.15,0,0,1258.6000000000001
2165,0,0,1,0,65,1,2,1,0,2,2,2,2,2,2,1,0,107.65,7082.85,0,1,6997.25
871,0,0,1,0,71,1,2,0,0,0,2,2,2,2,2,1,0,80.45,5662.25,0,1,5711.95
4127,0,0,1,1,21,1,0,0,0,2,0,0,2,0,1,1,1,58.85,1215.45,0,3,1235.8500000000001
4210,1,0,1,0,71,1,2,1,2,2,2,0,2,2,1,1,2,109.6,7854.15,0,1,7781.599999999999
5912,0,0,0,0,7,1,0,1,0,0,2,0,0,0,0,1,2,75.15,525.0,0,3,526.0500000000001
4532,0,0,0,0,72,1,0,0,2,2,2,2,0,2,2,1,1,73.0,5265.2,0,1,5256.0
1550,0,0,0,0,1,1,0,1,0,0,0,0,0,0,0,0,2,70.1,70.1,0,3,70.1
5492,0,0,1,1,72,1,2,1,0,2,2,2,0,2,2,1,0,98.65,7129.45,0,1,7102.8
779,0,0,1,1,64,1,2,1,0,2,2,2,2,2,1,1,2,111.45,7266.95,0,1,7132.8
95,0,0,0,0,72,1,2,1,2,2,2,2,2,2,2,1,2,114.9,8496.7,0,1,8272.800000000001
4597,0,0,0,0,29,1,2,1,0,0,2,0,2,2,0,0,0,100.55,2878.75,0,3,2915.95
1213,0,0,0,0,13,1,0,2,1,1,1,1,1,1,2,1,3,20.4,261.3,0,2,265.2
1061,0,0,0,0,31,1,2,1,2,2,0,0,2,2,0,0,2,104.35,3205.6,0,3,3234.85
3935,1,1,0,0,1,1,0,1,0,0,0,0,0,0,0,1,2,69.75,69.75,1,3,69.75
3023,1,0,1,1,7,0,1,0,2,0,0,2,0,0,0,1,2,34.5,279.25,1,2,241.5
3101,1,0,1,0,61,1,2,1,0,2,2,0,2,2,0,1,2,105.55,6281.45,1,1,6438.55
3695,0,0,0,1,39,0,1,0,0,0,2,0,0,0,0,0,1,30.1,1131.3,1,0,1173.9
4235,1,0,1,0,10,1,0,1,0,0,0,0,0,0,0,1,2,70.3,738.2,1,3,703.0
5823,0,0,1,1,14,1,2,0,0,2,0,2,2,2,0,0,1,80.45,1137.05,0,3,1126.3
86,0,0,0,0,1,1,2,1,0,2,0,0,0,0,0,1,3,80.2,80.2,1,3,80.2
2342,0,0,1,1,67,1,2,1,2,0,0,2,0,2,1,1,1,94.35,6341.45,1,1,6321.45
6546,0,0,0,0,72,1,2,0,2,2,2,2,2,2,2,1,0,91.35,6697.2,0,1,6577.2
5376,1,0,1,1,6,1,0,0,0,0,0,0,0,0,0,1,0,44.6,260.8,1,2,267.6
3203,0,0,0,0,1,1,0,2,1,1,1,1,1,1,0,1,3,19.6,19.6,1,2,19.6
724,1,0,1,1,25,1,0,2,1,1,1,1,1,1,1,0,2,19.9,505.45,0,2,497.49999999999994
2331,0,1,0,0,33,1,2,1,0,2,2,2,2,2,0,1,2,110.45,3655.45,1,1,3644.85
5538,1,0,0,0,18,1,0,0,2,0,2,2,2,0,0,1,2,68.35,1299.8,0,3,1230.3
6197,1,0,1,0,71,1,0,0,0,2,2,2,2,2,2,1,1,79.1,5564.85,0,1,5616.099999999999
3778,1,1,1,1,28,1,2,0,0,0,0,0,0,0,1,1,2,51.0,1381.8,0,2,1428.0
2184,0,0,0,1,2,1,2,1,2,0,0,0,0,0,0,0,1,80.55,188.1,0,3,161.1
556,1,0,1,1,17,1,2,0,0,2,2,2,0,0,0,1,3,66.7,1077.05,0,3,1133.9
601,1,0,0,0,56,1,2,1,2,2,0,0,0,0,0,1,2,86.4,4922.4,0,1,4838.400000000001
3214,0,0,1,0,60,0,1,0,2,2,2,0,0,2,1,0,2,50.05,2911.5,0,0,3003.0
2954,0,0,0,0,33,1,2,2,1,1,1,1,1,1,2,0,1,25.7,826.1,0,2,848.1
1917,0,0,0,0,1,1,0,1,2,2,0,2,0,0,0,1,3,83.4,83.4,0,3,83.4
3549,1,0,0,0,2,1,0,1,0,0,0,0,0,0,0,0,1,70.7,140.7,1,3,141.4
7,1,0,1,0,63,1,2,1,2,0,0,2,0,0,2,1,1,84.65,5377.8,0,1,5332.950000000001
4871,1,1,1,0,7,1,2,1,0,0,2,0,2,2,0,1,2,99.25,665.45,1,3,694.75
6364,0,0,0,0,55,1,0,0,0,2,2,0,0,2,2,1,3,64.75,3617.1,0,0,3561.25
3416,0,0,1,0,65,1,2,1,2,2,0,2,2,0,1,1,0,100.15,6643.5,0,1,6509.75
4883,1,0,1,0,1,1,0,1,0,0,0,2,2,0,0,1,2,84.8,84.8,1,3,84.8
7015,1,0,0,0,63,1,2,2,1,1,1,1,1,1,2,0,3,25.25,1559.3,0,0,1590.75
619,0,1,1,0,70,1,2,1,2,2,2,2,2,2,2,1,1,113.0,7987.6,0,1,7910.0
5446,0,0,1,1,36,0,1,0,2,0,2,2,0,0,2,0,1,40.65,1547.35,0,0,1463.3999999999999
4810,1,0,0,0,52,1,0,1,0,2,2,2,2,2,1,1,0,105.0,5426.85,1,1,5460.0
1670,1,0,0,0,22,1,2,0,2,0,0,0,0,0,0,1,2,54.45,1127.35,1,3,1197.9
3067,1,0,0,0,22,1,0,1,0,2,2,2,0,2,0,1,0,94.95,2142.8,0,3,2088.9
5869,0,1,0,0,5,1,0,0,2,2,0,2,0,0,0,0,1,59.9,287.85,0,3,299.5
1490,0,0,1,0,47,1,0,1,0,0,2,0,0,2,0,1,2,85.3,4045.65,1,1,4009.1
2481,0,0,0,0,33,1,2,1,0,0,0,0,0,2,0,1,2,83.35,2757.85,1,3,2750.5499999999997
1351,1,0,0,0,18,0,1,0,0,2,2,0,0,0,0,1,1,33.5,600.0,1,2,603.0
6041,0,0,0,0,1,1,0,2,1,1,1,1,1,1,0,0,1,19.8,19.8,0,2,19.8
4168,1,0,0,0,56,1,0,0,0,2,2,2,2,2,2,1,1,81.8,4534.45,0,1,4580.8
3516,0,0,0,0,2,1,0,2,1,1,1,1,1,1,0,1,3,20.0,40.9,0,2,40.0
4347,1,0,0,0,35,1,2,0,2,0,2,0,0,0,0,1,2,59.6,2094.9,0,0,2086.0
2109,0,0,1,0,64,1,2,2,1,1,1,1,1,1,2,0,1,25.0,1584.8,0,0,1600.0
3982,0,0,0,0,15,1,2,1,2,0,2,0,0,0,0,1,1,84.35,1302.65,0,3,1265.25
3437,1,0,0,0,24,1,0,1,0,0,0,0,2,2,0,1,2,90.35,2238.5,1,3,2168.3999999999996
3320,1,0,0,0,1,1,0,0,0,0,0,0,0,2,0,0,3,55.55,55.55,0,2,55.55
6666,0,0,1,1,70,1,0,0,2,0,0,2,2,2,2,0,1,75.35,5437.75,0,1,5274.5
1880,1,0,1,0,1,1,0,1,0,0,0,0,2,2,0,1,2,90.75,90.75,1,3,90.75
6735,0,0,0,1,4,1,2,1,0,2,0,0,2,0,0,0,3,89.6,365.65,1,3,358.4
3027,0,0,0,0,39,1,0,0,0,0,0,2,0,2,1,0,2,59.3,2209.15,0,0,2312.7
2305,0,0,0,0,29,1,2,0,2,0,0,0,0,2,0,1,2,66.1,1912.15,0,3,1916.8999999999999
5294,0,0,1,1,14,1,0,2,1,1,1,1,1,1,2,0,3,18.8,255.55,0,2,263.2
2212,0,0,0,0,61,1,2,0,2,0,2,2,2,2,2,0,1,86.45,5175.3,0,1,5273.45
3996,1,0,0,1,13,1,0,0,2,0,0,0,0,0,0,1,1,52.1,670.65,0,2,677.3000000000001
6212,0,0,0,0,66,0,1,0,2,2,2,2,0,0,2,1,3,47.4,3177.25,0,0,3128.4
5928,1,0,0,0,2,0,1,0,0,0,2,0,2,2,0,1,2,49.25,90.35,1,2,98.5
3628,0,0,1,0,59,1,2,1,2,2,2,0,2,2,1,1,1,109.15,6557.75,0,1,6439.85
4428,1,0,1,1,62,1,2,1,2,2,0,0,2,0,1,1,1,94.95,5791.85,0,1,5886.900000000001
5800,1,1,1,0,33,1,0,1,2,2,0,2,0,2,1,1,2,93.55,3055.5,0,3,3087.15
5973,1,0,0,1,66,1,0,0,0,2,2,2,2,2,2,1,1,79.5,5196.1,0,1,5247.0
5993,0,0,0,0,72,1,2,1,2,2,2,2,2,2,2,0,1,115.05,8405.0,0,1,8283.6
4860,1,0,0,1,1,1,0,2,1,1,1,1,1,1,0,0,3,19.75,19.75,1,2,19.75
3259,0,0,0,0,19,1,2,1,2,2,0,0,0,2,0,1,2,95.15,1789.25,1,3,1807.8500000000001
3160,0,0,1,1,51,1,2,1,2,0,0,2,2,0,1,1,3,95.15,5000.05,0,1,4852.650000000001
2938,1,0,0,0,63,1,2,1,0,2,0,2,2,2,0,0,2,105.4,6713.2,0,1,6640.200000000001
1455,1,0,0,0,27,1,0,2,1,1,1,1,1,1,1,0,0,20.1,562.6,0,2,542.7
5977,1,0,0,0,22,1,2,1,2,0,0,0,2,2,0,1,0,101.35,2317.1,1,3,2229.7
1257,0,1,0,0,4,1,0,2,1,1,1,1,1,1,0,0,3,20.05,91.45,0,2,80.2
3440,1,0,1,1,42,1,0,2,1,1,1,1,1,1,2,0,3,20.7,828.85,0,0,869.4
1268,0,0,0,0,29,1,0,2,1,1,1,1,1,1,1,0,3,20.35,617.35,0,2,590.1500000000001
1786,0,0,0,0,4,1,0,1,0,0,0,0,0,0,0,1,1,70.05,266.9,1,3,280.2
5000,1,0,0,0,30,1,0,2,1,1,1,1,1,1,1,0,3,19.7,625.05,0,2,591.0
5218,1,0,1,0,4,1,2,1,0,0,0,0,0,0,0,1,2,74.65,301.4,1,3,298.6
4976,1,0,1,1,71,1,0,0,2,2,2,2,2,2,2,0,0,85.45,6029.9,0,1,6066.95
6813,1,0,1,0,46,0,1,0,2,0,2,2,0,0,2,0,1,40.4,1842.7,0,0,1858.3999999999999
6651,1,0,0,0,4,1,2,0,0,0,0,0,0,0,0,0,3,50.4,206.6,1,2,201.6
5777,0,0,0,0,7,1,2,1,2,0,0,0,0,0,0,1,3,79.65,604.7,1,3,557.5500000000001
3863,1,0,0,0,69,1,2,1,0,2,0,2,2,2,1,1,0,105.2,7386.05,0,1,7258.8
4091,0,0,1,0,72,1,2,1,2,2,2,0,2,0,2,0,0,100.65,7334.05,0,1,7246.8
2990,1,1,0,0,19,1,2,1,0,0,2,0,0,0,0,1,2,79.85,1471.75,1,3,1517.1499999999999
3704,1,0,0,0,28,1,0,1,0,0,2,2,0,2,0,0,2,91.0,2626.15,0,3,2548.0
1078,1,0,1,0,5,1,2,1,0,2,0,0,0,0,0,1,2,78.75,412.1,1,3,393.75
6091,0,1,1,0,72,1,2,1,2,2,2,2,2,2,2,1,1,116.75,8277.05,0,1,8406.0
1649,1,1,1,1,8,1,0,1,0,0,0,0,2,0,0,1,1,80.45,583.45,1,3,643.6
5417,0,0,0,0,7,1,0,0,2,0,0,0,0,2,1,1,2,59.1,369.25,0,3,413.7
3870,0,0,0,0,22,1,0,0,2,0,0,0,0,0,0,1,2,49.8,1049.05,0,2,1095.6
2794,1,0,0,0,72,1,0,2,1,1,1,1,1,1,2,0,0,19.3,1414.8,0,0,1389.6000000000001
1692,1,0,1,1,8,1,0,2,1,1,1,1,1,1,0,0,1,19.65,169.75,0,2,157.2
153,1,0,1,0,52,1,2,0,2,2,2,2,0,2,1,1,1,81.4,4354.45,0,1,4232.8
3890,0,0,0,0,68,0,1,0,2,0,2,2,0,0,2,0,3,38.9,2719.2,0,0,2645.2
4579,0,0,1,0,71,1,2,0,2,2,2,2,2,2,2,0,0,87.95,6365.35,0,1,6244.45
5790,1,0,0,0,2,1,0,2,1,1,1,1,1,1,0,0,3,19.85,51.6,0,2,39.7
6695,0,1,0,0,34,1,2,1,0,2,0,2,2,0,0,1,2,96.35,3190.25,0,3,3275.8999999999996
1610,0,0,0,0,35,0,1,0,0,0,0,0,0,0,0,0,2,24.15,812.5,0,0,845.25
1152,0,0,1,1,61,1,0,2,1,1,1,1,1,1,1,0,1,19.1,1143.8,0,0,1165.1000000000001
1309,1,0,0,0,1,1,0,0,0,0,0,0,0,0,0,0,2,44.0,44.0,0,2,44.0
3334,0,0,0,0,1,1,2,0,0,0,0,0,0,0,0,1,3,50.1,50.1,1,2,50.1
6793,0,0,1,1,53,1,0,0,0,0,2,0,0,2,1,0,1,60.6,3297.0,0,0,3211.8
2962,0,0,1,0,72,1,2,2,1,1,1,1,1,1,2,0,0,25.65,1887.0,0,0,1846.8
5385,1,0,1,0,2,1,0,1,0,0,2,0,0,0,0,0,2,76.4,151.8,1,3,152.8
5632,1,0,0,0,3,1,0,1,0,0,2,2,2,2,0,1,2,98.7,293.65,1,3,296.1
6018,0,1,0,0,13,1,2,1,2,0,0,0,2,2,0,1,2,100.8,1308.1,1,3,1310.3999999999999
4344,1,1,1,0,41,0,1,0,0,2,2,0,2,2,0,1,2,53.95,2215.4,0,0,2211.9500000000003
2514,0,0,1,0,24,1,0,2,1,1,1,1,1,1,1,0,1,20.4,482.8,0,2,489.59999999999997
293,0,0,1,1,28,1,0,1,0,0,0,0,2,2,1,1,0,90.1,2598.95,1,3,2522.7999999999997
3620,1,0,0,0,8,0,1,0,2,0,0,0,0,0,0,0,3,29.35,216.45,0,2,234.8
4256,1,0,0,0,1,1,0,2,1,1,1,1,1,1,0,1,3,20.45,20.45,0,2,20.45
4851,0,0,0,0,54,1,2,1,0,0,2,2,0,2,2,1,0,95.1,5064.85,0,1,5135.4
325,1,0,0,0,41,1,2,2,1,1,1,1,1,1,0,1,0,25.25,996.45,0,0,1035.25
5602,0,0,1,0,19,1,0,0,0,0,0,0,0,0,0,0,3,44.9,839.65,0,2,853.1
147,0,0,1,1,72,1,2,0,2,2,2,2,2,2,2,0,0,92.65,6733.0,0,1,6670.8
5172,1,0,0,0,62,0,1,0,2,2,2,2,0,0,2,1,0,43.7,2618.3,0,0,2709.4
3001,0,1,1,1,56,1,0,0,2,0,0,2,2,2,2,1,1,72.6,4084.35,0,1,4065.5999999999995
2397,1,0,0,0,15,1,2,0,0,0,0,0,0,0,0,0,2,51.55,765.5,1,2,773.25
5852,1,1,0,0,10,1,0,1,0,0,0,0,0,2,0,1,2,79.25,793.55,1,3,792.5
3238,1,0,1,1,32,1,0,2,1,1,1,1,1,1,2,0,3,18.95,613.95,0,2,606.4
1264,1,0,0,0,21,1,0,2,1,1,1,1,1,1,0,0,1,20.5,402.85,0,2,430.5
3242,1,0,1,1,62,1,0,2,1,1,1,1,1,1,1,0,0,19.95,1244.8,0,0,1236.8999999999999
2965,0,0,0,0,2,0,1,0,0,0,0,0,0,0,0,0,2,24.5,46.4,0,2,49.0
6611,1,0,0,1,27,1,0,2,1,1,1,1,1,1,2,0,3,20.6,581.85,0,2,556.2
2363,1,0,0,0,5,1,2,1,0,0,0,0,2,2,0,1,0,94.85,462.8,1,3,474.25
4542,0,0,0,0,25,0,1,0,2,2,2,0,2,2,1,0,2,61.05,1540.2,0,3,1526.25
787,0,0,0,0,2,1,2,1,0,0,0,0,0,2,0,1,2,85.7,169.8,1,3,171.4
800,1,0,0,0,49,1,2,1,0,2,0,2,2,2,1,1,0,106.65,5168.1,0,1,5225.85
763,0,0,0,0,63,1,2,1,2,2,2,0,2,2,0,0,1,108.25,6780.1,0,1,6819.75
6997,0,0,0,1,4,1,0,2,1,1,1,1,1,1,0,0,1,20.4,94.5,0,2,81.6
2455,0,0,1,0,1,1,0,0,0,0,0,0,2,0,0,1,3,55.3,55.3,0,2,55.3
1630,1,0,0,0,11,1,0,2,1,1,1,1,1,1,0,0,3,20.25,208.0,0,2,222.75
5467,1,1,0,0,52,1,2,1,0,0,0,0,0,0,0,1,0,72.95,3829.75,0,1,3793.4
628,0,1,1,0,60,1,2,1,0,2,0,0,0,2,0,0,2,89.45,5294.6,0,1,5367.0
3582,1,0,0,0,64,1,2,1,0,0,2,2,2,2,1,1,1,104.65,6889.8,0,1,6697.6
1614,0,0,1,1,43,1,0,0,2,0,2,0,2,2,2,0,0,75.2,3254.35,0,1,3233.6
3108,0,0,1,0,61,1,2,1,0,0,0,2,2,2,1,0,0,101.15,6383.9,0,1,6170.150000000001
281,0,0,0,0,1,1,0,0,0,0,0,0,0,0,0,0,3,44.4,44.4,1,2,44.4
1169,1,1,0,0,5,1,0,1,0,0,0,0,2,2,0,1,2,89.5,477.7,1,3,447.5
2774,1,0,0,0,66,1,2,0,2,2,2,2,0,0,2,0,0,68.75,4447.55,0,1,4537.5
1595,1,0,1,0,67,1,0,1,2,2,2,2,2,2,2,1,2,111.05,7321.05,0,1,7440.349999999999
552,0,0,1,0,42,1,0,1,0,0,2,2,2,2,2,1,1,99.0,4135.0,0,1,4158.0
3402,1,1,1,0,1,1,2,1,0,0,0,0,2,0,0,1,2,86.05,86.05,1,3,86.05
3896,0,0,1,1,31,1,0,2,1,1,1,1,1,1,2,0,3,21.0,697.7,0,2,651.0
5897,1,0,0,0,7,1,0,2,1,1,1,1,1,1,0,1,3,19.4,168.65,0,2,135.79999999999998
1711,1,0,0,0,4,0,1,0,0,0,0,0,2,2,0,1,2,44.55,174.3,1,2,178.2
6415,1,0,1,1,34,1,2,0,0,0,2,0,2,2,1,0,0,77.2,2753.8,0,3,2624.8
810,1,0,0,0,3,1,0,2,1,1,1,1,1,1,1,1,3,19.45,69.25,0,2,58.349999999999994
5616,0,0,1,1,19,0,1,0,0,0,0,0,0,0,0,1,3,24.85,434.8,0,2,472.15000000000003
2909,1,0,1,1,31,0,1,0,2,0,0,2,0,0,0,0,0,35.4,1077.5,1,2,1097.3999999999999
4866,0,0,0,0,1,1,2,1,0,0,0,0,2,2,0,0,3,95.65,95.65,1,3,95.65
4505,1,0,0,0,3,0,1,0,2,0,2,2,0,0,0,0,3,41.35,107.25,0,2,124.05000000000001
3887,1,0,1,0,46,1,0,2,1,1,1,1,1,1,0,0,2,19.6,851.2,0,0,901.6
3988,0,0,0,0,1,1,0,2,1,1,1,1,1,1,0,0,3,20.95,20.95,1,2,20.95
113,0,0,1,1,69,1,2,1,2,0,2,0,0,0,1,0,0,84.45,5848.6,0,1,5827.05
1674,1,0,0,0,5,1,0,2,1,1,1,1,1,1,0,0,3,20.25,109.8,0,2,101.25
817,1,0,0,0,1,1,0,2,1,1,1,1,1,1,0,0,0,19.65,19.65,0,2,19.65
6713,1,0,0,0,26,1,0,2,1,1,1,1,1,1,1,1,1,20.65,595.5,0,2,536.9
1659,0,1,0,0,10,0,1,0,0,0,0,0,0,2,0,1,2,34.7,329.8,1,2,347.0
6309,1,0,0,0,25,1,0,1,0,0,2,2,2,2,2,0,0,99.3,2513.5,0,3,2482.5
1539,1,0,1,1,64,1,0,1,2,2,0,0,0,0,0,0,2,81.05,5135.35,0,1,5187.2
1222,1,0,1,1,30,1,2,0,2,2,2,2,0,0,0,0,2,67.6,2000.2,0,3,2027.9999999999998
6692,1,0,0,0,13,1,0,1,0,0,0,0,0,0,0,1,2,70.15,931.75,0,3,911.95
849,0,0,1,0,64,1,2,1,2,2,2,2,2,2,1,1,2,115.0,7396.15,0,1,7360.0
2499,0,0,0,1,46,1,2,1,0,0,2,2,0,0,0,1,0,84.8,3958.85,0,1,3900.7999999999997
985,0,0,0,0,12,1,0,2,1,1,1,1,1,1,1,0,3,19.7,260.9,0,2,236.39999999999998
3964,0,0,0,0,15,1,0,2,1,1,1,1,1,1,0,0,0,19.75,297.3,1,2,296.25
4324,1,0,1,1,17,1,2,1,0,0,0,0,2,2,0,1,2,92.55,1515.1,1,3,1573.35
4516,0,0,1,1,13,1,0,0,2,0,2,0,0,2,0,1,3,63.15,816.8,0,3,820.9499999999999
2425,0,0,1,1,67,1,2,0,2,2,0,2,2,0,2,0,1,74.0,4868.4,0,1,4958.0
1902,1,0,1,0,24,0,1,0,0,0,2,0,0,0,0,0,2,29.1,688.0,0,2,698.4000000000001
6598,1,0,0,0,6,1,0,0,0,0,0,2,0,0,0,0,3,50.05,288.35,0,2,300.29999999999995
1803,1,1,1,0,53,1,2,0,2,0,0,2,0,0,1,1,2,60.05,3229.65,1,0,3182.6499999999996
5311,1,1,1,0,16,1,0,1,0,2,0,0,0,0,0,1,1,74.3,1178.25,1,3,1188.8
3431,1,0,0,0,10,1,0,2,1,1,1,1,1,1,0,0,2,20.0,185.4,0,2,200.0
4678,0,0,0,0,13,1,0,1,0,2,0,0,0,0,1,1,3,74.65,966.25,0,3,970.45
1854,1,0,0,0,9,1,2,1,0,0,0,0,2,0,0,1,2,85.35,758.6,1,3,768.15
3078,0,0,0,0,25,1,0,0,2,2,2,2,2,0,1,0,3,74.3,1863.8,1,3,1857.5
3929,1,1,0,0,7,0,1,0,0,2,0,2,0,2,0,1,2,44.4,265.8,0,2,310.8
5010,1,0,1,1,38,1,2,0,2,0,2,2,2,2,2,1,0,85.4,3297.0,0,3,3245.2000000000003
3341,0,0,1,0,43,1,2,1,2,2,0,0,0,2,0,1,2,94.1,4107.3,0,1,4046.2999999999997
5185,0,0,0,1,4,1,0,1,0,0,2,2,2,2,0,1,0,98.1,396.3,1,3,392.4
2826,0,0,0,0,25,1,2,1,0,2,2,2,2,2,2,0,2,108.9,2809.05,0,3,2722.5
4668,1,0,0,1,27,1,0,0,2,2,0,0,0,0,1,0,3,56.2,1567.55,0,3,1517.4
6935,1,0,1,1,72,1,2,2,1,1,1,1,1,1,2,0,3,26.1,1851.45,0,0,1879.2
1915,1,0,0,1,71,1,2,1,2,2,0,0,0,0,1,1,1,85.45,6028.95,0,1,6066.95
394,0,0,0,0,24,1,2,1,0,0,2,0,2,0,0,1,1,88.95,2072.75,0,3,2134.8
3532,0,0,0,0,50,1,2,1,2,2,0,2,2,2,2,1,2,109.65,5551.15,1,1,5482.5
691,1,0,0,0,57,1,0,0,2,0,2,0,2,2,2,1,0,74.35,4317.35,0,1,4237.95
6471,0,0,0,0,15,1,0,0,0,2,0,0,0,0,0,0,2,48.85,736.8,0,2,732.75
2745,1,0,0,0,4,1,2,1,2,0,0,0,0,0,0,1,2,80.1,336.15,0,3,320.4
3806,0,0,0,0,28,1,0,0,2,2,0,0,0,0,0,0,2,56.05,1522.65,0,3,1569.3999999999999
487,0,1,0,0,9,1,2,1,0,0,0,0,0,0,0,1,2,74.55,622.9,1,3,670.9499999999999
36,0,0,1,0,55,1,2,1,2,0,0,0,2,0,0,1,0,89.8,4959.6,0,1,4939.0
4277,1,0,0,0,3,1,2,1,0,0,2,0,2,2,0,1,2,100.95,329.95,1,3,302.85
5125,1,0,0,0,10,1,0,1,0,0,2,0,2,2,0,1,2,94.9,1048.85,1,3,949.0
4983,1,0,0,1,55,1,0,2,1,1,1,1,1,1,1,0,0,19.1,1001.5,0,0,1050.5
353,0,0,1,1,20,1,0,2,1,1,1,1,1,1,0,0,3,20.35,442.6,0,2,407.0
688,0,0,1,1,62,1,2,1,0,2,0,2,2,2,1,1,1,106.05,6703.5,0,1,6575.099999999999
2091,1,1,1,0,32,1,2,1,0,0,2,2,2,2,0,1,2,104.9,3351.55,1,3,3356.8
1335,0,0,0,0,43,1,0,2,1,1,1,1,1,1,2,1,0,19.65,779.25,0,0,844.9499999999999
4364,1,0,1,0,9,0,1,0,0,0,0,0,0,0,1,0,0,24.1,259.8,1,2,216.9
6595,0,0,1,0,60,1,0,0,2,2,0,2,0,0,2,0,0,59.85,3483.45,0,0,3591.0
2284,1,0,1,0,58,1,2,0,2,2,2,0,2,2,2,1,2,86.1,4890.5,0,1,4993.799999999999
685,1,0,0,1,7,1,0,2,1,1,1,1,1,1,1,0,3,19.45,136.75,0,2,136.15
4714,1,0,1,1,2,1,0,1,2,0,0,0,2,2,0,0,2,97.1,184.15,0,3,194.2
3045,1,1,0,0,37,0,1,0,0,2,2,0,0,0,0,0,2,36.65,1315.0,0,0,1356.05
5979,0,1,1,1,65,1,2,1,0,0,2,2,2,2,1,1,0,103.9,6767.1,0,1,6753.5
4106,0,0,1,1,39,1,0,2,1,1,1,1,1,1,2,0,3,19.75,757.95,0,0,770.25
2648,1,0,1,0,66,1,2,1,0,2,0,2,2,2,1,1,2,104.05,6890.0,1,1,6867.3
4601,1,0,0,0,68,1,2,2,1,1,1,1,1,1,2,0,3,24.55,1657.4,0,0,1669.4
5387,0,0,1,1,62,0,1,0,2,2,0,2,2,0,2,0,0,48.7,3008.55,0,0,3019.4
526,1,0,0,0,3,1,0,1,0,0,2,2,2,0,0,1,3,88.35,262.05,1,3,265.04999999999995
365,0,0,1,0,72,1,2,1,2,2,2,0,2,2,2,1,2,109.55,8165.1,0,1,7887.599999999999
639,0,0,1,0,41,1,0,2,1,1,1,1,1,1,2,0,1,20.65,875.55,0,0,846.65
3410,1,0,1,1,29,1,0,1,2,0,0,0,2,2,0,0,1,94.65,2649.15,1,3,2744.8500000000004
1082,0,0,0,0,4,1,0,0,2,2,0,0,0,0,0,0,2,55.2,220.65,0,2,220.8
2274,1,0,0,0,53,1,2,2,1,1,1,1,1,1,1,0,0,24.05,1301.9,0,0,1274.65
2878,1,1,1,0,1,1,2,1,0,0,0,0,0,0,0,1,2,74.4,74.4,1,3,74.4
6477,0,0,1,1,41,1,2,0,2,2,2,2,0,2,0,0,1,79.9,3326.2,1,1,3275.9
3446,1,0,1,0,39,1,0,2,1,1,1,1,1,1,2,1,0,20.45,790.0,0,0,797.55
6258,1,0,1,0,63,1,0,2,1,1,1,1,1,1,2,0,3,19.25,1237.65,0,0,1212.75
5401,1,0,0,0,15,1,2,2,1,1,1,1,1,1,0,1,2,26.35,378.6,0,2,395.25
2539,0,0,1,0,13,1,0,0,0,0,0,0,0,0,1,0,2,43.8,592.65,0,2,569.4
1247,1,0,0,0,1,1,0,0,0,2,0,0,0,0,0,1,3,50.15,50.15,0,2,50.15
6039,1,0,0,0,1,1,0,2,1,1,1,1,1,1,2,0,3,20.45,20.45,0,2,20.45
2809,1,1,0,0,8,1,0,1,0,0,0,0,0,0,0,1,2,69.7,560.85,1,3,557.6
1157,1,0,0,0,60,1,0,0,2,2,2,0,0,0,2,0,2,61.4,3638.25,0,0,3684.0
1684,0,1,1,0,12,1,2,1,0,2,2,0,2,0,0,1,2,98.1,1060.2,1,3,1177.1999999999998
433,1,0,1,0,40,1,2,0,0,2,0,2,2,0,1,0,1,70.75,2921.75,0,3,2830.0
4251,0,0,0,0,66,1,0,0,2,2,2,0,0,0,2,1,0,61.15,4017.45,0,1,4035.9
3147,1,0,1,1,42,1,0,2,1,1,1,1,1,1,1,0,3,20.25,854.9,0,0,850.5
3836,0,1,0,0,66,1,2,0,2,2,0,2,0,0,1,1,1,63.85,4174.35,0,1,4214.1
4966,1,0,0,0,49,1,2,1,0,2,0,0,2,2,0,0,2,98.7,4920.55,0,1,4836.3
1346,0,0,0,0,1,1,0,2,1,1,1,1,1,1,0,0,3,20.5,20.5,1,2,20.5
2166,0,0,0,0,41,1,0,2,1,1,1,1,1,1,2,0,3,20.0,810.3,0,0,820.0
3886,0,0,1,1,41,1,0,2,1,1,1,1,1,1,2,0,0,19.3,772.4,0,0,791.3000000000001
5189,0,0,1,1,23,1,0,1,2,2,0,2,0,0,0,0,3,84.4,1936.85,0,3,1941.2
6858,1,0,0,0,3,0,1,0,0,0,0,0,0,0,0,0,2,25.1,79.8,0,2,75.30000000000001
833,0,0,0,0,4,0,1,0,2,0,2,2,0,2,0,0,3,48.25,202.25,0,2,193.0
6594,0,0,1,1,52,1,0,2,1,1,1,1,1,1,2,0,3,19.85,1070.5,0,0,1032.2
1552,0,1,1,0,4,1,2,1,2,0,0,0,2,2,0,1,2,99.6,347.65,1,3,398.4
6421,0,0,0,0,11,1,0,1,0,2,2,2,0,2,0,1,2,94.2,999.9,0,3,1036.2
369,0,0,1,0,2,1,0,0,2,0,0,0,0,2,0,1,3,62.15,113.1,0,3,124.3
4962,0,0,1,0,26,1,2,1,0,2,0,0,0,0,0,0,0,79.3,2015.8,0,3,2061.7999999999997
5315,1,0,1,1,24,1,0,0,2,0,2,0,0,0,1,1,1,56.25,1454.25,0,3,1350.0
4850,0,0,0,0,12,1,0,2,1,1,1,1,1,1,0,0,3,20.3,246.7,0,2,243.60000000000002
1568,1,1,1,0,60,1,2,1,0,0,0,2,2,2,0,1,2,99.0,6017.9,0,1,5940.0
1276,0,0,1,1,64,1,2,0,2,2,2,2,2,2,2,1,3,90.6,5817.45,0,1,5798.4
3901,1,0,1,0,66,1,0,0,2,2,2,2,2,2,2,1,0,85.9,5595.3,0,1,5669.400000000001
140,0,0,0,0,60,1,2,1,0,0,2,0,0,0,1,1,0,79.2,4765.0,0,1,4752.0
3246,1,0,1,1,17,1,2,0,2,0,2,0,2,0,1,1,0,70.35,1201.65,0,3,1195.9499999999998
6308,1,0,1,1,42,1,0,2,1,1,1,1,1,1,2,0,3,19.35,867.3,0,0,812.7
1890,1,0,0,0,1,1,2,0,0,0,0,0,0,0,0,1,2,50.15,50.15,0,2,50.15
5517,0,0,1,1,47,1,0,0,0,2,0,2,0,2,2,0,0,63.8,3007.25,0,0,2998.6
6697,0,0,1,0,10,1,0,2,1,1,1,1,1,1,0,1,3,20.55,252.75,0,2,205.5
4944,1,1,1,0,70,1,2,0,2,2,2,2,2,2,2,1,1,88.55,6306.5,0,1,6198.5
1680,1,1,0,0,67,1,2,1,0,0,2,0,2,2,0,1,1,101.4,6841.05,0,1,6793.8
1348,0,0,0,0,1,1,0,1,0,0,0,0,0,2,0,1,2,81.95,81.95,1,3,81.95
3546,1,0,1,0,7,1,0,1,0,0,0,0,0,0,0,1,2,69.35,451.1,1,3,485.44999999999993
2915,1,0,0,0,1,1,0,0,0,0,0,0,0,0,0,0,3,44.6,44.6,0,2,44.6
1072,1,0,0,0,4,1,0,0,0,2,0,2,2,0,0,1,0,63.75,226.2,0,3,255.0
2526,0,0,1,1,66,1,2,1,2,2,2,0,2,2,2,0,0,109.25,7082.5,0,1,7210.5
5321,0,0,0,0,12,1,0,1,0,2,0,0,0,2,0,1,2,84.6,1017.35,0,3,1015.1999999999999
5148,0,0,0,0,24,1,0,2,1,1,1,1,1,1,1,0,1,20.45,527.35,0,2,490.79999999999995
3714,1,0,0,0,26,1,0,1,0,2,0,0,2,0,0,1,2,85.75,2146.5,0,3,2229.5
1833,0,0,0,0,6,1,0,1,0,0,0,0,2,2,0,1,2,91.1,455.3,1,3,546.5999999999999
968,1,0,1,0,57,1,2,1,0,0,2,2,2,2,2,0,2,107.95,5969.85,0,1,6153.150000000001
5316,1,0,1,0,14,1,2,1,0,0,0,0,2,0,0,1,2,86.1,1235.55,1,3,1205.3999999999999
5786,0,0,1,1,42,1,2,2,1,1,1,1,1,1,2,0,2,22.95,1014.25,0,0,963.9
92,1,0,0,0,25,1,2,1,0,0,0,0,2,2,0,1,0,94.7,2362.1,1,3,2367.5
5927,0,0,1,0,64,1,0,2,1,1,1,1,1,1,2,0,1,19.45,1225.65,0,0,1244.8
7039,1,0,1,0,22,1,2,1,0,0,0,0,0,2,0,1,2,85.1,1873.7,1,3,1872.1999999999998
4801,1,0,0,0,19,1,0,2,1,1,1,1,1,1,1,1,1,19.7,386.5,0,2,374.3
194,0,0,1,1,61,1,2,1,0,2,0,0,2,2,0,1,2,99.15,6010.05,1,1,6048.150000000001
291,1,0,1,0,22,1,0,1,0,0,2,0,2,0,0,1,0,87.0,1850.65,0,3,1914.0
3175,1,1,1,0,70,1,2,1,0,2,2,0,2,2,0,1,2,102.95,7101.5,1,1,7206.5
1479,1,0,0,0,12,1,0,1,0,0,0,0,0,2,0,1,0,79.95,1043.4,0,3,959.4000000000001
2815,0,0,1,0,31,1,0,0,2,0,0,2,0,2,1,1,2,64.0,1910.75,0,3,1984.0
4724,0,0,0,0,11,1,0,0,0,0,0,0,2,2,0,1,2,64.9,716.1,0,3,713.9000000000001
5132,1,0,1,1,68,1,2,2,1,1,1,1,1,1,2,0,3,25.75,1686.15,0,0,1751.0
3732,0,1,1,1,72,1,2,0,2,2,2,2,2,2,2,1,0,90.15,6716.45,0,1,6490.8
5622,1,1,0,0,67,1,2,1,2,2,2,2,2,2,2,1,1,116.1,7839.85,0,1,7778.7
2214,0,0,0,0,60,1,0,1,2,0,2,2,2,2,0,1,0,104.95,6236.75,0,1,6297.0
4041,1,0,0,0,1,1,0,0,0,0,0,0,0,0,0,1,3,45.05,45.05,1,2,45.05
5260,0,1,0,1,1,1,0,1,0,0,0,0,0,0,0,1,2,71.0,71.0,1,3,71.0
6929,1,0,1,1,58,0,1,0,2,2,2,0,2,0,1,0,3,50.0,2919.85,0,0,2900.0
1180,0,1,1,1,47,1,0,1,0,0,0,0,0,0,0,0,0,70.55,3309.25,1,1,3315.85
335,0,0,0,0,1,1,0,1,0,0,0,0,0,2,0,1,2,79.7,79.7,1,3,79.7
1829,1,0,0,0,1,1,0,2,1,1,1,1,1,1,0,0,3,20.45,20.45,0,2,20.45
5577,1,0,0,0,22,1,2,0,2,2,0,0,0,0,0,0,2,59.0,1254.7,1,3,1298.0
6267,0,0,0,0,48,1,0,0,2,0,2,2,0,0,1,1,1,60.35,2896.4,1,0,2896.8
5278,0,0,1,0,37,1,0,2,1,1,1,1,1,1,1,1,0,19.85,717.5,0,0,734.45
6705,1,0,0,0,13,1,0,2,1,1,1,1,1,1,1,1,2,19.95,253.8,0,2,259.34999999999997
5860,1,0,0,0,43,1,2,2,1,1,1,1,1,1,2,0,0,26.45,1110.05,0,0,1137.35
4613,0,0,0,0,6,0,1,0,2,2,2,2,2,2,2,1,3,63.4,348.8,0,3,380.4
4368,1,0,0,0,71,0,1,0,2,2,2,2,2,0,2,0,0,53.95,3888.65,0,0,3830.4500000000003
464,0,1,1,1,1,1,0,1,0,0,0,0,0,0,0,1,2,69.25,69.25,1,3,69.25
5514,0,0,1,1,72,1,2,1,2,2,0,0,2,0,2,1,2,95.1,6843.15,0,1,6847.2
1130,0,1,0,0,6,1,0,1,2,0,0,0,0,0,0,1,2,74.1,450.9,0,3,444.59999999999997
651,1,0,1,1,12,0,1,0,0,2,0,2,0,0,0,0,3,35.5,432.25,0,2,426.0
1435,1,0,0,0,25,1,0,1,0,0,0,0,0,0,0,0,3,70.95,1767.35,1,3,1773.75
3284,0,0,1,0,21,1,0,1,0,0,2,2,0,0,1,0,2,79.2,1742.45,0,3,1663.2
5499,0,0,1,1,6,1,0,0,0,0,0,2,0,0,0,1,3,48.8,297.35,0,2,292.79999999999995
411,1,0,1,0,20,1,0,1,0,0,0,0,2,2,0,1,3,89.0,1820.45,1,3,1780.0
5525,1,0,1,0,18,1,2,1,2,0,0,0,2,2,0,1,2,99.4,1742.95,1,3,1789.2
6774,0,0,0,0,43,1,0,0,0,2,0,2,0,0,1,0,2,55.45,2444.25,0,0,2384.35
3987,0,0,1,1,35,1,2,2,1,1,1,1,1,1,2,1,1,25.4,949.8,0,0,889.0
6862,0,0,0,0,1,1,0,1,0,0,2,0,0,0,0,0,0,73.5,73.5,1,3,73.5
459,1,1,1,0,32,1,2,1,0,2,2,0,0,2,0,1,2,93.5,2970.8,0,3,2992.0
4401,1,0,0,0,52,0,1,0,2,2,2,2,2,2,2,0,1,63.9,3334.95,0,0,3322.7999999999997
324,1,0,0,0,32,1,0,0,0,0,0,0,2,2,1,1,0,64.85,2010.95,0,3,2075.2
184,0,0,1,1,72,0,1,0,2,2,2,2,2,2,2,1,0,63.8,4684.3,0,1,4593.599999999999
2908,1,0,0,0,51,0,1,0,2,0,0,2,0,2,0,1,1,44.45,2181.55,0,0,2266.9500000000003
1475,1,0,1,1,68,1,0,2,1,1,1,1,1,1,2,1,0,19.95,1303.25,0,0,1356.6
1901,1,1,1,0,8,0,1,0,0,2,2,0,0,2,0,1,3,43.35,371.4,0,2,346.8
1305,1,0,1,0,49,0,1,0,0,2,0,0,2,2,2,0,1,49.65,2409.9,0,0,2432.85
6650,0,0,1,0,72,1,0,0,2,2,2,2,2,2,2,0,3,85.1,6155.4,0,1,6127.2
379,1,0,0,0,9,1,2,1,0,0,0,0,2,2,0,1,2,95.5,829.1,1,3,859.5
2339,0,0,1,0,28,1,0,1,2,0,0,0,2,2,0,1,3,92.35,2602.9,1,3,2585.7999999999997
3076,1,0,0,0,54,1,0,1,2,0,2,0,2,0,0,0,3,89.8,4667.0,0,1,4849.2
983,1,0,0,0,11,1,0,1,0,2,0,0,0,0,0,1,2,74.55,824.75,1,3,820.05
2039,0,0,1,1,50,1,0,1,0,0,2,2,2,2,1,0,3,103.05,5153.5,0,1,5152.5
62,0,0,1,0,69,1,2,1,2,2,2,2,2,2,2,1,2,116.0,8182.85,0,1,8004.0
3938,1,0,0,0,1,1,0,1,0,0,0,0,0,0,0,1,2,69.9,69.9,0,3,69.9
1299,1,0,1,1,68,1,0,1,2,2,0,2,0,2,2,0,0,95.1,6683.4,0,1,6466.799999999999
1782,1,0,0,1,40,0,1,0,2,2,0,2,0,0,1,0,3,40.25,1564.05,0,0,1610.0
3785,1,0,1,1,31,1,2,2,1,1,1,1,1,1,2,0,3,25.75,755.6,0,2,798.25
5723,0,1,0,1,33,1,2,1,0,2,2,0,2,2,0,1,0,105.35,3465.05,0,3,3476.5499999999997
5497,1,1,1,0,55,1,2,1,0,2,2,2,2,2,2,1,2,113.6,6292.7,0,1,6248.0
3710,1,0,1,1,68,1,2,2,1,1,1,1,1,1,2,1,0,24.0,1664.3,0,0,1632.0
120,0,0,1,1,12,1,0,2,1,1,1,1,1,1,0,0,0,19.4,198.1,0,2,232.79999999999998
6637,1,0,1,0,71,1,0,0,2,2,2,2,2,2,2,1,0,86.1,6045.9,0,1,6113.099999999999
2343,1,0,0,0,40,1,2,1,0,2,2,0,2,2,0,1,3,102.65,4108.15,0,1,4106.0
3774,0,0,1,1,64,1,2,1,0,2,2,0,0,2,1,1,2,92.85,5980.75,0,1,5942.4
3757,1,0,1,0,53,1,2,1,0,2,0,2,0,2,1,0,0,97.75,5043.2,0,1,5180.75
6224,1,1,0,0,12,1,0,1,0,2,2,2,0,0,0,1,3,83.8,1029.75,1,3,1005.5999999999999
4475,1,1,0,0,53,0,1,0,0,2,2,0,2,2,0,1,2,54.45,2854.55,1,0,2885.8500000000004
4382,1,0,1,0,72,1,2,1,2,2,2,0,2,0,2,1,1,97.95,7114.25,0,1,7052.400000000001
3772,1,0,0,0,46,1,0,2,1,1,1,1,1,1,2,0,2,19.95,907.05,0,0,917.6999999999999
3155,1,0,0,0,40,1,2,2,1,1,1,1,1,1,2,1,3,24.6,973.95,0,0,984.0
3773,1,0,0,0,12,0,1,0,2,2,0,2,2,0,0,1,0,50.95,605.75,0,2,611.4000000000001
2803,1,0,0,0,9,1,0,1,2,0,0,0,0,0,0,0,2,75.6,661.55,0,3,680.4
2378,0,0,1,1,51,1,2,1,0,0,0,2,0,0,0,1,2,80.75,4116.9,0,1,4118.25
3618,1,0,1,1,49,1,0,1,0,2,2,0,2,0,0,1,1,90.4,4494.65,0,1,4429.6
1965,1,1,1,0,41,1,2,1,0,0,2,0,2,2,0,1,2,99.8,4259.3,1,1,4091.7999999999997
2438,0,0,0,0,56,1,0,0,2,0,2,2,0,0,1,1,1,60.25,3282.75,0,0,3374.0
2335,1,0,0,0,4,1,0,2,1,1,1,1,1,1,0,1,2,20.2,55.7,0,2,80.8
4111,1,0,1,0,20,1,0,0,2,0,0,2,0,2,1,1,3,64.15,1274.45,0,3,1283.0
3736,0,0,1,1,26,1,0,2,1,1,1,1,1,1,0,1,1,20.25,493.95,0,2,526.5
1538,0,0,1,1,20,1,2,1,0,2,2,0,2,2,0,1,0,105.85,2239.65,1,3,2117.0
5263,0,0,0,0,7,1,2,1,0,0,0,0,0,0,0,0,3,75.45,480.75,1,3,528.15
3227,1,0,0,0,7,1,2,1,0,0,0,0,2,2,0,1,2,93.85,635.6,1,3,656.9499999999999
4004,1,0,0,0,51,1,0,1,0,2,2,0,2,2,0,1,2,99.0,5038.15,0,1,5049.0
1838,0,0,0,0,4,1,2,1,0,2,0,0,0,0,0,1,3,80.3,324.2,0,3,321.2
1761,0,0,0,0,1,1,0,2,1,1,1,1,1,1,0,0,1,19.55,19.55,0,2,19.55
5373,1,0,1,1,27,1,2,1,2,2,0,2,2,0,0,0,2,100.75,2793.55,0,3,2720.25
3968,1,0,0,0,22,1,2,1,2,0,0,0,2,2,0,1,2,100.75,2095.0,1,3,2216.5
4897,1,0,0,0,12,1,0,0,0,2,0,2,0,0,0,1,3,53.75,648.65,0,2,645.0
2265,0,0,1,1,3,0,1,0,0,0,0,2,0,0,0,1,3,31.0,95.05,1,2,93.0
3302,0,0,1,1,34,1,2,2,1,1,1,1,1,1,1,1,1,25.6,917.15,0,0,870.4000000000001
6580,1,0,1,0,24,1,2,0,2,0,0,2,0,0,1,1,2,58.35,1346.9,0,3,1400.4
1093,1,0,0,0,51,1,2,1,0,0,2,0,0,0,0,0,1,80.0,4242.35,1,1,4080.0
6109,0,1,0,0,14,0,1,0,0,0,0,0,2,2,0,1,2,46.35,672.7,0,2,648.9
5442,1,0,1,0,59,1,2,1,2,2,2,2,2,2,2,0,2,113.75,6561.25,0,1,6711.25
158,1,0,0,0,3,1,0,1,0,2,2,0,0,2,0,0,2,90.4,268.45,0,3,271.20000000000005
797,0,0,1,1,65,1,2,1,2,0,2,2,2,2,2,0,2,109.3,7337.55,0,1,7104.5
1940,1,1,0,0,5,1,0,1,0,0,0,0,0,0,0,1,3,70.25,331.9,1,3,351.25
6572,0,0,1,1,59,1,2,0,2,2,2,2,2,2,2,0,1,90.3,5194.05,0,1,5327.7
6641,1,0,1,1,72,0,1,0,2,2,2,2,2,2,2,1,1,65.25,4478.85,0,1,4698.0
401,0,0,1,1,62,1,0,1,0,2,2,0,2,2,0,1,2,100.15,6283.3,1,1,6209.3
1026,1,0,0,0,28,1,2,1,2,2,0,0,0,2,0,1,1,94.5,2659.4,1,3,2646.0
2118,1,0,0,0,3,1,0,0,0,0,0,2,0,2,0,0,3,60.65,196.9,0,3,181.95
3409,1,0,0,1,19,1,2,2,1,1,1,1,1,1,0,1,1,24.1,439.2,0,2,457.90000000000003
4176,1,0,0,0,1,1,0,2,1,1,1,1,1,1,0,1,3,19.5,19.5,0,2,19.5
2057,1,0,0,0,24,1,0,1,0,2,2,2,0,0,0,1,2,85.95,2107.15,0,3,2062.8
6356,1,1,0,0,57,1,0,0,0,0,2,2,0,0,1,1,2,53.5,3035.8,0,0,3049.5
3973,0,0,0,0,72,1,2,2,1,1,1,1,1,1,2,0,1,25.45,1866.45,0,0,1832.3999999999999
269,1,0,0,0,67,1,0,2,1,1,1,1,1,1,2,0,0,20.5,1430.95,0,0,1373.5
3738,1,0,1,1,52,1,0,2,1,1,1,1,1,1,1,1,1,20.85,1071.6,0,0,1084.2
3271,1,0,1,1,71,1,2,0,2,2,2,2,2,2,2,0,1,89.9,6457.15,0,1,6382.900000000001
4808,0,0,1,0,26,1,2,2,1,1,1,1,1,1,1,0,3,26.0,684.05,0,2,676.0
6889,0,0,0,0,35,1,2,1,2,2,2,2,2,2,2,1,3,113.2,3914.05,0,1,3962.0
894,0,0,1,1,55,1,0,1,0,0,0,0,0,0,2,1,1,69.05,3842.6,0,1,3797.75
2654,0,0,1,1,33,1,0,2,1,1,1,1,1,1,2,0,3,20.1,670.35,0,2,663.3000000000001
4464,1,0,1,0,72,1,2,1,2,2,2,0,2,2,2,1,2,109.65,7880.25,0,1,7894.8
2310,1,0,0,1,1,1,0,2,1,1,1,1,1,1,0,1,3,19.2,19.2,0,2,19.2
1585,1,0,0,0,10,0,1,0,0,0,0,0,0,2,0,1,3,33.9,298.45,1,2,339.0
1500,0,1,1,0,37,1,0,1,0,0,2,2,2,0,0,0,2,90.0,3371.75,0,3,3330.0
2925,1,0,0,0,12,0,1,0,0,2,0,2,0,0,0,0,3,34.0,442.45,0,2,408.0
1531,1,0,1,1,1,1,0,2,1,1,1,1,1,1,1,0,3,20.4,20.4,0,2,20.4
5712,1,0,1,0,62,0,1,0,2,2,0,2,0,0,2,1,1,38.6,2345.55,0,0,2393.2000000000003
1506,0,0,0,0,1,0,1,0,0,0,0,0,0,0,0,0,0,25.25,25.25,0,2,25.25
4696,0,0,0,0,18,1,2,0,2,0,2,0,0,0,0,1,3,60.6,1156.35,0,3,1090.8
1271,1,1,1,0,69,1,2,1,0,2,0,0,2,0,0,1,2,89.95,6143.15,1,1,6206.55
3347,1,0,0,0,2,1,0,1,0,2,0,0,0,0,0,1,2,74.75,144.8,0,3,149.5
703,1,0,1,1,19,1,0,2,1,1,1,1,1,1,0,0,3,20.6,414.95,0,2,391.40000000000003
5403,1,0,0,0,12,1,2,1,0,0,0,0,2,0,0,1,2,84.45,1059.55,1,3,1013.4000000000001
3189,1,0,0,0,9,1,0,2,1,1,1,1,1,1,0,0,3,20.4,181.8,0,2,183.6
6699,1,0,0,0,27,1,0,0,2,0,2,2,2,2,1,0,2,81.7,2212.55,0,3,2205.9
1810,1,0,0,1,27,1,2,1,0,0,0,2,0,0,0,1,2,79.5,2180.55,1,3,2146.5
2678,1,0,1,1,1,1,0,1,0,0,0,0,2,2,0,0,3,89.15,89.15,1,3,89.15
349,0,1,0,0,24,1,0,2,1,1,1,1,1,1,0,1,3,20.3,459.95,0,2,487.20000000000005
6819,1,1,0,0,14,1,2,1,0,0,0,0,0,0,0,1,2,74.95,1036.75,1,3,1049.3
4275,0,1,0,0,32,1,0,1,0,2,0,0,0,0,0,1,2,74.4,2276.95,1,3,2380.8
5746,0,0,0,0,11,1,0,2,1,1,1,1,1,1,1,0,3,20.0,211.95,0,2,220.0
6286,1,0,0,0,1,1,2,2,1,1,1,1,1,1,0,1,3,25.0,25.0,0,2,25.0
2714,1,1,0,1,38,1,2,1,2,0,0,0,0,0,0,1,3,80.45,3162.65,0,3,3057.1
2344,0,0,1,1,9,1,0,2,1,1,1,1,1,1,2,0,3,19.75,210.65,0,2,177.75
1463,1,0,1,1,54,1,2,0,2,2,0,2,0,0,2,1,1,65.65,3566.7,0,0,3545.1000000000004
1395,0,0,0,0,29,1,2,0,0,0,0,0,2,2,1,1,1,71.0,2080.1,0,3,2059.0
4143,1,1,1,0,44,1,2,1,0,0,2,0,2,0,0,1,2,89.2,4040.2,0,1,3924.8
1037,1,0,1,1,59,1,0,0,2,2,2,2,2,2,2,1,2,86.75,5186.0,0,1,5118.25
3126,0,0,0,0,3,1,0,0,0,0,0,0,0,2,0,1,2,55.3,196.15,1,2,165.89999999999998
970,0,0,1,1,18,1,0,0,2,2,0,2,0,0,1,1,3,61.5,1087.45,0,3,1107.0
2924,1,1,0,0,67,1,2,2,1,1,1,1,1,1,2,0,1,25.1,1672.15,0,0,1681.7
4408,0,0,1,1,22,1,0,0,0,2,0,2,0,0,0,0,2,55.15,1206.05,1,3,1213.3
3691,1,0,0,1,33,0,1,0,2,0,0,2,0,0,1,0,1,34.05,1113.95,0,0,1123.6499999999999
4527,1,0,0,0,5,1,0,2,1,1,1,1,1,1,0,0,3,19.95,107.05,0,2,99.75
1218,0,0,0,0,2,1,0,2,1,1,1,1,1,1,0,0,3,19.95,38.15,0,2,39.9
145,1,0,1,1,72,1,2,0,2,2,2,2,2,2,2,0,1,89.7,6339.3,0,1,6458.400000000001
6168,1,0,0,1,9,1,0,2,1,1,1,1,1,1,0,0,3,20.4,184.1,0,2,183.6
4723,1,0,1,1,67,1,2,2,1,1,1,1,1,1,2,0,3,26.3,1688.9,0,0,1762.1000000000001
4342,0,0,1,0,16,1,2,1,0,0,0,0,2,0,0,1,2,84.95,1378.25,1,3,1359.2
1105,0,0,0,0,8,1,0,2,1,1,1,1,1,1,0,1,3,20.7,137.6,0,2,165.6
6175,1,0,0,0,5,0,1,0,2,2,2,2,0,0,0,1,3,43.25,219.0,1,2,216.25
826,1,0,1,1,23,1,2,0,0,0,0,0,0,0,1,1,1,48.35,1067.15,1,2,1112.05
1195,1,0,0,0,1,1,0,1,0,0,0,0,2,0,0,1,2,79.55,79.55,1,3,79.55
2756,0,1,1,0,50,1,0,1,0,0,0,0,0,0,0,1,2,71.05,3444.85,1,1,3552.5
4039,1,0,0,0,17,1,0,2,1,1,1,1,1,1,2,0,1,19.45,369.05,0,2,330.65
4100,0,0,1,0,68,1,2,1,2,2,2,0,2,2,2,1,0,110.8,7553.6,0,1,7534.4
5063,1,0,0,0,1,1,2,1,0,0,0,0,2,0,0,0,2,84.5,84.5,1,3,84.5
5623,0,1,1,0,25,1,0,1,0,0,0,0,0,0,0,1,2,69.3,1813.1,0,3,1732.5
3295,1,0,0,0,67,0,1,0,2,0,2,2,2,0,1,1,0,49.35,3321.35,0,0,3306.4500000000003
6021,1,0,0,0,32,1,0,2,1,1,1,1,1,1,1,0,1,20.35,707.5,0,2,651.2
4171,0,1,1,0,67,1,2,1,2,2,0,0,2,2,1,1,2,105.6,7112.15,0,1,7075.2
3882,1,1,1,0,72,0,1,0,2,2,2,2,2,2,2,1,1,64.45,4641.1,0,1,4640.400000000001
5199,1,0,1,0,71,1,2,1,0,2,2,2,2,2,2,1,1,108.6,7690.9,1,1,7710.599999999999
973,1,0,0,1,1,1,0,0,0,2,0,0,0,0,0,1,2,49.9,49.9,0,2,49.9
908,1,0,0,0,46,0,1,0,0,2,0,0,0,0,0,0,0,30.3,1380.1,1,0,1393.8
2572,0,1,0,0,2,0,1,0,0,0,2,0,0,0,0,1,2,30.4,78.65,1,2,60.8
4035,0,0,0,0,1,1,0,0,0,0,0,0,0,0,0,1,3,45.4,45.4,1,2,45.4
6437,0,0,1,0,48,1,0,0,0,2,2,0,0,2,1,1,2,65.65,3094.65,0,0,3151.2000000000003
6153,0,0,1,0,61,1,2,1,0,0,2,2,2,2,1,1,0,103.3,6518.35,0,1,6301.3
1062,0,0,1,0,32,1,0,1,0,2,0,0,0,2,0,0,0,84.15,2585.95,1,3,2692.8
1173,0,0,0,0,2,1,0,0,0,0,0,0,0,0,0,0,2,44.45,82.7,0,2,88.9
167,0,0,0,0,3,1,0,2,1,1,1,1,1,1,0,0,2,19.75,58.85,1,2,59.25
599,0,0,0,0,5,1,0,1,0,0,0,2,0,2,0,1,1,85.4,425.9,1,3,427.0
3604,0,0,1,1,71,1,2,0,2,2,2,2,2,2,2,0,0,89.9,6342.7,0,1,6382.900000000001
3643,1,0,1,0,37,1,2,0,2,0,0,0,0,0,0,1,3,55.05,2030.75,0,0,2036.85
656,1,0,1,1,65,1,2,1,0,0,2,2,2,2,2,1,0,104.1,6700.05,0,1,6766.5
4583,0,0,0,1,67,1,2,1,0,2,0,2,2,2,1,1,0,106.6,7244.7,0,1,7142.2
416,1,0,0,1,49,1,2,1,0,0,0,0,0,0,0,0,1,75.2,3678.3,1,1,3684.8
161,1,0,1,1,50,1,2,0,2,0,0,2,2,0,2,1,1,70.5,3486.65,0,1,3525.0
5202,1,0,1,1,25,1,0,2,1,1,1,1,1,1,1,0,2,19.6,411.15,0,2,490.00000000000006
1975,0,0,0,1,17,1,2,0,0,0,2,0,0,0,1,1,3,55.85,937.5,1,3,949.45
5309,0,0,1,1,64,1,2,2,1,1,1,1,1,1,2,1,3,24.05,1559.15,0,0,1539.2
5043,1,0,1,0,25,0,1,0,0,0,2,0,2,0,1,1,1,38.1,970.4,0,2,952.5
5771,1,1,0,0,23,1,2,1,0,2,2,0,2,2,0,1,2,106.4,2483.5,1,3,2447.2000000000003
5736,1,1,1,0,24,0,1,0,0,0,2,2,0,0,0,0,3,34.25,828.2,0,2,822.0
1135,0,0,0,0,37,1,2,1,0,0,2,0,2,2,0,1,2,100.05,3810.55,0,1,3701.85
5580,0,0,0,0,21,1,0,1,0,0,0,0,0,0,0,1,2,68.65,1493.2,0,3,1441.65
3619,1,0,0,0,1,1,0,0,0,0,0,0,0,0,0,1,3,45.8,45.8,0,2,45.8
4013,0,0,0,0,10,1,2,1,0,0,0,0,0,0,0,1,3,75.75,777.3,0,3,757.5
4979,1,0,0,0,6,1,0,1,0,2,0,0,0,2,0,1,2,84.4,556.35,1,3,506.40000000000003
1221,1,0,1,0,51,1,2,1,2,2,0,0,0,2,1,1,1,96.4,4911.05,0,1,4916.400000000001
1210,0,0,0,0,10,1,0,2,1,1,1,1,1,1,0,1,3,20.55,187.35,0,2,205.5
5223,0,0,0,0,6,0,1,0,2,2,0,2,0,2,0,0,1,50.95,307.6,0,2,305.70000000000005
6502,1,0,1,1,47,1,2,0,2,2,2,2,2,2,2,1,3,90.5,4318.35,0,1,4253.5
6684,0,0,1,1,61,1,2,0,2,2,2,2,0,2,1,1,2,79.4,4820.55,0,1,4843.400000000001
4081,0,0,0,0,52,0,1,0,2,2,2,0,2,2,2,1,0,58.75,3038.55,0,0,3055.0
3139,0,0,1,1,35,1,2,0,2,2,0,0,0,0,0,1,1,59.45,2136.9,0,0,2080.75
3956,1,0,1,0,71,1,2,1,0,2,2,0,2,2,1,1,0,105.7,7472.15,0,1,7504.7
2973,0,0,0,0,6,1,0,0,2,2,0,0,0,0,0,0,2,56.25,389.1,1,2,337.5
5180,1,0,1,0,45,1,0,0,2,0,2,0,0,0,2,0,1,53.3,2296.25,0,0,2398.5
3747,0,1,0,0,2,1,2,1,0,0,0,0,2,0,0,1,2,85.55,187.45,1,3,171.1
1450,0,0,0,0,4,1,0,0,0,2,0,0,2,2,0,1,0,68.65,261.25,1,3,274.6
1208,1,0,0,0,2,0,1,0,0,0,0,0,0,0,0,0,3,24.3,38.45,0,2,48.6
4526,1,0,0,0,4,1,0,1,0,0,0,0,2,0,0,0,2,77.85,299.2,1,3,311.4
2376,1,0,0,0,51,1,2,0,2,0,0,2,0,0,1,0,1,59.9,3043.6,0,0,3054.9
1099,1,0,1,1,60,1,2,2,1,1,1,1,1,1,1,0,1,23.95,1506.4,0,0,1437.0
6096,1,0,0,0,9,1,0,2,1,1,1,1,1,1,1,1,3,20.15,163.7,0,2,181.35
3564,1,0,0,0,3,1,2,1,0,2,2,0,2,2,0,1,0,105.35,323.25,1,3,316.04999999999995
2707,1,0,0,0,17,1,2,1,0,0,2,2,0,2,0,1,0,95.65,1640.0,0,3,1626.0500000000002
4956,0,0,0,0,8,1,2,1,0,0,0,0,2,0,0,1,2,87.05,762.1,1,3,696.4
4073,1,0,1,1,46,1,0,0,2,0,2,2,2,2,2,0,3,81.0,3846.35,0,1,3726.0
4028,0,0,0,0,68,1,0,0,2,2,2,2,2,2,2,1,1,82.45,5646.6,0,1,5606.6
1642,1,0,0,0,1,1,0,0,0,0,0,0,2,0,0,1,3,53.5,53.5,1,2,53.5
5816,0,0,1,0,4,1,0,2,1,1,1,1,1,1,1,0,0,20.5,79.05,0,2,82.0
4282,0,0,0,0,1,0,1,0,0,0,0,0,0,0,0,1,3,25.1,25.1,1,2,25.1
6998,1,0,0,1,28,1,0,0,0,2,0,2,0,0,1,1,1,54.4,1516.6,0,3,1523.2
1278,0,0,0,0,39,1,0,0,0,2,0,0,2,0,1,1,1,58.6,2224.5,0,0,2285.4
200,1,0,0,0,11,1,0,1,0,0,2,0,0,2,0,0,2,84.8,888.75,0,3,932.8
2749,0,0,1,0,71,0,1,0,0,2,2,2,2,2,2,1,1,61.4,4310.35,0,1,4359.4
1660,1,0,0,1,2,1,0,2,1,1,1,1,1,1,0,0,3,20.4,42.9,0,2,40.8
2971,1,1,1,0,30,1,0,1,0,2,2,0,0,0,0,1,3,79.65,2365.15,1,3,2389.5
3913,0,0,0,0,17,1,0,2,1,1,1,1,1,1,1,0,3,20.15,353.65,0,2,342.54999999999995
5169,0,0,1,0,55,1,2,1,0,2,2,0,2,0,0,1,1,94.45,5073.1,0,1,5194.75
1266,0,0,0,0,58,1,2,1,2,0,0,0,0,0,0,1,0,79.8,4526.85,0,1,4628.4
352,0,0,0,0,5,1,0,0,2,0,0,2,0,0,0,0,2,54.2,308.25,1,2,271.0
6481,0,1,0,0,1,1,0,2,1,1,1,1,1,1,0,1,2,19.45,19.45,1,2,19.45
4869,1,1,0,0,9,1,2,1,0,0,0,0,0,0,0,1,2,74.05,678.45,0,3,666.4499999999999
3089,1,0,0,0,26,1,0,0,0,0,0,2,0,0,0,0,0,49.15,1237.3,0,2,1277.8999999999999
1941,0,0,0,0,50,1,0,2,1,1,1,1,1,1,2,0,1,19.4,1023.95,0,0,969.9999999999999
3555,0,0,1,0,72,1,2,1,2,2,2,2,2,2,2,1,0,113.65,8182.75,0,1,8182.8
3568,0,0,0,1,43,1,0,1,2,2,0,2,2,2,1,1,1,106.0,4532.3,0,1,4558.0
3148,1,0,0,0,56,1,2,2,1,1,1,1,1,1,2,1,0,25.95,1444.05,0,0,1453.2
4655,0,0,0,0,1,1,0,2,1,1,1,1,1,1,0,0,3,19.1,19.1,0,2,19.1
6230,1,0,1,1,72,1,2,1,0,2,2,0,2,2,2,1,2,103.4,7372.65,1,1,7444.8
6231,1,0,1,0,72,1,2,1,2,2,0,2,0,2,2,1,0,100.55,7325.1,0,1,7239.599999999999
267,1,0,1,0,36,1,2,1,0,0,0,0,2,2,0,1,2,95.4,3474.2,0,1,3434.4
588,1,0,0,0,5,1,0,0,0,0,2,2,2,2,0,0,0,75.15,392.65,0,3,375.75
3394,0,0,0,0,13,1,2,1,0,2,2,0,0,0,0,1,2,84.45,1058.6,1,3,1097.8500000000001
6606,0,1,0,0,44,1,0,1,0,2,2,0,0,2,1,0,1,89.15,3990.75,0,1,3922.6000000000004
6940,0,1,1,1,70,1,2,1,0,2,2,2,2,2,1,1,2,107.9,7475.85,0,1,7553.0
1438,1,0,0,0,44,1,0,2,1,1,1,1,1,1,1,0,1,19.5,835.5,0,0,858.0
3769,0,1,1,0,32,1,2,1,0,0,0,0,2,0,0,1,1,85.95,2628.6,1,3,2750.4
2198,0,0,1,0,69,1,2,2,1,1,1,1,1,1,2,1,1,24.95,1718.35,0,0,1721.55
6128,0,1,0,0,16,1,0,0,0,0,0,2,2,0,0,0,2,59.4,1023.9,1,3,950.4
5954,1,1,1,1,68,1,0,2,1,1,1,1,1,1,1,0,0,19.5,1193.55,0,0,1326.0
4753,1,0,0,0,16,1,0,1,0,0,0,0,0,0,0,1,1,69.95,1205.5,0,3,1119.2
2732,1,0,1,1,68,1,0,0,2,2,0,2,2,2,2,0,0,82.85,5776.45,0,1,5633.799999999999
3712,1,0,0,0,4,1,0,2,1,1,1,1,1,1,0,0,3,19.0,78.9,0,2,76.0
6866,0,0,1,1,26,0,1,0,2,2,0,2,0,0,0,0,1,38.85,1025.15,0,2,1010.1
989,0,0,0,0,29,0,1,0,0,2,0,0,0,0,0,1,2,30.6,856.35,1,2,887.4000000000001
1888,1,0,0,1,5,1,0,2,1,1,1,1,1,1,0,0,1,20.35,122.0,0,2,101.75
5037,1,0,1,0,70,1,2,1,0,2,2,0,2,0,1,1,0,95.0,6602.9,0,1,6650.0
337,1,0,1,0,24,1,0,0,2,0,0,2,2,2,1,0,0,74.4,1712.9,0,3,1785.6000000000001
5921,0,1,1,0,72,1,2,0,2,2,2,2,0,2,2,0,0,78.45,5682.25,0,1,5648.400000000001
1693,1,0,0,0,1,1,0,1,0,0,0,2,0,0,0,1,3,74.3,74.3,0,3,74.3
2225,1,0,1,0,70,0,1,0,0,2,2,2,0,2,1,1,0,51.05,3635.15,0,0,3573.5
5102,0,0,1,1,36,1,0,2,1,1,1,1,1,1,0,0,0,19.2,702.9,0,0,691.1999999999999
3369,0,1,0,0,38,1,2,1,0,0,0,2,2,2,0,1,2,99.55,3734.25,1,1,3782.9
2728,0,0,0,0,17,1,0,1,0,0,0,0,0,0,0,1,2,70.0,1144.5,1,3,1190.0
3187,0,0,1,1,41,1,2,1,0,2,2,2,2,2,1,1,0,109.1,4454.25,0,1,4473.099999999999
3585,0,0,0,0,1,1,0,0,0,0,0,0,0,0,0,1,2,45.3,45.3,1,2,45.3
786,1,0,0,0,2,0,1,0,0,0,0,2,0,0,0,0,0,29.85,75.6,1,2,59.7
5609,1,0,0,0,14,1,0,1,0,0,2,0,0,0,0,0,2,76.45,1117.55,0,3,1070.3
4003,1,1,0,0,2,1,0,1,0,2,2,2,0,2,0,1,1,95.1,180.25,1,3,190.2
3451,1,0,0,0,1,1,0,2,1,1,1,1,1,1,0,0,3,19.8,19.8,1,2,19.8
4196,1,0,1,1,13,1,2,0,0,2,2,2,2,0,0,1,2,72.8,930.05,0,3,946.4
5652,1,0,0,0,6,1,0,2,1,1,1,1,1,1,0,0,3,18.95,110.15,0,2,113.69999999999999
2022,0,0,0,0,4,1,0,1,0,2,0,0,0,0,0,1,0,76.65,333.6,1,3,306.6
2966,0,0,1,1,5,1,0,1,0,2,0,2,2,2,0,1,3,99.15,465.05,1,3,495.75
6292,0,0,1,0,15,1,0,1,2,0,2,0,2,2,0,0,2,101.75,1669.4,0,3,1526.25
1682,0,0,0,0,47,1,0,1,2,0,0,0,0,0,0,0,1,75.45,3545.1,0,1,3546.15
2534,0,0,0,0,8,1,0,0,0,0,2,2,0,2,0,0,3,64.1,504.05,0,3,512.8
4279,1,0,0,0,17,0,1,0,0,0,0,0,0,0,0,1,3,25.65,440.2,0,2,436.04999999999995
5668,1,0,1,1,15,1,0,1,2,0,0,0,0,0,0,0,3,75.1,1151.55,0,3,1126.5
6981,0,0,0,0,26,1,0,1,2,0,2,2,0,2,1,1,0,95.85,2475.35,0,3,2492.1
6425,0,0,0,0,23,1,2,0,2,0,0,0,0,0,0,0,2,54.4,1249.25,0,3,1251.2
393,0,1,0,0,4,1,0,1,0,2,0,0,0,0,0,0,2,72.75,317.75,0,3,291.0
3505,1,0,0,1,29,1,0,2,1,1,1,1,1,1,1,0,3,19.85,535.05,0,2,575.6500000000001
6653,0,0,0,0,25,1,0,2,1,1,1,1,1,1,0,0,3,19.05,461.3,0,2,476.25
2112,1,0,0,0,9,1,0,0,0,0,0,0,0,0,0,0,3,44.95,431.0,1,2,404.55
5261,1,0,1,0,18,1,0,0,0,0,2,0,0,0,0,1,3,49.55,878.35,1,2,891.9
3641,1,1,0,0,3,1,2,1,0,0,0,0,2,2,0,1,2,94.85,335.75,0,3,284.54999999999995
1544,0,0,1,1,69,0,1,0,2,2,2,2,0,0,2,0,0,46.25,3121.4,0,0,3191.25
926,1,0,0,0,14,1,0,2,1,1,1,1,1,1,1,0,3,19.35,324.8,0,2,270.90000000000003
4561,1,0,0,0,19,1,2,0,0,0,0,0,2,2,0,0,3,69.6,1394.55,0,3,1322.3999999999999
6537,1,1,0,0,39,1,2,1,0,2,0,0,0,2,0,0,2,90.7,3413.25,0,1,3537.3
1779,1,0,0,0,31,1,0,1,0,2,2,0,2,2,0,1,2,101.4,3143.65,0,3,3143.4
1238,1,0,1,1,24,1,0,2,1,1,1,1,1,1,1,0,3,20.25,439.75,0,2,486.0
6424,1,0,1,0,14,1,0,0,0,0,0,2,0,0,0,0,0,48.8,664.4,0,2,683.1999999999999
3637,0,0,1,0,64,1,0,0,2,2,2,2,0,2,2,1,3,74.35,4759.55,0,1,4758.4
3452,0,0,0,0,50,1,0,2,1,1,1,1,1,1,1,1,3,19.35,1033.0,0,0,967.5000000000001
3194,1,0,1,1,52,1,0,0,0,2,2,2,2,0,1,1,2,68.75,3482.85,0,1,3575.0
5170,1,0,0,0,28,1,2,1,0,2,0,0,2,2,1,0,2,100.2,2688.45,0,3,2805.6
6297,0,0,0,0,21,1,0,2,1,1,1,1,1,1,2,1,1,20.85,435.25,0,2,437.85
5952,1,0,0,1,25,1,0,1,0,2,0,0,2,2,0,1,2,95.9,2448.75,1,3,2397.5
6874,0,0,1,0,17,1,0,2,1,1,1,1,1,1,1,0,3,19.35,307.0,0,2,328.95000000000005
4949,1,0,1,0,58,0,1,0,0,0,0,0,2,2,1,1,1,45.0,2689.35,0,0,2610.0
5245,1,1,1,0,17,1,0,1,0,0,0,0,0,2,0,0,0,81.5,1329.2,1,3,1385.5
3559,0,0,1,0,51,1,2,2,1,1,1,1,1,1,2,0,3,25.5,1281.25,0,0,1300.5
1226,1,0,1,1,72,0,1,0,2,0,2,2,2,0,2,0,3,48.9,3527.0,0,0,3520.7999999999997
1959,1,0,1,0,52,1,0,1,2,0,0,0,2,0,0,0,2,84.1,4348.65,1,1,4373.2
2612,0,0,0,0,27,1,0,2,1,1,1,1,1,1,2,1,3,19.6,561.15,0,2,529.2
4790,0,0,0,0,3,1,0,2,1,1,1,1,1,1,0,0,3,20.0,63.6,0,2,60.0
874,0,0,1,0,64,1,2,0,2,2,2,2,0,2,2,1,3,81.3,5129.3,0,1,5203.2
4654,0,0,1,0,45,1,0,1,0,0,0,2,2,2,2,1,1,95.2,4285.8,0,1,4284.0
5603,1,1,1,0,3,0,1,0,0,0,0,0,2,0,0,1,3,36.45,93.7,1,2,109.35000000000001
3686,0,0,1,0,71,1,2,0,0,2,2,2,2,2,2,1,1,83.3,5894.5,0,1,5914.3
6980,0,1,0,0,1,0,1,0,0,0,0,0,0,0,0,0,3,25.05,25.05,1,2,25.05
2416,0,0,1,1,58,1,0,2,1,1,1,1,1,1,2,0,1,20.3,1160.75,0,0,1177.4
5459,1,0,1,1,34,1,0,1,0,2,2,0,2,0,0,1,2,89.85,3091.75,0,3,3054.8999999999996
398,0,0,0,0,8,1,0,0,2,0,0,0,0,0,0,1,2,49.85,365.55,1,2,398.8
3833,0,0,1,1,15,1,0,2,1,1,1,1,1,1,0,0,3,19.8,272.95,0,2,297.0
2633,1,0,1,1,66,0,1,0,0,0,2,2,2,2,2,0,0,54.65,3632.0,0,0,3606.9
5423,1,1,0,0,12,0,1,0,0,2,0,0,0,0,0,1,1,29.35,381.2,0,2,352.20000000000005
851,1,0,0,0,58,1,0,2,1,1,1,1,1,1,2,1,0,19.15,1035.5,0,0,1110.6999999999998
974,0,0,1,1,3,1,0,2,1,1,1,1,1,1,2,0,3,19.1,52.0,0,2,57.300000000000004
4539,0,1,1,0,43,0,1,0,0,2,2,0,2,2,0,0,1,55.55,2342.2,1,0,2388.65
386,0,0,0,0,9,1,0,1,0,2,2,0,0,0,0,0,2,80.55,653.9,0,3,724.9499999999999
3070,0,0,0,0,3,1,0,2,1,1,1,1,1,1,1,0,3,20.25,71.2,0,2,60.75
2463,0,0,1,1,22,1,0,0,0,2,0,0,2,2,1,1,0,69.5,1498.2,1,3,1529.0
6044,1,0,1,0,40,1,2,1,0,2,2,0,2,2,1,1,0,106.0,4178.65,0,1,4240.0
2585,0,0,0,0,68,1,2,2,1,1,1,1,1,1,2,0,0,25.5,1821.8,0,0,1734.0
608,1,0,1,0,54,1,2,1,0,2,2,0,2,2,0,1,2,104.3,5278.15,1,1,5632.2
3312,0,0,0,0,50,1,2,0,0,2,0,2,2,2,2,1,3,79.6,4024.2,0,1,3979.9999999999995
3910,1,0,0,0,1,1,0,0,0,0,0,0,0,2,0,1,2,55.25,55.25,0,2,55.25
4157,0,0,1,0,72,1,2,0,2,2,2,2,2,2,2,0,0,88.05,6520.8,0,1,6339.599999999999
4816,1,0,0,1,40,1,0,2,1,1,1,1,1,1,1,1,0,20.4,854.9,0,0,816.0
2686,0,0,1,1,72,1,2,1,2,2,2,2,2,2,2,1,0,117.6,8308.9,0,1,8467.199999999999
4952,0,0,0,0,6,1,0,2,1,1,1,1,1,1,0,0,3,20.0,109.2,0,2,120.0
2584,0,0,0,0,5,1,0,2,1,1,1,1,1,1,0,1,1,19.65,92.05,0,2,98.25
6036,1,0,1,0,48,1,2,0,0,2,2,0,0,2,1,1,1,70.55,3420.5,0,1,3386.3999999999996
5789,0,0,0,0,1,1,2,1,0,0,0,0,2,2,0,1,2,93.85,93.85,1,3,93.85
6391,0,0,1,1,64,1,0,0,2,0,0,2,2,0,1,0,3,65.8,4068.0,0,1,4211.2
3043,0,0,0,0,17,1,0,2,1,1,1,1,1,1,1,0,1,20.05,337.9,0,2,340.85
397,1,0,1,0,40,1,0,1,0,2,2,0,0,0,0,1,2,80.0,3168.75,0,3,3200.0
2836,0,0,1,1,41,0,1,0,2,0,2,0,0,0,1,0,1,35.4,1412.4,0,0,1451.3999999999999
371,1,1,0,0,51,1,2,1,0,2,0,0,0,0,1,1,0,79.6,3974.7,0,1,4059.6
2430,1,0,1,0,41,1,2,1,0,2,0,0,0,0,0,1,2,80.25,3439.0,0,1,3290.25
5156,0,0,1,1,1,1,0,0,0,0,2,0,0,0,0,0,3,50.45,50.45,1,2,50.45
2515,0,0,0,0,2,1,0,2,1,1,1,1,1,1,0,1,3,20.45,42.45,0,2,40.9
4875,1,0,0,0,68,1,0,1,0,2,2,0,0,0,1,0,1,79.6,5461.45,0,1,5412.799999999999
2739,0,0,1,1,24,1,2,2,1,1,1,1,1,1,2,0,3,24.7,571.75,0,2,592.8
5833,1,0,1,0,70,1,2,0,2,0,2,2,0,2,2,0,1,77.3,5498.2,0,1,5411.0
4224,1,0,0,0,3,0,1,0,0,0,0,2,0,0,0,1,2,29.75,96.85,0,2,89.25
4837,1,0,0,0,2,1,0,0,0,0,0,0,0,0,0,0,0,44.9,111.05,0,2,89.8
2147,1,0,1,0,3,0,1,0,0,2,0,0,0,0,0,0,1,29.8,94.4,0,2,89.4
2825,0,0,0,0,7,1,2,0,0,0,0,2,2,2,0,1,2,74.65,521.1,1,3,522.5500000000001
3482,0,0,0,0,13,1,0,0,2,0,0,0,2,2,0,1,2,71.95,923.85,0,3,935.35
517,1,0,0,0,7,1,0,2,1,1,1,1,1,1,0,0,3,20.75,141.1,0,2,145.25
5451,1,0,1,1,12,1,0,0,0,0,0,0,2,0,0,1,3,56.3,628.65,0,2,675.5999999999999
2492,1,0,1,1,53,1,2,1,0,2,2,0,2,2,1,1,2,105.25,5576.3,0,1,5578.25
3920,0,0,0,0,12,1,2,1,0,0,0,0,2,2,0,1,2,94.2,1046.1,1,3,1130.4
5710,1,0,1,1,63,1,0,2,1,1,1,1,1,1,2,0,3,19.55,1245.6,0,0,1231.65
7002,0,0,0,0,15,1,0,0,2,2,2,2,2,2,0,0,3,84.45,1287.85,0,3,1266.75
1864,1,0,1,1,36,1,0,0,2,2,0,0,0,0,1,0,3,53.65,1939.35,0,0,1931.3999999999999
632,1,1,1,0,4,0,1,0,0,0,2,0,0,0,0,1,2,29.9,118.25,0,2,119.6
5805,0,0,1,1,24,1,0,2,1,1,1,1,1,1,2,0,3,19.7,452.55,0,2,472.79999999999995
3399,0,0,0,0,61,0,1,0,2,2,2,2,0,0,1,0,1,43.7,2696.55,0,0,2665.7000000000003
3847,1,0,0,0,16,1,2,0,0,2,0,0,0,0,0,0,2,55.3,875.35,0,2,884.8
4793,1,0,1,1,65,1,0,2,1,1,1,1,1,1,2,1,1,19.85,1267.05,0,0,1290.25
5569,0,0,1,1,26,1,0,2,1,1,1,1,1,1,2,0,1,19.65,494.9,0,2,510.9
2733,1,0,0,0,16,1,0,0,0,0,0,2,0,0,0,1,3,49.45,799.0,0,2,791.2
6253,0,0,1,0,54,1,2,1,2,2,0,0,2,2,1,0,0,106.55,5763.3,1,1,5753.7
2199,1,0,0,0,1,1,0,2,1,1,1,1,1,1,0,0,3,20.1,20.1,1,2,20.1
2604,1,0,0,1,5,1,0,2,1,1,1,1,1,1,2,0,3,20.45,106.9,0,2,102.25
2563,0,0,0,0,19,0,1,0,0,2,0,0,0,2,0,1,2,39.7,710.05,0,2,754.3000000000001
5650,1,0,0,0,10,1,2,0,2,0,0,0,0,0,0,1,1,54.5,568.2,0,2,545.0
311,0,0,1,1,23,1,0,1,0,2,2,2,0,0,0,0,2,83.8,1900.25,1,3,1927.3999999999999
6226,1,0,0,0,3,1,0,0,0,0,0,0,2,0,0,0,3,55.15,159.15,1,2,165.45
6256,0,0,0,0,72,1,2,1,0,2,2,2,2,2,2,1,0,111.6,8012.75,0,1,8035.2
5523,1,1,1,0,10,1,2,1,0,0,0,0,0,2,0,1,2,86.65,856.65,1,3,866.5
3025,0,0,1,1,10,1,0,0,0,2,2,0,0,0,0,1,3,55.55,551.3,0,2,555.5
4923,1,0,1,0,11,1,0,2,1,1,1,1,1,1,1,1,3,20.55,184.95,0,2,226.05
6837,0,1,0,0,37,1,2,1,2,2,0,0,2,2,0,1,0,106.75,4056.75,1,1,3949.75
1052,1,0,1,1,17,1,2,0,2,0,0,2,0,0,1,1,3,62.1,1096.65,0,3,1055.7
5774,0,0,1,1,36,1,2,1,2,0,2,0,2,2,0,1,1,104.5,3684.95,0,1,3762.0
2535,1,1,0,0,17,1,0,1,0,2,2,0,2,2,0,1,2,101.8,1752.45,0,3,1730.6
3404,0,1,1,1,66,1,2,1,2,2,0,2,2,2,1,1,1,110.6,7210.85,0,1,7299.599999999999
5479,1,0,1,1,61,1,0,0,2,2,2,2,2,2,1,0,0,84.9,5264.5,0,1,5178.900000000001
3900,1,0,0,0,22,1,0,1,0,2,0,0,2,2,0,1,3,93.2,2157.3,0,3,2050.4
5233,1,0,0,0,1,0,1,0,0,0,0,0,0,0,0,1,2,24.4,24.4,0,2,24.4
6775,0,0,0,0,6,1,0,1,0,0,0,0,0,0,0,0,1,70.55,433.95,0,3,423.29999999999995
2929,1,0,0,0,31,1,0,1,0,2,0,2,0,0,0,1,2,78.45,2435.15,1,3,2431.9500000000003
1636,0,0,1,1,68,1,0,0,2,2,2,2,2,2,2,1,1,85.0,5607.75,0,1,5780.0
3908,0,0,1,1,34,1,2,1,0,0,2,0,2,0,0,0,2,87.45,2874.15,1,3,2973.3
471,0,0,1,1,52,1,0,1,0,2,2,2,0,0,0,0,0,85.8,4433.3,0,1,4461.599999999999
4838,0,0,0,1,10,1,0,1,0,0,2,2,2,0,0,1,2,91.1,964.35,0,3,911.0
6845,1,0,1,1,29,1,0,1,0,0,0,0,0,0,0,1,2,70.75,1974.8,1,3,2051.75
315,0,0,1,1,72,1,0,2,1,1,1,1,1,1,2,0,0,20.1,1460.85,0,0,1447.2
6291,1,0,1,1,47,1,0,2,1,1,1,1,1,1,1,0,3,20.05,951.55,0,0,942.35
4820,1,0,1,1,24,1,2,0,2,0,0,0,2,2,1,0,3,74.8,1821.2,0,3,1795.1999999999998
1825,1,0,0,0,65,1,2,2,1,1,1,1,1,1,1,0,1,24.8,1600.95,0,0,1612.0
2900,0,0,0,0,4,1,2,1,0,0,0,2,2,2,0,1,3,100.85,399.25,0,3,403.4
2743,1,1,1,0,12,1,2,1,0,2,0,0,2,2,0,1,2,101.35,1218.55,1,3,1216.1999999999998
4815,1,0,0,0,1,1,2,1,2,0,0,0,0,0,0,1,2,81.7,81.7,1,3,81.7
5059,1,0,0,0,33,1,0,1,0,0,0,0,0,0,0,0,2,68.25,2171.15,1,3,2252.25
1988,0,0,0,0,34,1,0,1,0,2,2,2,2,2,0,1,2,105.1,3634.8,0,1,3573.3999999999996
858,0,0,1,0,14,1,0,2,1,1,1,1,1,1,2,0,3,20.4,292.4,0,2,285.59999999999997
2952,0,0,0,0,4,1,0,1,0,0,0,0,0,2,0,1,2,79.15,317.25,1,3,316.6
3021,1,0,1,1,13,1,0,2,1,1,1,1,1,1,1,0,3,20.0,218.55,0,2,260.0
3000,0,0,1,1,65,1,2,0,0,2,0,2,2,2,2,1,0,79.4,5071.9,0,1,5161.0
4303,1,0,1,1,23,1,0,0,2,0,0,2,0,0,1,0,1,57.2,1423.35,0,3,1315.6000000000001
4612,1,0,1,0,55,1,0,0,2,2,2,0,0,0,2,0,2,58.6,3068.6,0,0,3223.0
4480,1,0,1,0,49,1,0,1,0,2,0,0,2,2,2,1,2,94.8,4690.65,0,1,4645.2
215,1,0,1,0,60,1,2,1,0,2,2,0,2,2,1,0,0,102.5,6157.6,0,1,6150.0
735,0,0,1,1,69,1,0,2,1,1,1,1,1,1,1,1,1,20.35,1442.65,0,0,1404.15
5372,1,0,0,0,40,1,2,1,0,0,0,0,2,0,0,1,2,84.9,3369.05,0,1,3396.0
5117,1,0,1,0,67,1,0,0,2,2,0,2,0,2,2,1,1,69.2,4671.65,0,1,4636.400000000001
2321,1,1,0,0,35,1,2,1,0,0,0,0,2,2,0,1,2,95.45,3474.05,1,3,3340.75
4119,1,0,1,1,19,1,2,1,0,0,0,2,2,2,1,1,2,100.95,1875.55,1,3,1918.05
1245,0,0,1,1,13,1,0,2,1,1,1,1,1,1,2,0,3,20.85,272.35,0,2,271.05
6782,0,0,0,1,41,1,2,1,0,2,0,0,2,0,0,1,0,88.5,3645.05,0,1,3628.5
5033,0,0,0,0,4,0,1,0,2,0,2,0,0,0,0,0,3,35.0,135.75,0,2,140.0
6463,0,0,1,1,24,1,0,0,2,0,0,2,0,0,0,0,2,55.15,1319.85,0,3,1323.6
5179,0,0,0,0,5,0,1,0,0,2,0,0,2,2,0,1,1,50.95,229.4,0,2,254.75
1381,0,0,0,0,5,1,2,0,0,2,0,0,0,2,0,1,2,64.0,370.25,0,3,320.0
736,0,0,1,1,1,1,0,1,0,0,0,0,0,0,0,1,3,69.1,69.1,1,3,69.1
3456,0,0,1,1,72,1,2,0,2,2,2,2,2,0,2,0,0,80.2,5714.2,0,1,5774.400000000001
1519,0,0,0,0,24,1,0,0,0,0,2,0,0,0,0,1,1,49.3,1233.25,0,2,1183.1999999999998
6489,0,0,1,0,42,1,2,0,2,0,2,2,2,2,2,0,1,84.35,3571.6,0,1,3542.7
920,0,0,0,0,4,1,0,2,1,1,1,1,1,1,0,0,3,20.05,83.3,0,2,80.2
2988,1,0,0,0,68,1,2,1,2,2,2,2,2,2,1,1,1,117.2,8035.95,0,1,7969.6
972,0,0,1,1,33,1,0,2,1,1,1,1,1,1,1,0,3,20.1,579.4,0,2,663.3000000000001
1804,0,1,0,0,1,1,0,1,0,0,0,0,0,0,0,1,2,69.6,69.6,1,3,69.6
5519,1,0,0,0,31,1,2,1,0,2,2,0,2,2,1,1,2,103.45,3066.45,1,3,3206.9500000000003
5530,0,0,0,0,4,1,2,1,0,2,0,0,0,0,0,0,0,77.95,305.55,1,3,311.8
85,1,1,1,0,69,1,2,1,0,2,2,2,2,2,2,1,2,109.95,7634.25,0,1,7586.55
3633,1,1,0,0,38,1,2,1,0,0,0,0,2,2,0,0,2,94.75,3653.0,0,1,3600.5
6794,0,0,1,1,3,1,0,1,0,2,0,2,0,0,0,1,2,80.0,241.3,0,3,240.0
151,0,0,1,1,48,1,2,0,0,2,0,2,2,2,2,0,2,79.65,3870.3,0,1,3823.2000000000003
1865,0,0,1,0,15,1,2,2,1,1,1,1,1,1,2,0,3,25.2,387.9,0,2,378.0
4302,0,0,0,0,25,1,0,2,1,1,1,1,1,1,1,0,1,19.9,527.5,0,2,497.49999999999994
6966,0,1,0,0,1,1,0,1,0,0,0,0,2,0,0,0,2,78.45,78.45,1,3,78.45
4353,0,0,0,0,48,0,1,0,2,2,0,0,2,0,0,1,2,44.8,2104.55,0,0,2150.3999999999996
6443,1,0,0,0,1,1,0,2,1,1,1,1,1,1,0,0,3,20.3,20.3,0,2,20.3
2963,1,0,0,0,1,1,0,2,1,1,1,1,1,1,0,0,2,19.2,19.2,0,2,19.2
1653,0,0,0,0,37,1,0,1,0,2,2,0,0,0,1,0,2,80.05,3019.1,0,3,2961.85
6805,1,1,1,0,66,1,2,1,0,2,2,2,2,2,1,1,0,107.35,7051.95,0,1,7085.099999999999
6458,0,0,1,0,26,0,1,0,2,2,2,0,2,0,1,0,0,47.85,1190.5,0,2,1244.1000000000001
4744,1,0,1,0,63,1,0,0,2,2,0,2,2,0,1,0,1,70.8,4448.8,0,1,4460.4
3535,1,0,0,0,10,0,1,0,0,0,2,0,0,0,0,0,3,29.5,255.25,1,2,295.0
2718,0,0,0,0,2,1,0,0,2,0,0,0,2,2,0,1,2,70.75,146.9,1,3,141.5
1489,1,1,1,0,18,1,0,0,2,0,0,0,0,2,0,1,1,59.1,1011.05,0,3,1063.8
2751,0,0,1,0,64,1,2,2,1,1,1,1,1,1,2,0,3,25.55,1714.95,0,0,1635.2
5722,0,1,0,0,9,1,2,1,0,0,0,0,0,2,0,1,2,84.45,762.5,1,3,760.0500000000001
2950,0,0,0,1,28,1,0,2,1,1,1,1,1,1,0,0,3,20.25,535.35,0,2,567.0
3557,0,0,0,0,1,1,0,1,0,0,2,0,0,0,0,0,2,75.55,75.55,0,3,75.55
478,1,0,0,0,4,1,2,1,0,0,0,0,0,2,0,1,2,85.65,338.9,1,3,342.6
5438,1,1,0,0,38,1,0,0,0,2,2,2,2,0,1,1,1,70.15,2497.35,1,3,2665.7000000000003
6676,1,0,1,0,66,1,2,1,0,2,2,0,0,2,1,0,2,95.3,6273.4,0,1,6289.8
1122,0,0,0,0,1,1,0,1,0,0,0,0,0,0,0,1,2,70.25,70.25,0,3,70.25
3817,0,0,1,0,18,1,0,0,0,0,0,2,0,0,0,1,3,50.3,908.75,0,2,905.4
5887,1,1,0,0,51,1,2,1,0,0,2,0,2,2,0,1,2,97.8,4913.3,1,1,4987.8
5433,1,0,1,1,0,1,0,2,1,1,1,1,1,1,2,0,3,19.85,1397.475,0,2,0.0
5377,1,0,0,0,1,1,0,0,0,0,0,0,0,0,0,0,3,46.3,46.3,1,2,46.3
3192,1,0,0,1,12,1,0,2,1,1,1,1,1,1,2,0,0,19.35,212.3,0,2,232.20000000000002
221,0,0,0,0,41,1,2,1,0,2,2,0,2,2,0,1,2,106.3,4443.45,1,1,4358.3
6914,1,0,0,0,12,1,2,2,1,1,1,1,1,1,0,0,2,25.0,316.2,0,2,300.0
5942,0,0,1,1,55,1,0,2,1,1,1,1,1,1,2,0,3,20.3,1079.05,0,0,1116.5
572,0,0,0,0,7,1,2,1,0,0,0,0,0,0,0,1,2,75.35,564.65,0,3,527.4499999999999
1042,0,0,0,0,12,1,0,1,0,0,2,2,0,2,0,1,2,89.4,1095.65,1,3,1072.8000000000002
6135,0,0,1,1,68,1,2,0,2,2,2,2,2,2,2,0,1,88.0,6161.9,0,1,5984.0
4270,0,1,0,0,5,1,2,1,0,0,0,0,2,0,0,1,1,83.15,446.05,1,3,415.75
773,0,1,0,0,49,1,0,0,0,0,0,0,0,0,0,0,3,43.8,2106.05,0,0,2146.2
258,1,0,0,0,40,0,1,0,2,2,2,0,2,2,1,0,1,62.05,2511.55,0,0,2482.0
3219,0,0,0,0,16,1,0,2,1,1,1,1,1,1,1,0,0,20.1,318.6,0,2,321.6
4501,1,0,0,0,10,1,2,1,0,0,0,0,0,0,0,1,3,74.15,811.8,1,3,741.5
917,0,0,1,0,72,1,2,1,0,2,2,0,2,2,1,1,2,101.35,7323.15,0,1,7297.2
1746,0,1,0,0,2,1,2,1,0,0,0,0,0,2,0,1,2,84.05,186.05,0,3,168.1
4920,1,0,1,1,23,1,0,2,1,1,1,1,1,1,2,0,3,20.9,454.0,0,2,480.7
1470,0,1,0,0,71,1,2,1,0,2,2,0,2,2,1,1,2,105.9,7521.95,0,1,7518.900000000001
612,0,0,1,0,11,1,2,1,0,0,2,0,2,2,0,1,2,99.5,1056.95,1,3,1094.5
5443,1,0,0,0,1,1,0,0,0,0,0,0,0,0,0,1,3,44.15,44.15,1,2,44.15
769,0,0,0,0,16,1,0,0,0,2,0,2,0,0,0,1,3,53.9,834.15,1,2,862.4
6444,0,0,0,0,1,1,2,1,0,0,0,0,0,2,0,1,3,85.45,85.45,1,3,85.45
3162,1,0,1,0,12,1,0,1,0,2,0,0,0,2,0,1,1,85.05,999.8,0,3,1020.5999999999999
5002,0,0,0,0,54,0,1,0,2,0,0,2,0,2,1,0,0,44.1,2369.7,0,0,2381.4
6268,0,0,1,0,68,1,2,1,0,2,2,2,0,0,2,0,1,90.2,6297.65,0,1,6133.6
1528,0,0,1,1,4,1,2,0,0,0,0,0,0,0,0,0,3,50.85,239.55,1,2,203.4
2735,0,0,0,1,1,1,0,0,0,0,2,0,0,2,0,0,2,59.2,59.2,1,2,59.2
3874,1,0,0,0,27,1,0,0,2,0,0,2,0,0,0,0,3,53.45,1461.45,0,3,1443.15
2531,1,0,0,0,21,1,0,2,1,1,1,1,1,1,0,1,3,19.95,416.4,0,2,418.95
472,1,0,0,0,13,1,0,1,0,0,2,0,2,0,0,1,2,83.2,1060.6,1,3,1081.6000000000001
6114,0,1,0,0,64,1,2,0,0,2,2,2,0,2,0,0,1,74.65,4869.35,0,1,4777.6
2559,0,0,0,0,1,1,0,0,2,2,0,0,0,0,0,1,2,54.9,54.9,1,2,54.9
2429,1,0,1,0,57,0,1,0,0,2,2,2,2,2,2,1,0,57.5,3265.95,0,0,3277.5
3922,0,0,1,0,21,1,2,1,2,0,2,0,2,2,0,1,2,103.9,2254.2,1,3,2181.9
2716,1,0,0,0,19,1,0,2,1,1,1,1,1,1,2,0,3,19.65,358.15,0,2,373.34999999999997
1256,1,0,1,0,31,1,0,1,0,0,2,0,2,2,1,1,2,93.8,2939.8,0,3,2907.7999999999997
5056,1,0,0,0,52,1,2,0,2,2,2,2,2,2,2,1,3,89.25,4652.4,0,1,4641.0
944,0,0,0,0,46,1,2,1,0,2,2,0,0,2,1,1,2,94.15,4408.45,0,1,4330.900000000001
3275,0,1,0,0,11,1,2,0,2,0,0,0,0,0,0,1,2,55.6,580.8,0,2,611.6
3770,0,0,1,1,53,0,1,0,2,2,2,0,0,2,0,1,0,48.7,2495.2,0,0,2581.1000000000004
3491,0,0,1,1,11,1,0,2,1,1,1,1,1,1,0,1,3,19.25,180.3,1,2,211.75
1997,1,1,0,0,57,1,2,1,0,2,0,2,2,2,0,1,0,104.9,5913.95,0,1,5979.3
1725,0,1,0,0,2,1,2,1,0,0,0,0,0,0,0,1,3,75.45,158.4,1,3,150.9
5370,0,1,0,0,2,1,0,0,2,2,0,0,0,0,0,0,3,54.85,104.2,1,2,109.7
2545,0,0,1,1,71,1,0,2,1,1,1,1,1,1,2,0,0,19.9,1389.35,0,0,1412.8999999999999
6784,0,0,1,1,1,1,0,2,1,1,1,1,1,1,0,1,3,19.4,19.4,0,2,19.4
1861,1,0,1,0,68,1,2,2,1,1,1,1,1,1,2,0,1,25.05,1629.2,0,0,1703.4
4082,1,0,1,0,72,1,0,0,2,2,2,2,2,2,2,0,3,84.45,6033.1,0,1,6080.400000000001
265,0,0,0,0,2,1,0,2,1,1,1,1,1,1,0,0,3,19.3,44.4,0,2,38.6
3672,1,1,1,0,1,1,2,1,0,0,0,0,2,2,0,1,2,95.1,95.1,1,3,95.1
6276,0,0,0,0,41,1,0,0,2,0,2,2,2,2,1,1,0,79.85,3320.75,0,1,3273.85
4457,1,0,1,1,72,1,2,2,1,1,1,1,1,1,2,0,1,25.55,1867.7,0,0,1839.6000000000001
5815,1,0,1,0,6,1,2,1,0,0,0,0,0,0,0,1,2,75.5,438.0,1,3,453.0
3200,0,0,1,1,4,1,0,1,0,0,2,0,0,0,0,1,2,73.75,325.45,1,3,295.0
5328,1,0,0,0,12,1,2,1,0,0,0,0,2,2,0,1,2,96.05,1148.1,1,3,1152.6
1021,0,0,1,0,58,1,2,0,2,0,0,2,0,2,1,1,2,68.4,3972.25,0,1,3967.2000000000003
2467,0,0,0,0,7,1,0,2,1,1,1,1,1,1,0,0,3,20.65,155.9,0,2,144.54999999999998
6016,0,0,1,0,65,1,0,0,2,0,2,0,0,0,0,1,3,55.15,3673.15,0,0,3584.75
6771,1,0,0,0,1,1,0,1,0,0,0,0,0,0,0,1,3,70.6,70.6,0,3,70.6
424,1,0,1,0,56,1,0,2,1,1,1,1,1,1,1,0,1,19.95,1126.75,0,0,1117.2
5139,1,0,0,0,4,1,0,2,1,1,1,1,1,1,0,0,3,19.0,73.45,0,2,76.0
5424,0,0,1,1,58,1,0,0,0,0,0,0,0,0,1,1,3,44.1,2413.05,0,0,2557.8
3277,1,0,1,0,62,1,2,1,0,0,2,2,2,2,2,1,0,107.6,6912.7,0,1,6671.2
6386,1,0,0,0,26,1,2,0,2,2,0,0,0,0,1,0,2,61.55,1581.95,0,3,1600.3
4827,1,0,0,0,62,1,2,1,2,2,2,0,0,0,0,0,0,90.7,5586.45,0,1,5623.400000000001
3965,0,0,1,1,58,1,0,1,2,2,0,0,2,2,1,0,1,99.25,5846.65,0,1,5756.5
1125,0,0,1,0,68,1,2,0,2,2,2,2,2,2,2,1,2,91.7,6424.7,0,1,6235.6
2164,0,0,1,1,61,1,2,1,2,2,2,0,0,2,1,1,1,100.7,6018.65,0,1,6142.7
5981,0,0,0,0,42,1,2,0,0,0,2,2,2,2,2,1,1,78.45,3373.4,0,1,3294.9
4216,1,0,0,0,18,1,2,1,0,0,0,0,2,0,0,0,0,84.3,1537.9,0,3,1517.3999999999999
3003,0,0,0,0,56,1,0,2,1,1,1,1,1,1,2,1,0,19.55,1080.55,0,0,1094.8
3496,0,0,0,0,4,1,2,1,0,2,0,0,0,2,0,1,2,88.95,355.2,1,3,355.8
6773,0,0,0,0,4,1,0,2,1,1,1,1,1,1,0,0,1,20.45,82.85,0,2,81.8
4754,0,0,0,1,35,1,0,0,2,2,0,0,0,0,1,0,1,55.6,2016.45,0,0,1946.0
512,0,0,1,1,64,1,2,1,2,0,0,2,0,0,0,1,0,86.8,5327.25,0,1,5555.2
4573,0,0,0,0,31,1,0,2,1,1,1,1,1,1,1,0,3,20.95,683.25,0,2,649.4499999999999
799,0,1,1,0,67,1,0,2,1,1,1,1,1,1,2,1,0,20.05,1263.05,0,0,1343.3500000000001
1432,0,0,0,0,4,1,0,0,0,2,0,0,0,0,0,0,1,50.7,151.3,1,2,202.8
3372,0,1,1,0,70,1,2,1,2,2,2,2,2,2,2,1,2,113.65,7714.65,0,1,7955.5
3471,1,0,0,0,3,1,0,0,0,0,0,0,2,0,0,0,1,53.4,188.7,1,2,160.2
5023,1,1,1,0,53,1,2,1,0,2,0,0,2,2,0,1,2,101.9,5549.4,1,1,5400.700000000001
3427,1,0,1,1,2,1,0,0,2,2,0,2,0,0,2,0,3,59.5,130.5,0,2,119.0
3756,0,0,1,1,29,1,0,1,0,0,0,0,2,2,0,1,1,87.8,2621.75,0,3,2546.2
3415,0,0,0,0,47,0,1,0,2,0,2,2,0,0,2,0,3,41.9,1875.25,0,0,1969.3
1113,0,0,1,1,68,1,2,1,0,0,0,0,2,0,1,1,2,83.0,5685.8,1,1,5644.0
405,1,0,0,1,12,1,0,0,2,0,0,0,2,2,0,1,3,69.85,837.5,0,3,838.1999999999999
2289,0,0,1,1,8,1,0,0,0,2,0,2,0,0,0,0,0,56.3,401.5,0,2,450.4
2923,1,0,1,0,54,1,2,1,2,2,2,0,2,2,0,0,2,109.55,6118.95,0,1,5915.7
721,1,0,1,1,69,1,0,1,0,2,0,2,2,0,2,1,3,92.15,6480.9,0,1,6358.35
6118,0,0,0,0,26,1,2,0,2,2,0,0,2,0,0,1,0,69.5,1800.05,0,3,1807.0
4773,0,0,1,0,72,1,2,1,2,2,2,2,0,0,2,1,0,97.0,7104.2,0,1,6984.0
1239,0,0,0,0,70,0,1,0,2,0,2,2,2,2,2,1,0,58.35,4214.25,0,1,4084.5
2044,1,0,0,1,1,1,0,0,2,0,0,0,0,0,0,0,3,50.6,50.6,1,2,50.6
2884,1,0,0,0,10,1,0,1,0,0,0,0,2,2,0,1,2,89.5,863.1,1,3,895.0
241,0,0,1,1,28,1,0,1,0,0,0,0,0,0,1,1,0,70.4,1992.2,0,3,1971.2000000000003
3142,1,0,0,0,1,1,0,1,0,0,0,0,0,0,0,1,2,69.8,69.8,1,3,69.8
6988,0,0,1,0,21,1,2,1,0,0,0,0,2,2,0,1,2,94.3,1948.35,0,3,1980.3
6183,1,1,1,0,51,1,2,1,2,0,2,0,2,0,0,1,0,93.8,4750.95,1,1,4783.8
5589,0,0,1,1,53,1,0,2,1,1,1,1,1,1,1,0,0,19.55,1007.9,0,0,1036.15
6608,1,0,0,1,53,1,0,1,2,2,2,0,0,2,1,0,2,95.95,5036.9,0,1,5085.35
1668,1,0,1,0,24,1,2,1,0,0,2,0,2,2,0,1,2,101.05,2391.8,1,3,2425.2
5807,0,0,1,0,70,1,2,0,2,2,2,2,2,2,2,1,1,94.8,6859.05,0,1,6636.0
1154,1,0,0,0,61,1,2,1,2,2,2,0,2,2,1,1,2,107.75,6521.9,0,1,6572.75
1270,0,0,0,0,11,1,0,0,2,0,0,2,0,0,1,1,3,54.6,617.85,0,2,600.6
3102,1,0,0,0,2,1,0,1,0,0,0,0,0,0,0,1,1,71.3,157.75,0,3,142.6
290,1,0,0,0,25,1,0,2,1,1,1,1,1,1,1,1,0,19.5,516.3,0,2,487.5
1891,0,0,0,0,41,1,2,0,0,2,0,0,0,0,1,1,1,56.3,2364.0,0,0,2308.2999999999997
4220,1,0,1,0,18,1,2,1,0,0,0,0,2,2,0,1,2,94.7,1687.95,1,3,1704.6000000000001
625,1,1,1,0,72,1,2,1,0,2,2,0,2,2,2,1,0,104.15,7689.95,1,1,7498.8
2449,0,0,1,1,71,1,2,0,2,2,2,2,2,2,2,1,1,90.55,6239.05,0,1,6429.05
2867,0,0,1,1,34,1,0,0,2,2,2,0,0,0,1,1,3,60.8,2042.05,0,3,2067.2
316,1,0,0,0,29,1,0,1,0,0,2,2,2,2,0,1,1,98.8,2807.1,0,3,2865.2
4258,1,1,1,0,40,1,0,1,2,2,2,2,2,0,1,1,1,98.15,4116.8,0,1,3926.0
2629,1,0,1,0,36,0,1,0,2,0,2,0,0,0,1,0,3,35.35,1317.95,0,0,1272.6000000000001
5013,0,0,1,0,46,1,2,1,0,2,0,2,2,2,1,1,2,103.15,4594.65,0,1,4744.900000000001
1343,0,0,0,0,58,1,2,1,2,2,2,0,2,2,1,1,2,107.75,6332.75,0,1,6249.5
6870,1,0,0,0,39,1,2,1,0,2,0,0,0,0,1,0,1,81.4,3213.75,0,3,3174.6000000000004
4213,1,0,1,1,4,1,0,0,0,0,0,2,0,2,0,0,1,61.45,229.55,1,3,245.8
3891,0,0,1,1,52,1,2,1,0,2,2,0,2,0,1,1,1,95.7,4976.15,0,1,4976.400000000001
58,1,1,1,0,70,1,2,1,0,2,2,0,2,2,1,1,2,104.8,7308.95,0,1,7336.0
3845,1,1,1,0,65,1,0,1,0,0,0,0,0,0,1,1,0,70.95,4555.2,0,1,4611.75
6323,1,0,0,0,1,1,0,0,0,0,0,0,0,0,0,1,3,44.95,44.95,0,2,44.95
211,0,0,1,0,70,1,2,1,0,0,2,0,2,2,1,1,2,97.65,6982.5,0,1,6835.5
4817,0,1,1,1,29,0,1,0,0,2,2,0,0,0,0,1,3,35.65,1025.15,0,2,1033.85
5173,1,0,0,0,1,1,0,1,0,0,0,0,2,2,0,1,2,90.55,90.55,1,3,90.55
296,0,0,0,0,67,1,2,0,2,0,2,2,2,2,2,1,3,85.25,5714.2,0,1,5711.75
6048,0,0,0,0,1,1,0,2,1,1,1,1,1,1,0,1,3,19.5,19.5,0,2,19.5
198,0,0,0,0,26,1,0,1,0,0,0,0,2,2,0,1,0,88.8,2274.35,1,3,2308.7999999999997
4684,0,0,1,1,30,1,2,2,1,1,1,1,1,1,2,1,3,25.1,789.55,0,2,753.0
1830,0,0,1,0,48,1,0,1,0,0,2,2,2,2,0,1,1,100.05,4834.0,0,1,4802.4
5958,0,0,1,1,55,1,0,0,2,2,0,0,0,0,0,0,2,55.7,3131.8,0,0,3063.5
2696,1,0,0,0,7,1,2,1,0,0,0,0,0,2,0,1,3,85.2,602.55,1,3,596.4
6746,1,0,0,0,37,1,2,1,2,0,0,0,2,0,0,1,2,91.15,3369.25,0,3,3372.55
278,0,0,1,0,31,1,0,1,0,2,0,0,0,2,0,1,0,83.85,2674.15,0,3,2599.35
1953,1,0,0,0,4,1,0,0,0,0,0,0,0,0,0,1,2,45.9,199.75,0,2,183.6
6634,1,0,1,1,72,1,2,2,1,1,1,1,1,1,2,1,1,25.1,1790.8,0,0,1807.2
5972,1,1,0,0,5,1,0,1,0,0,0,0,2,2,0,1,2,91.4,449.75,1,3,457.0
148,1,0,1,1,1,1,0,2,1,1,1,1,1,1,0,0,3,19.7,19.7,0,2,19.7
6617,0,1,0,0,15,1,0,1,0,0,0,0,2,2,0,1,2,91.5,1400.3,0,3,1372.5
4600,1,0,1,1,8,1,0,0,2,0,0,0,0,0,0,1,1,51.3,411.6,0,2,410.4
887,0,0,0,0,35,1,0,2,1,1,1,1,1,1,1,0,3,21.1,741.0,0,0,738.5
3417,0,1,0,0,56,1,2,1,0,2,2,0,2,2,0,0,2,104.75,5841.35,0,1,5866.0
5386,1,0,1,0,42,1,2,1,0,0,2,2,2,2,0,1,0,106.15,4512.7,1,1,4458.3
2799,1,1,1,1,65,1,2,1,2,2,0,0,0,0,0,1,2,85.75,5688.45,0,1,5573.75
6075,0,0,1,1,2,1,0,2,1,1,1,1,1,1,1,0,3,20.3,31.9,0,2,40.6
2644,1,1,1,0,65,1,2,1,2,0,0,0,2,2,1,1,2,100.75,6674.65,0,1,6548.75
5541,0,0,0,0,18,1,2,1,0,0,0,0,0,0,0,1,2,74.15,1345.75,0,3,1334.7
5455,0,0,0,0,23,1,2,0,2,0,2,0,2,2,1,1,2,78.55,1843.05,0,3,1806.6499999999999
5856,0,0,0,0,4,1,0,0,0,0,0,0,0,0,0,1,3,45.3,196.95,1,2,181.2
4300,1,0,1,0,70,1,0,2,1,1,1,1,1,1,2,0,1,19.85,1433.8,0,0,1389.5
5216,0,0,0,0,4,1,2,0,0,0,0,0,0,0,0,0,2,50.7,214.55,0,2,202.8
1950,1,0,0,0,19,1,0,0,0,0,0,0,0,0,0,1,0,45.0,865.85,0,2,855.0
3114,0,0,0,0,18,1,0,1,0,2,2,0,0,0,0,0,2,77.8,1358.6,0,3,1400.3999999999999
2024,0,1,1,0,38,1,0,1,2,0,0,0,0,2,0,1,2,83.45,3147.15,0,3,3171.1
4413,1,0,0,0,2,1,2,1,0,0,0,0,0,0,0,1,1,73.25,131.05,1,3,146.5
1751,1,0,0,0,47,1,2,1,2,2,0,0,2,0,1,0,0,94.8,4535.85,0,1,4455.599999999999
6525,0,0,1,1,52,1,0,2,1,1,1,1,1,1,2,0,0,20.1,1078.75,0,0,1045.2
1,1,0,0,0,9,1,2,0,0,0,0,0,0,2,0,0,3,59.9,542.4,0,3,539.1
667,0,0,1,0,26,1,2,0,2,2,2,2,2,2,1,1,1,90.1,2312.55,0,3,2342.6
5500,1,0,1,1,8,1,0,0,0,0,2,0,0,0,0,1,2,51.05,415.05,1,2,408.4
3276,1,0,1,0,44,1,0,0,0,2,2,2,2,0,1,1,2,70.95,3250.45,0,0,3121.8
668,0,0,0,0,3,0,1,0,0,2,0,0,0,0,0,0,3,29.2,98.5,0,2,87.6
4230,1,0,0,0,2,1,0,0,0,0,0,0,0,0,0,1,0,46.6,87.9,0,2,93.2
3957,0,0,1,1,9,1,2,1,0,0,0,0,2,0,0,1,0,85.35,754.65,1,3,768.15
3518,1,1,0,0,1,1,2,1,0,0,0,0,0,0,0,1,2,75.35,75.35,1,3,75.35
3693,1,0,0,0,25,1,0,1,2,0,0,0,0,0,0,0,0,74.3,1952.25,0,3,1857.5
6902,0,1,1,0,2,1,0,1,0,0,0,0,0,0,0,1,2,69.3,153.8,0,3,138.6
5493,1,0,0,0,43,1,0,1,2,0,0,0,0,0,0,1,2,75.2,3198.6,1,1,3233.6
289,0,0,0,0,1,1,0,2,1,1,1,1,1,1,0,0,3,20.9,20.9,1,2,20.9
3869,0,0,1,0,58,1,2,1,0,2,2,0,0,2,1,1,2,94.3,5610.15,0,1,5469.4
5898,0,0,1,1,59,1,2,0,2,0,2,2,2,0,2,1,3,76.45,4519.5,0,1,4510.55
4796,1,0,0,0,44,0,1,0,2,0,2,0,2,2,1,1,2,54.0,2440.25,0,0,2376.0
6918,1,0,0,0,66,1,2,1,0,2,0,2,2,2,1,1,2,104.25,6860.6,0,1,6880.5
2574,1,0,1,1,68,1,0,2,1,1,1,1,1,1,2,0,0,19.95,1377.7,0,0,1356.6
919,1,0,0,0,9,0,1,0,0,0,0,0,0,0,0,1,2,24.95,190.25,0,2,224.54999999999998
2021,1,0,0,0,19,1,2,1,2,0,2,0,0,0,0,1,2,84.75,1651.95,0,3,1610.25
3178,1,0,0,0,4,1,0,2,1,1,1,1,1,1,0,0,3,19.75,78.3,0,2,79.0
1626,0,0,0,0,70,1,2,1,2,2,2,2,2,2,2,1,0,113.65,7939.25,0,1,7955.5
6148,1,0,0,0,1,1,0,0,0,0,0,0,0,0,0,1,3,44.9,44.9,0,2,44.9
2241,0,0,0,0,8,1,2,1,0,0,0,0,0,0,0,1,2,75.25,576.7,0,3,602.0
2663,1,0,0,0,53,1,2,2,1,1,1,1,1,1,2,0,3,24.6,1279.0,0,0,1303.8000000000002
4835,1,1,0,0,51,1,2,2,1,1,1,1,1,1,1,0,0,25.0,1260.7,0,0,1275.0
2848,1,0,1,1,11,1,0,2,1,1,1,1,1,1,0,0,0,20.95,267.35,0,2,230.45
4970,1,0,1,1,60,1,2,1,2,0,2,2,2,2,2,1,2,110.6,6586.85,0,1,6636.0
3699,1,0,0,0,17,1,0,0,2,2,0,0,0,0,0,1,1,55.5,934.15,0,3,943.5
5374,1,0,0,0,3,1,0,0,0,0,0,0,0,0,0,1,2,43.3,123.65,1,2,129.89999999999998
514,1,0,1,0,70,1,0,1,2,2,2,2,2,2,1,1,0,109.5,7534.65,1,1,7665.0
5953,1,0,0,0,1,1,0,2,1,1,1,1,1,1,0,0,3,19.45,19.45,0,2,19.45
3541,1,1,0,0,43,1,2,1,0,0,0,0,2,0,0,1,2,84.85,3645.6,0,1,3648.5499999999997
4288,0,0,1,0,16,1,0,2,1,1,1,1,1,1,0,0,3,19.6,314.45,0,2,313.6
1749,0,0,1,1,57,1,0,0,2,2,0,0,0,0,1,0,2,53.45,3053.0,0,0,3046.65
662,1,0,1,1,37,1,0,2,1,1,1,1,1,1,1,0,1,19.8,677.05,0,0,732.6
250,0,0,1,0,72,1,2,1,2,2,2,2,2,2,2,0,1,112.1,7965.95,0,1,8071.2
3299,0,1,0,0,11,1,2,1,0,0,0,0,0,2,0,1,1,84.8,906.85,1,3,932.8
4165,0,1,1,0,50,1,2,1,0,2,2,0,2,0,0,1,2,95.05,4888.7,1,1,4752.5
6369,1,1,0,0,5,1,0,0,0,0,2,0,0,0,0,0,2,50.35,237.25,1,2,251.75
2634,1,0,1,0,1,1,2,1,0,0,0,0,0,0,0,1,0,74.6,74.6,1,3,74.6
1602,1,0,0,0,16,1,0,2,1,1,1,1,1,1,0,1,3,19.7,342.4,1,2,315.2
1994,1,1,1,0,2,1,0,1,0,0,2,0,0,0,0,1,2,74.2,140.1,0,3,148.4
1159,0,0,0,0,17,1,2,0,0,0,2,2,2,0,0,1,3,69.0,1108.0,0,3,1173.0
3012,0,0,0,0,16,1,0,2,1,1,1,1,1,1,1,0,1,19.35,295.55,0,2,309.6
6659,0,0,0,0,15,1,0,0,0,0,2,0,0,2,0,1,2,59.45,892.65,1,3,891.75
3018,0,0,0,0,10,1,0,2,1,1,1,1,1,1,1,1,3,19.8,198.25,0,2,198.0
1466,0,0,0,1,46,1,0,1,2,2,0,2,2,2,1,1,0,105.2,4822.85,1,1,4839.2
2524,1,0,1,1,64,1,2,1,0,2,2,2,2,2,2,1,1,109.2,6741.15,0,1,6988.8
1545,0,0,0,0,1,1,2,1,0,2,0,0,0,0,0,1,3,79.15,79.15,0,3,79.15
3573,1,0,1,1,25,1,0,0,0,2,2,0,0,0,1,0,3,53.65,1355.45,0,3,1341.25
6372,1,0,1,1,71,1,0,1,2,2,2,2,2,0,2,0,1,100.2,7209.0,0,1,7114.2
1510,1,0,0,0,8,1,0,0,0,0,0,0,0,0,0,1,3,45.15,438.4,1,2,361.2
716,0,0,1,1,72,1,0,1,2,2,2,2,2,2,2,1,0,108.65,7726.35,0,1,7822.8
1048,0,0,1,0,49,0,1,0,2,0,0,0,2,0,0,0,0,40.65,2070.75,0,0,1991.85
891,1,0,1,1,29,0,1,0,2,2,2,2,0,2,1,1,1,55.35,1636.95,0,3,1605.15
581,1,0,1,0,72,1,2,1,2,2,2,2,0,2,2,0,0,105.6,7581.5,0,1,7603.2
6301,1,0,1,0,31,1,2,1,0,2,2,0,2,0,0,0,2,93.8,3019.5,1,3,2907.7999999999997
4407,0,0,0,0,50,1,2,1,0,0,0,0,2,2,0,1,2,95.7,4729.75,0,1,4785.0
5826,1,0,1,0,71,1,2,0,2,0,2,2,2,2,2,0,2,83.2,6126.1,0,1,5907.2
1076,1,1,1,0,70,1,2,0,2,2,2,2,2,2,2,0,1,90.05,6333.4,0,1,6303.5
456,1,0,0,0,71,1,2,1,2,0,0,2,0,2,1,0,1,97.65,6687.85,0,1,6933.150000000001
4895,1,0,1,1,61,1,0,0,2,2,2,2,0,0,2,1,0,68.05,4158.25,0,1,4151.05
659,1,0,0,0,32,1,0,1,0,0,0,2,2,2,0,1,2,96.2,3183.4,1,3,3078.4
5379,0,0,0,1,1,1,0,1,0,0,0,0,0,2,0,1,2,79.6,79.6,1,3,79.6
4977,1,0,0,0,68,1,2,1,2,2,2,0,0,2,2,1,0,102.1,7149.35,0,1,6942.799999999999
4351,1,0,0,0,62,1,2,2,1,1,1,1,1,1,2,0,0,23.4,1429.65,0,0,1450.8
730,0,0,0,1,7,1,0,1,0,0,0,0,0,0,0,1,2,71.05,472.65,0,3,497.34999999999997
4485,1,0,0,0,20,1,2,1,0,0,0,0,2,0,0,1,2,85.25,1734.5,1,3,1705.0
610,1,0,1,1,6,1,0,2,1,1,1,1,1,1,1,0,3,19.45,113.5,0,2,116.69999999999999
1383,0,1,0,0,33,0,1,0,2,2,2,0,2,2,0,1,0,59.45,1884.65,0,3,1961.8500000000001
5975,1,0,1,1,28,1,2,1,0,0,0,0,2,2,1,0,0,92.2,2568.15,0,3,2581.6
3659,1,0,0,0,27,1,0,2,1,1,1,1,1,1,2,0,1,19.85,470.0,0,2,535.95
3106,1,0,0,0,7,1,0,0,0,0,0,0,0,0,0,0,3,43.9,278.4,0,2,307.3
4261,1,0,0,0,26,1,2,1,0,0,0,2,0,0,0,1,2,80.5,2088.8,1,3,2093.0
1111,1,1,0,0,5,1,2,1,0,2,0,0,0,2,0,1,2,89.8,502.6,1,3,449.0
4797,1,1,0,0,30,1,2,1,2,0,0,0,0,2,0,1,1,90.5,2595.85,0,3,2715.0
5554,1,0,0,0,63,1,2,1,0,2,0,0,0,2,1,0,1,90.45,5825.5,0,1,5698.35
3017,1,0,0,0,1,1,0,0,0,2,0,0,0,0,0,1,2,50.75,50.75,1,2,50.75
6815,0,0,0,1,53,1,2,0,0,2,2,2,2,2,1,1,2,84.6,4449.75,0,1,4483.799999999999
1137,0,0,1,1,14,1,0,1,0,2,0,2,0,2,0,1,1,89.65,1208.35,1,3,1255.1000000000001
1516,0,0,0,0,21,1,0,1,0,2,0,2,2,2,0,1,0,99.15,1956.4,0,3,2082.15
6944,1,0,0,0,17,1,0,2,1,1,1,1,1,1,1,0,3,19.95,310.6,0,2,339.15
4758,1,0,1,1,16,1,0,2,1,1,1,1,1,1,2,0,3,20.5,290.55,0,2,328.0
6341,0,0,0,0,35,1,0,0,0,0,2,0,0,2,0,1,2,62.1,2096.1,0,3,2173.5
1177,0,1,0,0,32,1,0,1,0,0,0,0,0,2,0,1,2,79.5,2665.0,0,3,2544.0
4614,0,0,1,1,28,1,0,2,1,1,1,1,1,1,0,1,0,19.55,543.8,0,2,547.4
3237,0,0,0,0,1,1,0,2,1,1,1,1,1,1,0,1,3,20.35,20.35,0,2,20.35
6687,1,0,0,0,59,0,1,0,0,0,0,2,2,2,0,1,2,51.7,3005.8,0,0,3050.3
1753,0,0,1,1,72,1,2,2,1,1,1,1,1,1,1,1,0,23.3,1623.15,0,0,1677.6000000000001
5338,1,0,0,0,36,1,0,0,0,2,0,2,0,2,1,1,3,65.4,2498.4,1,3,2354.4
3362,0,0,0,0,40,1,0,0,2,2,0,0,2,0,0,0,3,65.1,2586.0,0,0,2604.0
4312,1,0,1,1,40,1,2,1,0,0,2,0,0,0,0,1,2,81.2,3292.3,0,1,3248.0
160,0,0,0,1,9,1,0,0,0,0,2,2,2,2,0,1,3,72.9,651.4,1,3,656.1
5584,1,0,1,1,63,1,0,0,2,2,2,2,2,0,2,0,1,74.5,4674.55,0,1,4693.5
4510,0,0,0,0,3,1,0,1,0,0,0,0,2,0,0,1,2,80.5,232.35,0,3,241.5
1573,1,0,1,1,40,0,1,0,0,2,2,2,2,2,1,0,3,60.3,2448.5,0,0,2412.0
6726,1,0,1,0,8,1,0,1,2,0,0,0,0,0,0,1,3,75.0,658.1,0,3,600.0
4181,1,1,1,0,34,1,0,1,2,0,0,2,2,0,1,0,3,90.15,3128.8,0,3,3065.1000000000004
6157,1,0,0,0,5,0,1,0,2,0,2,2,0,0,0,0,3,40.0,223.45,1,2,200.0
4404,1,1,0,0,9,1,2,1,0,2,0,0,2,2,0,1,1,99.45,919.4,1,3,895.0500000000001
6795,1,0,1,0,9,1,2,0,0,2,2,0,0,2,0,1,1,69.05,653.95,0,3,621.4499999999999
6165,1,0,1,1,31,1,2,0,0,0,0,0,0,2,0,0,0,59.7,1825.5,0,3,1850.7
6645,0,0,1,0,50,1,0,2,1,1,1,1,1,1,1,1,0,19.85,943.1,0,0,992.5000000000001
82,0,0,0,0,2,1,0,1,2,2,0,2,0,0,0,1,2,86.25,181.65,1,3,172.5
4345,0,0,0,0,1,1,0,0,0,0,0,0,0,0,0,1,2,45.65,45.65,1,2,45.65
6716,1,0,0,0,8,1,0,1,0,0,0,0,0,0,0,1,3,70.1,551.35,1,3,560.8
6368,0,0,0,0,9,0,1,0,0,2,0,0,0,2,0,0,2,40.75,359.4,0,2,366.75
1549,0,1,0,0,2,1,0,1,0,0,0,0,0,0,0,1,0,70.2,115.95,1,3,140.4
2557,0,0,0,0,3,1,0,0,2,2,0,0,0,0,0,0,2,55.35,165.2,1,2,166.05
4986,1,0,1,0,25,1,0,1,0,0,0,2,2,2,0,1,1,95.7,2338.35,0,3,2392.5
4389,1,1,0,0,1,1,0,0,0,0,0,0,0,0,0,0,2,46.3,46.3,0,2,46.3
5624,0,0,1,1,45,1,2,0,2,2,2,2,2,0,0,0,3,81.3,3541.1,0,1,3658.5
6083,1,1,1,1,51,1,2,1,0,2,2,0,0,0,0,1,2,84.2,4146.05,1,1,4294.2
1064,0,0,1,1,55,1,0,2,1,1,1,1,1,1,0,0,1,20.0,1087.25,0,0,1100.0
2115,0,0,0,0,38,1,2,0,2,2,2,0,0,0,0,1,0,66.15,2522.4,0,3,2513.7000000000003
1038,1,0,0,0,2,1,0,0,0,0,0,0,0,0,0,0,3,45.85,81.0,1,2,91.7
6555,1,0,1,1,38,1,0,2,1,1,1,1,1,1,0,0,2,19.6,717.3,0,0,744.8000000000001
5785,1,0,0,0,34,1,0,0,0,2,0,0,0,0,0,1,2,49.8,1734.2,0,0,1693.1999999999998
1796,0,0,1,0,70,1,2,1,0,0,2,0,2,2,1,1,2,101.75,7069.3,0,1,7122.5
7038,0,0,0,0,13,1,0,0,2,0,0,2,0,0,1,0,3,55.15,742.9,0,2,716.9499999999999
2245,1,0,0,0,39,1,2,1,0,0,0,0,0,0,0,0,2,75.25,3017.65,1,3,2934.75
3130,0,0,0,0,61,1,2,1,0,2,2,0,2,2,1,1,2,103.95,6423.0,0,1,6340.95
1789,0,0,0,0,12,1,2,1,0,0,2,0,2,2,0,1,0,100.15,1164.3,1,3,1201.8000000000002
4037,1,0,0,0,41,1,0,1,0,2,0,2,2,2,2,1,1,99.65,4220.35,0,1,4085.65
334,1,0,0,0,21,1,2,1,0,0,0,0,0,0,0,1,2,73.7,1558.7,0,3,1547.7
1292,1,1,0,0,55,0,1,0,0,0,2,0,2,2,1,1,0,50.05,2743.45,0,0,2752.75
5705,1,0,1,0,69,0,1,0,2,0,2,2,2,2,2,0,0,60.25,4055.5,0,1,4157.25
4900,1,1,1,1,26,1,2,1,0,2,2,0,2,2,0,0,2,105.75,2710.25,1,3,2749.5
6145,0,1,1,0,69,1,0,1,2,2,0,0,0,2,1,0,1,87.3,6055.55,0,1,6023.7
2337,0,1,1,0,18,0,1,0,0,0,2,0,2,2,0,1,2,48.35,810.7,1,2,870.3000000000001
2246,1,0,1,1,47,1,2,0,0,2,0,0,0,0,0,0,2,54.25,2538.2,0,0,2549.75
4595,0,0,1,1,72,1,0,0,2,2,2,2,2,2,2,0,0,85.3,6129.2,0,1,6141.599999999999
6596,1,1,1,0,33,0,1,0,0,2,2,2,2,0,0,1,2,50.0,1750.85,0,0,1650.0
2040,0,0,1,1,2,0,1,0,0,0,0,0,0,0,0,1,3,24.4,36.55,1,2,48.8
2494,0,0,1,1,72,1,2,0,2,2,2,2,2,2,2,0,1,90.95,6652.45,0,1,6548.400000000001
6916,1,1,1,0,37,1,0,1,0,0,0,0,0,0,0,1,0,72.25,2575.45,0,3,2673.25
6719,0,1,1,1,62,1,2,1,0,2,2,0,0,2,0,1,1,96.1,6019.35,0,1,5958.2
1094,0,0,1,0,71,1,0,2,1,1,1,1,1,1,2,0,1,19.85,1379.6,0,0,1409.3500000000001
266,1,0,0,1,23,1,0,0,0,2,0,2,0,0,0,1,0,55.3,1284.2,0,3,1271.8999999999999
2267,0,0,0,0,16,1,0,2,1,1,1,1,1,1,1,0,3,20.1,296.15,0,2,321.6
3677,1,0,0,0,9,1,0,0,2,0,2,2,2,0,0,1,3,69.5,653.25,0,3,625.5
5330,1,0,1,1,17,1,2,2,1,1,1,1,1,1,2,1,3,25.15,412.6,0,2,427.54999999999995
7037,0,0,0,0,4,1,0,2,1,1,1,1,1,1,0,0,0,20.95,85.5,1,2,83.8
1876,0,1,1,0,1,1,0,0,2,0,0,0,0,0,0,1,2,49.55,49.55,1,2,49.55
1495,0,0,1,0,24,1,2,1,0,0,2,0,0,0,0,1,3,79.65,1928.7,0,3,1911.6000000000001
2726,0,1,0,0,1,1,0,1,0,0,0,0,0,0,0,1,2,71.25,71.25,0,3,71.25
2280,1,1,0,0,72,1,2,1,2,2,2,2,2,2,2,0,0,113.8,7845.8,0,1,8193.6
3760,0,0,1,0,72,1,2,2,1,1,1,1,1,1,2,0,2,24.55,1750.7,0,0,1767.6000000000001
4478,0,0,0,1,11,1,0,2,1,1,1,1,1,1,0,0,1,19.7,216.2,0,2,216.7
2866,1,0,0,0,9,1,0,2,1,1,1,1,1,1,0,0,3,20.25,178.5,1,2,182.25
5369,0,1,1,0,2,1,0,0,0,2,0,0,0,0,0,0,1,50.15,115.1,1,2,100.3
345,0,1,1,0,60,1,2,1,0,0,2,0,2,2,1,1,1,100.5,6029.0,0,1,6030.0
1205,1,1,1,0,29,1,2,1,0,2,2,0,0,2,0,1,2,95.9,2745.2,1,3,2781.1000000000004
329,0,0,0,0,49,1,0,0,0,0,2,2,2,2,2,1,0,74.45,3721.9,0,1,3648.05
1429,0,1,0,0,30,1,2,1,0,2,2,0,2,2,0,1,2,104.1,3121.1,0,3,3123.0
6649,0,0,1,0,53,1,0,2,1,1,1,1,1,1,1,0,1,19.05,990.45,0,0,1009.6500000000001
5844,1,0,0,1,39,1,2,2,1,1,1,1,1,1,2,0,3,25.0,1004.35,0,0,975.0
1339,0,0,0,0,9,1,0,2,1,1,1,1,1,1,0,0,3,19.05,157.65,0,2,171.45000000000002
6854,1,0,0,0,39,1,0,1,0,0,2,2,0,0,1,0,2,81.9,3219.75,0,3,3194.1000000000004
687,1,1,0,0,8,1,0,1,0,0,0,0,0,0,0,1,2,69.7,572.85,0,3,557.6
6629,0,0,1,1,51,1,2,1,0,0,2,0,0,2,1,1,2,90.15,4554.85,0,1,4597.650000000001
98,1,0,1,1,71,1,2,2,1,1,1,1,1,1,2,0,1,25.35,1847.55,0,0,1799.8500000000001
4044,1,1,0,0,71,1,2,2,1,1,1,1,1,1,2,1,3,24.65,1766.75,0,0,1750.1499999999999
2011,0,1,1,0,70,1,0,2,1,1,1,1,1,1,2,1,1,19.55,1462.05,0,0,1368.5
412,0,1,0,0,1,0,1,0,0,0,0,0,0,0,0,0,2,25.25,25.25,1,2,25.25
5763,1,0,1,0,38,0,1,0,2,2,0,2,2,2,2,1,0,60.0,2193.2,0,0,2280.0
6186,0,0,1,0,28,1,0,1,0,2,2,0,0,2,0,0,1,89.9,2433.5,0,3,2517.2000000000003
4884,0,0,1,0,32,1,0,2,1,1,1,1,1,1,0,0,0,19.4,641.15,0,2,620.8
2838,1,1,1,0,49,1,0,0,0,2,0,0,0,0,2,0,3,49.8,2398.4,0,0,2440.2
5991,0,0,1,1,37,1,2,2,1,1,1,1,1,1,2,1,0,24.1,861.85,0,0,891.7
2520,0,0,0,0,10,1,0,0,0,0,2,2,0,0,0,0,2,54.25,583.0,0,2,542.5
540,1,0,1,0,67,1,2,1,2,2,2,0,2,2,1,0,1,109.9,7332.4,0,1,7363.3
1548,1,0,0,0,7,0,1,0,0,0,2,2,0,0,1,1,1,35.5,249.55,0,2,248.5
785,0,0,0,0,51,1,0,1,0,0,0,0,2,2,1,0,1,87.55,4475.9,0,1,4465.05
4548,0,0,0,0,9,1,0,0,0,0,0,0,0,0,0,0,2,45.15,416.45,1,2,406.34999999999997
3236,0,0,0,0,9,1,0,1,0,0,0,0,2,2,0,1,3,88.4,788.6,0,3,795.6
4438,1,0,0,0,4,1,0,0,0,0,0,2,0,0,0,1,3,50.8,202.3,0,2,203.2
1058,1,0,1,0,71,1,2,1,2,2,2,0,2,0,2,1,2,99.0,6994.6,0,1,7029.0
2234,0,0,1,1,50,1,2,1,0,0,0,0,2,0,0,1,0,84.4,4116.15,1,1,4220.0
5560,0,1,1,1,24,1,0,1,0,0,2,0,2,2,2,1,2,96.55,2263.45,0,3,2317.2
933,1,0,1,0,22,1,0,0,2,0,0,0,2,0,1,1,0,59.75,1374.35,0,3,1314.5
1770,1,0,0,0,44,1,2,1,2,2,2,0,2,2,0,1,2,111.5,4915.15,0,1,4906.0
3865,0,0,1,1,33,1,2,2,1,1,1,1,1,1,0,0,0,24.25,838.5,0,2,800.25
6234,0,0,0,0,1,1,2,1,0,0,0,0,0,0,0,1,2,75.1,75.1,1,3,75.1
6599,0,0,1,0,54,1,2,0,0,0,0,0,2,2,1,1,1,70.15,3715.65,1,1,3788.1000000000004
1168,1,0,0,0,42,1,2,1,0,2,0,0,2,2,0,1,2,101.75,4273.45,1,1,4273.5
5559,0,0,0,0,1,1,0,0,0,0,0,0,0,0,0,0,2,45.8,45.8,1,2,45.8
6865,0,0,0,0,1,1,0,2,1,1,1,1,1,1,0,0,3,20.5,20.5,0,2,20.5
1625,1,0,0,0,30,1,0,0,2,2,0,2,2,0,1,0,2,70.4,2044.75,0,3,2112.0
4729,0,0,0,0,1,0,1,0,0,0,0,2,0,0,0,0,3,30.55,30.55,0,2,30.55
4587,1,0,1,1,16,1,2,0,2,2,0,2,2,2,0,0,2,84.9,1398.25,0,3,1358.4
855,1,0,0,0,1,1,0,2,1,1,1,1,1,1,0,1,3,20.1,20.1,1,2,20.1
568,1,0,1,0,9,0,1,0,0,0,0,2,2,0,0,0,3,40.65,328.95,1,2,365.84999999999997
3094,1,1,1,0,46,1,2,1,0,0,2,0,2,2,0,1,2,101.0,4680.05,1,1,4646.0
2601,1,0,0,0,1,1,0,1,0,0,0,0,0,0,0,1,2,69.1,69.1,1,3,69.1
5462,1,0,1,0,71,1,0,0,2,0,0,2,0,0,2,0,0,54.5,3778.2,0,0,3869.5
1962,1,0,0,0,43,1,2,1,0,0,0,0,0,0,0,1,1,75.35,3161.4,0,1,3240.0499999999997
5149,1,0,1,0,50,0,1,0,2,0,0,2,2,0,1,1,0,44.45,2188.45,0,0,2222.5
4173,0,0,0,0,13,1,2,1,0,0,0,0,0,0,0,1,3,75.0,999.45,1,3,975.0
4859,1,0,1,1,19,1,0,1,0,2,0,2,2,2,1,0,0,100.0,1888.65,1,3,1900.0
3776,0,0,0,0,41,1,2,1,0,0,2,0,2,2,0,0,0,98.05,3990.6,0,1,4020.0499999999997
6670,0,1,0,0,1,1,0,1,0,0,0,0,0,0,0,1,2,71.15,71.15,1,3,71.15
4289,0,0,0,0,24,0,1,0,0,2,2,0,2,2,0,1,1,54.15,1240.25,1,3,1299.6
1457,0,0,1,0,40,1,2,0,0,2,0,0,2,0,1,0,0,63.9,2635.0,0,0,2556.0
5095,0,0,1,1,3,1,2,0,0,2,2,0,2,0,0,1,0,69.15,235.0,0,3,207.45000000000002
5006,0,0,0,0,37,1,2,0,2,0,0,0,2,0,1,0,0,64.65,2347.85,0,3,2392.05
789,0,0,1,1,67,1,2,1,2,0,2,2,2,2,2,1,1,108.75,7156.2,1,1,7286.25
4318,0,0,1,1,32,1,2,1,0,2,0,0,2,2,0,1,2,98.85,3089.6,0,3,3163.2
2194,0,0,1,0,6,1,0,0,0,0,0,2,0,0,0,1,2,49.15,270.8,1,2,294.9
3391,0,0,1,1,32,1,2,1,2,0,0,0,2,0,0,0,2,89.6,2901.8,0,3,2867.2
5220,0,0,0,0,59,1,2,1,0,2,2,0,0,0,0,1,2,83.25,4949.1,0,1,4911.75
782,0,0,1,0,30,1,0,0,0,2,2,2,0,2,1,0,0,70.25,2198.9,0,3,2107.5
3984,1,0,0,1,20,1,0,2,1,1,1,1,1,1,0,1,2,19.4,374.5,1,2,388.0
2689,0,0,1,1,27,1,2,2,1,1,1,1,1,1,2,0,2,24.5,761.95,0,2,661.5
3389,0,1,0,0,20,1,2,1,2,0,0,0,0,0,0,1,2,79.15,1520.9,1,3,1583.0
6667,1,0,0,1,9,1,0,2,1,1,1,1,1,1,1,0,3,20.1,190.25,0,2,180.9
2959,0,0,1,1,68,1,2,0,2,2,2,0,2,0,1,1,1,73.0,5163.0,0,1,4964.0
6498,0,0,1,1,69,1,2,0,2,0,0,2,0,0,2,0,1,61.4,4059.85,0,1,4236.599999999999
3522,1,0,0,0,26,1,2,1,0,0,2,2,0,0,0,1,3,84.3,2281.6,0,3,2191.7999999999997
6714,1,0,1,1,69,1,0,2,1,1,1,1,1,1,2,0,0,19.9,1356.7,0,0,1373.1
4759,1,0,0,0,11,1,0,2,1,1,1,1,1,1,2,0,3,20.4,231.45,0,2,224.39999999999998
1427,1,0,0,0,1,1,2,0,0,0,0,0,0,0,0,0,3,50.75,50.75,0,2,50.75
2615,1,0,1,1,10,1,0,2,1,1,1,1,1,1,1,0,3,20.45,242.4,0,2,204.5
3439,0,0,1,1,55,1,2,0,2,2,0,2,0,2,1,1,0,75.75,4264.25,0,1,4166.25
6495,1,0,0,0,44,1,0,0,2,0,0,2,2,0,1,0,2,65.4,2774.55,0,0,2877.6000000000004
4943,1,1,1,0,46,1,0,1,0,0,0,0,0,2,0,1,2,80.4,3605.2,1,1,3698.4
5193,1,0,1,1,69,1,0,0,2,2,2,0,0,0,2,1,0,59.75,4069.9,0,1,4122.75
3753,1,1,0,0,11,1,0,1,0,0,0,0,0,2,0,1,2,78.5,874.2,0,3,863.5
4747,0,0,1,0,11,1,2,1,0,2,0,0,2,2,0,1,2,102.0,1145.35,1,3,1122.0
446,1,0,0,0,29,1,0,0,0,0,2,0,0,0,0,0,0,48.95,1323.7,0,2,1419.5500000000002
6002,0,0,1,0,57,1,2,1,2,0,0,0,2,2,0,1,2,99.65,5497.05,0,1,5680.05
4842,1,0,0,0,28,1,0,2,1,1,1,1,1,1,1,0,1,18.25,534.7,0,2,511.0
753,0,0,0,0,42,1,0,0,2,0,2,0,0,0,0,0,1,54.55,2455.05,0,0,2291.1
1960,0,0,0,0,2,1,0,2,1,1,1,1,1,1,0,0,3,20.65,38.7,1,2,41.3
5915,1,0,0,1,23,0,1,0,2,2,0,2,0,0,1,0,0,40.65,947.4,0,2,934.9499999999999
4985,0,0,1,1,18,1,0,2,1,1,1,1,1,1,0,0,3,20.45,357.0,0,2,368.09999999999997
3692,1,0,1,1,62,1,2,2,1,1,1,1,1,1,1,0,0,24.8,1476.25,0,0,1537.6000000000001
661,0,0,0,0,1,1,0,1,0,0,0,0,0,0,0,1,3,70.8,70.8,1,3,70.8
1323,1,0,0,0,16,1,2,1,0,0,0,2,0,2,0,1,1,89.05,1448.6,1,3,1424.8
6393,0,0,0,0,3,1,2,1,0,0,0,0,2,2,0,1,2,96.6,291.9,1,3,289.79999999999995
4506,1,0,0,0,67,1,2,0,2,2,2,2,2,2,1,1,0,88.8,5903.15,0,1,5949.599999999999
2538,1,0,0,0,62,1,0,2,1,1,1,1,1,1,2,1,1,20.05,1201.65,0,0,1243.1000000000001
4814,0,0,1,0,57,1,2,1,0,2,2,0,2,2,0,1,1,104.5,5921.35,1,1,5956.5
2008,1,0,0,0,2,1,0,1,0,0,0,0,0,0,0,1,2,69.8,146.65,0,3,139.6
2149,0,0,1,1,23,1,2,0,2,0,2,2,2,0,2,1,0,77.15,1759.4,0,3,1774.45
107,0,0,0,1,25,0,1,0,2,0,0,2,0,0,2,0,0,35.05,844.45,0,2,876.2499999999999
5076,0,1,0,0,72,1,2,1,0,2,2,2,2,2,2,1,0,108.1,7774.05,0,1,7783.2
2437,0,0,1,0,2,1,2,1,0,0,0,0,2,0,0,1,2,84.05,134.05,0,3,168.1
2029,0,0,0,0,8,1,0,2,1,1,1,1,1,1,1,1,0,20.2,140.95,0,2,161.6
6068,0,0,0,0,5,1,2,0,0,0,0,0,0,0,0,1,3,50.6,249.95,1,2,253.0
3494,1,0,0,0,35,0,1,0,0,0,2,0,2,2,0,0,2,49.2,1701.65,0,0,1722.0
4095,1,0,0,0,24,1,2,2,1,1,1,1,1,1,1,0,2,24.6,592.65,0,2,590.4000000000001
342,0,0,1,1,2,1,0,1,0,0,0,0,0,0,0,1,2,71.65,135.75,0,3,143.3
2077,1,0,1,1,72,1,2,1,2,2,2,2,0,2,2,1,1,104.9,7732.65,0,1,7552.8
6922,0,0,0,0,41,1,2,1,2,2,2,2,2,0,0,1,2,106.5,4282.4,0,1,4366.5
1647,1,0,0,1,4,1,0,0,2,0,0,0,0,0,0,0,2,49.35,219.65,1,2,197.4
6380,1,0,0,0,26,1,0,1,0,2,0,0,0,0,1,0,0,75.5,2018.1,0,3,1963.0
1813,1,0,0,0,7,1,0,1,0,2,0,0,2,2,0,1,2,94.25,669.0,1,3,659.75
3373,0,0,1,0,1,1,0,1,0,0,0,0,0,0,0,1,2,68.95,68.95,1,3,68.95
1059,0,0,1,1,4,1,2,0,0,2,0,2,0,0,0,1,3,58.5,224.85,0,2,234.0
4491,1,0,0,0,48,1,0,0,0,2,2,2,2,2,2,0,1,78.9,3771.5,0,1,3787.2000000000003
3087,1,1,0,0,2,1,2,1,0,0,0,0,2,2,0,1,2,93.85,196.75,1,3,187.7
3081,0,1,1,0,12,1,0,0,2,0,2,2,2,2,1,1,2,79.2,943.85,0,3,950.4000000000001
1733,1,0,1,0,60,1,2,1,2,0,2,2,2,2,0,1,0,109.45,6572.85,0,1,6567.0
280,1,0,0,0,55,1,0,0,2,0,2,2,0,0,2,1,2,59.2,3175.85,0,0,3256.0
1227,1,0,0,0,1,0,1,0,0,0,0,2,0,0,0,0,3,29.15,29.15,0,2,29.15
5045,1,0,0,0,1,1,0,2,1,1,1,1,1,1,0,0,3,20.05,20.05,0,2,20.05
5987,1,0,0,0,4,1,2,1,0,0,0,0,0,0,0,1,2,76.05,318.9,1,3,304.2
6454,1,0,0,0,1,0,1,0,0,0,0,0,0,0,0,1,3,24.45,24.45,1,2,24.45
3218,0,0,0,0,42,1,0,0,0,0,2,2,0,2,2,0,1,66.5,2762.75,0,0,2793.0
6283,0,0,0,0,1,1,0,0,2,0,0,0,0,0,0,0,0,49.55,49.55,0,2,49.55
5295,1,0,0,0,7,1,2,1,0,0,2,0,2,0,0,1,1,89.35,631.85,1,3,625.4499999999999
6078,1,0,0,0,3,1,0,1,0,0,2,0,0,0,0,1,1,73.6,232.5,0,3,220.79999999999998
6602,0,0,1,0,72,1,2,0,2,2,2,0,2,2,2,1,1,82.65,5919.35,0,1,5950.8
292,1,0,0,0,15,1,2,0,0,0,0,0,0,0,0,1,2,49.0,749.25,0,2,735.0
2056,1,0,1,0,4,1,0,1,0,0,0,0,2,0,0,1,2,80.35,307.4,1,3,321.4
4737,0,0,0,0,11,1,2,2,1,1,1,1,1,1,1,0,2,25.2,245.15,0,2,277.2
1225,0,0,0,0,5,1,2,2,1,1,1,1,1,1,0,0,3,25.45,134.75,0,2,127.25
2949,0,1,0,0,1,1,0,0,2,0,2,0,0,0,0,1,2,55.8,55.8,1,2,55.8
6576,1,0,1,0,72,1,2,1,2,0,2,2,2,2,2,1,1,110.9,8240.85,0,1,7984.8
2471,0,0,1,0,55,1,2,1,0,2,0,0,0,0,0,1,1,77.75,4266.4,0,1,4276.25
1443,0,0,1,1,40,1,2,2,1,1,1,1,1,1,0,1,2,26.2,1077.5,0,0,1048.0
4116,0,0,1,0,57,1,0,2,1,1,1,1,1,1,2,0,0,19.9,1115.6,0,0,1134.3
4225,1,0,0,0,1,1,0,1,0,0,0,0,2,0,0,1,2,79.05,79.05,1,3,79.05
468,1,0,1,0,1,1,0,1,2,0,0,0,2,2,0,1,2,95.0,95.0,1,3,95.0
5874,0,0,0,0,1,0,1,0,0,0,0,0,0,0,0,0,3,25.2,25.2,1,2,25.2
902,1,1,1,1,52,1,2,0,0,2,2,0,2,2,1,1,2,80.85,4079.55,0,1,4204.2
1263,1,1,0,0,41,1,2,1,0,0,2,0,2,2,0,1,2,98.4,4187.75,1,1,4034.4
4950,1,0,1,0,43,1,0,0,0,0,0,0,2,0,1,1,3,56.35,2391.15,0,0,2423.05
3330,0,0,1,1,47,1,0,2,1,1,1,1,1,1,2,0,0,19.3,890.5,0,0,907.1
6786,1,0,0,0,3,1,2,0,0,0,0,0,0,0,0,0,0,50.4,137.25,0,2,151.2
6094,1,1,1,1,66,1,2,0,2,2,2,2,2,0,2,0,1,79.4,5154.6,1,1,5240.400000000001
918,1,0,1,1,55,1,0,0,0,0,2,2,0,0,2,1,1,55.25,3119.9,0,0,3038.75
6270,1,0,0,0,29,1,0,2,1,1,1,1,1,1,1,0,3,19.1,529.5,0,2,553.9000000000001
6222,0,0,0,1,12,1,2,1,0,0,0,0,2,0,0,1,2,84.05,966.55,0,3,1008.5999999999999
1017,0,0,1,0,66,1,2,1,0,2,2,0,2,2,0,1,2,105.2,6936.85,0,1,6943.2
3503,1,1,0,0,35,1,2,1,0,0,2,0,2,2,0,1,2,101.4,3496.3,1,1,3549.0
5923,1,1,1,0,10,1,2,1,0,0,2,0,0,2,0,1,2,89.8,914.3,1,3,898.0
39,1,0,1,1,27,1,2,1,0,0,0,0,0,0,0,1,0,75.75,1929.0,0,3,2045.25
1643,0,0,0,0,58,1,0,1,0,0,0,2,2,2,0,1,2,95.3,5817.7,0,1,5527.4
1171,1,0,1,0,54,1,0,1,2,2,2,2,2,2,2,0,0,109.75,6110.2,1,1,5926.5
196,1,0,0,0,9,1,0,2,1,1,1,1,1,1,0,0,3,19.85,178.8,0,2,178.65
4676,1,0,0,0,2,1,0,2,1,1,1,1,1,1,1,0,1,19.3,28.3,1,2,38.6
2414,1,0,0,0,6,1,0,1,0,0,0,0,0,0,0,1,2,69.1,435.0,0,3,414.59999999999997
4769,0,1,0,0,26,1,0,1,0,0,0,0,2,2,0,1,2,91.25,2351.8,1,3,2372.5
4452,0,0,0,0,9,1,0,2,1,1,1,1,1,1,0,0,3,20.25,186.15,0,2,182.25
2986,1,0,1,0,8,1,0,0,0,2,2,0,0,0,0,1,3,54.75,445.85,0,2,438.0
1041,1,0,0,0,12,1,0,1,0,0,0,0,2,0,0,1,2,81.45,912.0,0,3,977.4000000000001
6077,0,0,0,0,15,1,2,0,0,0,0,0,0,0,0,1,2,49.1,679.55,1,2,736.5
5586,1,0,1,0,43,1,2,0,2,0,2,0,2,2,1,1,2,80.2,3581.6,0,1,3448.6
1925,1,0,0,0,42,1,2,1,0,0,0,2,2,2,0,1,2,100.3,4222.95,0,1,4212.599999999999
2035,0,0,0,0,31,1,2,0,2,0,2,2,0,0,0,0,1,65.25,1994.3,1,3,2022.75
5656,0,0,0,1,66,1,2,1,2,0,2,2,0,0,2,1,1,90.95,5930.05,0,1,6002.7
4182,0,1,0,0,18,1,2,1,0,2,0,2,0,0,0,1,2,85.45,1505.85,1,3,1538.1000000000001
5472,1,0,0,0,1,1,0,2,1,1,1,1,1,1,0,0,3,20.0,20.0,0,2,20.0
1740,1,0,1,0,61,1,2,1,0,2,0,2,2,0,2,1,2,94.1,5638.3,1,1,5740.099999999999
6879,1,0,0,0,10,1,2,1,0,2,0,0,0,0,0,0,2,79.85,797.25,0,3,798.5
6103,1,1,0,0,1,1,0,1,0,0,0,0,0,0,0,1,2,71.65,71.65,1,3,71.65
442,0,1,0,0,18,1,0,1,0,2,0,0,0,0,0,1,2,73.55,1359.45,0,3,1323.8999999999999
6086,1,0,1,0,24,1,2,1,0,2,2,0,2,2,0,1,2,104.65,2542.45,1,3,2511.6000000000004
5529,0,0,1,1,3,1,0,2,1,1,1,1,1,1,0,0,3,19.3,54.7,0,2,57.900000000000006
6763,1,0,0,0,50,1,0,2,1,1,1,1,1,1,1,0,1,20.15,989.05,0,0,1007.4999999999999
2012,1,0,1,1,1,1,0,0,0,0,0,0,0,0,0,0,2,44.55,44.55,0,2,44.55
2528,1,0,0,0,2,1,0,0,2,0,0,2,0,0,0,1,3,54.45,87.3,0,2,108.9
6052,1,0,0,0,17,1,0,2,1,1,1,1,1,1,1,1,0,19.65,351.55,0,2,334.04999999999995
4849,1,0,1,1,69,1,2,1,0,2,2,0,2,2,2,1,2,105.0,7297.75,0,1,7245.0
4761,1,0,1,0,72,1,2,0,2,2,2,2,2,2,2,1,1,88.7,6301.7,0,1,6386.400000000001
6552,0,0,0,0,3,1,2,1,0,0,0,0,0,0,0,1,2,74.25,210.3,1,3,222.75
3008,1,1,1,1,50,1,2,0,2,2,2,0,0,2,2,1,0,75.15,3822.45,0,1,3757.5000000000005
6690,0,0,0,0,53,1,0,2,1,1,1,1,1,1,2,0,3,20.25,1048.45,0,0,1073.25
6239,0,0,1,0,58,1,2,1,2,2,0,2,2,2,2,1,1,109.1,6393.65,0,1,6327.799999999999
4380,1,0,0,0,46,0,1,0,2,0,0,0,0,0,1,1,0,30.75,1489.3,0,0,1414.5
6664,1,1,1,0,72,1,2,1,2,2,2,2,2,2,0,1,1,112.9,8061.5,0,1,8128.8
1236,0,1,0,0,1,1,2,1,0,0,0,0,0,0,0,1,2,74.2,74.2,1,3,74.2
4354,0,0,1,1,6,1,2,1,0,2,2,0,2,0,0,1,3,94.05,518.75,0,3,564.3
6400,1,0,1,0,72,1,2,0,2,2,2,2,0,2,2,0,0,78.85,5763.15,0,1,5677.2
4541,1,0,0,0,4,1,0,0,0,0,0,0,0,2,0,1,3,55.3,238.5,0,2,221.2
2527,0,0,1,1,52,1,0,2,1,1,1,1,1,1,2,0,3,19.35,1031.7,0,0,1006.2
2250,1,0,1,1,0,1,2,2,1,1,1,1,1,1,2,0,3,25.35,1397.475,0,2,0.0
4876,0,0,0,0,2,1,0,2,1,1,1,1,1,1,1,0,3,20.45,34.8,0,2,40.9
6180,0,0,1,0,65,1,0,2,1,1,1,1,1,1,2,0,0,19.35,1319.95,0,0,1257.75
5938,1,1,1,0,43,1,2,1,0,2,0,0,2,2,0,1,2,101.0,4388.4,1,1,4343.0
1819,1,0,1,0,4,1,2,1,0,2,0,0,2,2,0,1,2,100.2,420.2,1,3,400.8
4933,1,1,1,0,25,1,2,1,2,0,0,0,0,2,1,1,2,89.05,2177.45,1,3,2226.25
3228,0,0,1,0,51,1,2,0,0,2,0,2,2,2,1,1,1,78.65,3950.85,0,1,4011.15
6474,1,0,0,0,12,1,2,0,0,0,2,0,2,2,0,0,0,74.75,827.05,0,3,897.0
1600,0,0,1,1,57,1,0,0,2,0,0,0,2,2,1,1,0,70.1,3913.3,1,1,3995.7
5821,0,0,1,1,24,1,0,2,1,1,1,1,1,1,1,0,3,19.9,533.5,0,2,477.59999999999997
4878,0,0,1,0,64,1,2,0,0,0,2,2,0,0,1,0,0,58.35,3756.45,0,0,3734.4
2761,0,0,0,0,4,1,0,1,0,2,2,2,2,2,1,1,2,105.65,443.9,1,3,422.6
5480,0,0,0,0,26,1,2,1,0,0,2,0,2,2,0,1,0,100.5,2599.95,0,3,2613.0
5948,0,0,1,1,15,1,0,2,1,1,1,1,1,1,0,0,3,20.05,284.3,0,2,300.75
732,1,1,1,0,64,1,2,2,1,1,1,1,1,1,2,0,1,25.65,1740.8,0,0,1641.6
2837,1,1,1,0,36,1,2,1,0,2,0,0,2,2,0,1,2,96.5,3436.1,1,1,3474.0
816,0,0,1,0,27,1,2,1,0,0,0,0,2,2,0,0,1,95.0,2462.55,0,3,2565.0
550,1,1,1,0,1,1,0,1,0,0,0,0,0,0,0,0,3,70.85,70.85,1,3,70.85
2517,0,0,0,0,35,1,2,0,2,0,2,2,2,2,1,1,1,85.95,3110.1,1,3,3008.25
2,1,0,0,0,4,1,0,1,0,0,2,0,0,0,0,1,2,73.9,280.85,1,3,295.6
1201,0,0,1,1,8,1,0,0,0,0,0,0,0,0,0,1,2,45.45,411.75,0,2,363.6
5984,1,0,0,0,10,1,0,2,1,1,1,1,1,1,0,1,1,20.0,198.6,0,2,200.0
6225,0,0,0,0,2,1,0,0,0,2,0,0,0,0,0,0,3,49.2,103.7,0,2,98.4
3590,0,0,1,0,58,1,2,1,2,2,2,0,2,2,2,1,0,109.45,6144.55,1,1,6348.1
4553,1,0,1,0,51,1,0,0,2,2,2,2,2,2,2,1,1,83.25,4089.45,0,1,4245.75
117,0,0,1,1,46,1,0,2,1,1,1,1,1,1,2,1,3,19.25,864.2,0,0,885.5
5182,1,0,0,0,1,1,0,2,1,1,1,1,1,1,0,1,0,19.65,19.65,0,2,19.65
5067,1,0,0,0,46,1,2,1,0,0,0,0,0,0,0,0,0,72.8,3249.4,0,1,3348.7999999999997
144,0,0,1,0,50,1,2,1,2,2,0,2,2,2,0,1,0,109.65,5405.8,0,1,5482.5
5464,1,0,1,1,53,1,0,0,0,2,0,2,2,0,0,0,1,65.0,3363.8,0,0,3445.0
4766,1,0,1,0,61,1,2,1,0,2,2,2,2,2,0,1,2,114.1,7132.15,0,1,6960.099999999999
2570,1,0,0,0,5,1,0,2,1,1,1,1,1,1,0,0,0,20.65,93.55,0,2,103.25
571,1,0,0,0,47,1,0,0,2,2,2,2,2,2,1,1,0,86.95,4138.9,0,1,4086.65
1179,0,0,0,0,54,1,2,1,0,2,2,0,2,0,1,1,0,94.75,5121.75,0,1,5116.5
6952,1,0,0,1,19,0,1,0,0,0,0,0,0,0,0,1,1,25.35,566.1,0,2,481.65000000000003
320,0,0,0,1,26,1,0,1,0,2,2,2,2,2,2,1,2,105.45,2715.3,0,3,2741.7000000000003
4141,1,0,1,1,70,1,2,2,1,1,1,1,1,1,2,0,3,25.4,1782.05,0,0,1778.0
237,1,0,1,0,17,1,2,1,0,2,2,0,2,2,0,1,2,102.55,1742.5,0,3,1743.35
3387,0,0,0,0,30,1,2,1,0,2,0,0,2,2,0,1,2,100.2,2983.8,1,3,3006.0
4046,0,0,0,1,1,1,2,2,1,1,1,1,1,1,0,0,3,24.0,24.0,0,2,24.0
2183,0,0,1,1,19,1,2,2,1,1,1,1,1,1,2,0,3,25.6,485.9,0,2,486.40000000000003
3474,0,0,1,0,26,1,0,0,0,2,2,0,2,2,2,1,1,73.5,1905.7,0,3,1911.0
963,0,0,1,1,21,1,0,1,0,2,0,0,0,0,0,1,0,74.05,1565.7,1,3,1555.05
938,1,0,1,0,50,1,2,1,0,2,0,0,2,2,1,1,2,98.25,4858.7,0,1,4912.5
756,0,0,1,0,68,0,1,0,2,0,2,0,2,2,1,1,2,54.4,3723.65,0,0,3699.2
3764,1,0,0,0,3,1,2,1,0,0,2,0,2,2,0,1,0,101.55,298.35,1,3,304.65
1356,1,0,1,1,9,1,0,1,0,0,2,2,2,2,0,0,2,103.1,970.45,0,3,927.9
5217,0,0,1,1,51,0,1,0,2,0,0,2,0,0,2,0,0,34.2,1782.0,0,0,1744.2
3190,0,0,0,0,9,1,0,0,0,0,0,0,0,0,0,1,2,43.75,405.7,0,2,393.75
1654,1,1,1,1,41,1,2,1,0,2,2,2,2,2,1,1,2,111.95,4534.9,1,1,4589.95
5242,1,0,0,0,22,1,2,1,0,2,0,0,2,2,0,1,2,100.65,2415.95,0,3,2214.3
2009,0,0,1,1,21,0,1,0,2,0,2,0,2,2,1,1,2,55.95,1157.05,1,3,1174.95
1512,1,0,1,1,71,1,2,1,2,2,2,2,2,2,2,1,0,116.05,8297.5,0,1,8239.55
5228,1,0,0,0,1,1,0,0,0,0,0,0,0,0,0,0,2,45.75,45.75,1,2,45.75
6655,1,0,1,1,26,1,2,0,0,0,2,2,2,2,1,1,1,82.0,2083.1,0,3,2132.0
1472,1,0,1,0,71,1,2,0,2,2,0,2,0,0,2,0,0,65.15,4681.75,0,1,4625.650000000001
6573,1,0,0,0,4,1,0,0,0,0,0,0,0,0,0,1,1,44.8,176.2,0,2,179.2
5762,0,0,0,0,12,1,2,1,2,0,0,0,0,0,0,1,2,79.8,1001.2,0,3,957.5999999999999
3149,0,0,1,0,18,1,2,1,0,0,0,2,2,0,0,1,2,88.85,1594.75,0,3,1599.3
2871,0,0,0,0,3,1,2,1,0,0,0,0,0,0,0,1,2,74.95,212.4,0,3,224.85000000000002
2665,0,1,1,0,72,1,2,1,2,2,0,0,2,2,1,1,0,106.85,7677.4,0,1,7693.2
3138,1,0,0,0,11,1,0,1,0,2,0,0,0,0,0,0,2,74.95,815.5,1,3,824.45
4315,0,0,0,0,1,1,0,1,0,0,0,0,0,2,0,0,1,80.15,80.15,1,3,80.15
1773,1,0,0,0,13,1,0,2,1,1,1,1,1,1,1,0,1,19.3,259.65,0,2,250.9
2730,0,0,1,0,72,1,2,1,0,2,2,2,2,2,1,1,2,109.25,8109.8,1,1,7866.0
5672,1,0,1,0,42,1,2,0,2,0,0,0,0,0,1,0,1,56.1,2386.85,0,0,2356.2000000000003
2694,0,0,0,0,17,1,0,2,1,1,1,1,1,1,0,0,1,19.7,340.35,0,2,334.9
4114,0,1,0,0,7,1,0,0,0,2,0,0,0,0,0,1,3,51.3,419.35,0,2,359.09999999999997
4247,0,0,1,0,68,1,2,1,2,2,2,2,2,2,2,0,3,118.6,7990.05,0,1,8064.799999999999
3511,1,0,1,1,56,1,2,2,1,1,1,1,1,1,2,0,0,24.15,1402.25,0,0,1352.3999999999999
6059,0,0,1,1,38,1,0,2,1,1,1,1,1,1,1,0,3,20.3,749.35,0,0,771.4
5687,0,0,1,1,72,1,2,1,2,2,2,2,2,2,2,1,2,115.5,8425.15,0,1,8316.0
1603,0,0,0,0,48,1,2,2,1,1,1,1,1,1,1,0,1,25.05,1171.5,0,0,1202.4
6534,0,1,1,0,52,1,2,1,2,2,2,0,2,2,0,1,2,109.1,5647.95,0,1,5673.2
5684,0,0,1,1,35,1,0,2,1,1,1,1,1,1,1,0,3,19.65,708.8,0,0,687.75
1904,1,0,1,0,67,1,2,1,0,2,2,2,2,2,2,1,0,111.3,7567.2,0,1,7457.099999999999
4262,0,0,0,0,1,0,1,0,2,0,0,0,0,0,0,0,3,29.9,29.9,0,2,29.9
3700,1,0,0,0,53,1,0,1,0,2,0,2,0,0,0,1,3,80.6,4348.1,0,1,4271.799999999999
3370,1,0,1,1,34,1,0,2,1,1,1,1,1,1,0,0,3,20.8,635.9,0,2,707.2
4077,0,0,0,0,3,0,1,0,0,0,0,0,2,0,0,0,1,35.2,108.95,1,2,105.60000000000001
4523,0,0,1,0,1,1,0,1,0,0,0,0,2,0,0,0,2,78.8,78.8,1,3,78.8
1449,1,0,0,0,19,1,0,1,0,0,2,2,2,0,0,0,3,89.95,1682.4,0,3,1709.05
5875,0,1,1,0,60,1,2,1,2,2,2,2,2,2,2,1,0,116.05,6925.9,0,1,6963.0
748,1,0,0,0,11,1,0,2,1,1,1,1,1,1,2,0,1,19.55,223.15,0,2,215.05
6314,0,0,0,0,47,1,2,1,0,2,2,0,2,2,0,1,2,106.4,5127.95,1,1,5000.8
676,1,0,0,0,18,1,0,0,2,0,0,0,0,0,0,0,2,49.4,874.8,1,2,889.1999999999999
2727,0,0,1,1,60,1,2,1,2,2,2,2,2,2,2,0,1,115.25,6758.45,0,1,6915.0
6184,1,0,1,0,72,1,2,2,1,1,1,1,1,1,2,0,1,24.8,1874.3,0,0,1785.6000000000001
1191,1,0,0,0,39,1,0,2,1,1,1,1,1,1,1,0,3,19.9,791.15,0,0,776.0999999999999
2177,0,0,1,0,59,1,0,1,2,0,2,0,0,0,1,1,1,81.25,4639.45,0,1,4793.75
3975,1,0,1,1,2,1,0,1,0,0,0,0,0,0,0,0,3,69.95,143.9,0,3,139.9
2721,1,1,0,0,1,1,0,1,0,0,0,0,0,0,0,0,2,69.1,69.1,1,3,69.1
4477,1,0,1,1,20,1,0,1,0,0,0,0,2,2,0,1,2,90.2,1776.55,1,3,1804.0
6366,0,0,0,0,6,1,2,1,0,0,0,0,2,2,0,1,0,93.55,536.4,1,3,561.3
4492,1,0,0,0,71,1,2,1,0,0,2,2,0,0,2,1,1,86.4,6172.0,0,1,6134.400000000001
5648,0,0,1,0,24,1,2,0,2,2,2,0,0,0,0,0,3,66.3,1559.45,0,3,1591.1999999999998
4378,1,1,1,0,67,1,2,1,0,0,0,0,2,2,0,1,1,94.65,6079.0,0,1,6341.55
3745,1,0,0,0,1,1,0,1,0,0,0,0,0,2,0,1,3,80.85,80.85,1,3,80.85
5481,0,0,1,1,48,1,2,1,0,0,0,0,0,2,1,1,3,82.05,4029.95,1,1,3938.3999999999996
7005,0,0,1,0,37,1,2,0,0,2,0,2,0,2,1,0,3,72.1,2658.4,0,3,2667.7
5638,1,0,0,0,11,0,1,0,0,2,2,0,0,0,0,0,3,34.7,383.55,0,2,381.70000000000005
3066,1,0,1,0,3,1,0,2,1,1,1,1,1,1,0,1,1,20.55,51.15,1,2,61.650000000000006
3248,0,0,1,0,18,1,0,1,0,0,2,0,2,2,0,1,1,95.95,1745.5,0,3,1727.1000000000001
6831,1,0,1,1,50,1,0,0,0,0,0,0,0,0,1,1,0,44.8,2230.85,0,0,2240.0
6254,0,0,1,1,67,1,2,1,2,0,2,2,2,2,1,1,2,109.4,7281.6,0,1,7329.8
6255,0,0,1,0,25,1,0,0,2,2,0,2,0,2,0,1,3,71.05,1837.7,0,3,1776.25
896,0,1,0,0,2,1,2,1,0,0,2,0,0,0,0,1,2,78.55,149.55,1,3,157.1
3843,1,0,0,0,9,1,0,2,1,1,1,1,1,1,0,0,1,19.7,180.7,0,2,177.29999999999998
1175,0,0,0,1,10,0,1,0,2,2,0,2,0,0,1,0,3,40.25,411.45,0,2,402.5
5890,0,0,1,0,70,1,0,2,1,1,1,1,1,1,2,0,1,19.85,1328.35,0,0,1389.5
481,1,0,0,0,9,1,0,0,2,0,2,2,0,2,0,1,0,68.25,576.95,0,3,614.25
4057,0,0,0,0,4,1,0,2,1,1,1,1,1,1,0,1,1,20.15,68.45,0,2,80.6
4705,0,0,0,0,2,1,0,0,2,0,0,0,0,0,0,0,3,50.95,123.05,0,2,101.9
6318,0,0,0,1,1,1,0,1,0,0,0,0,0,2,0,0,2,78.65,78.65,1,3,78.65
1069,1,0,0,0,19,0,1,0,0,0,0,0,0,0,0,1,0,25.15,468.35,0,2,477.84999999999997
3364,1,0,1,1,7,1,0,2,1,1,1,1,1,1,0,1,0,20.25,174.7,0,2,141.75
4940,1,0,0,0,1,1,0,0,0,0,0,0,0,0,0,1,2,42.9,42.9,1,2,42.9
6156,1,1,0,0,1,1,0,0,0,0,0,0,0,0,0,0,2,44.0,44.0,0,2,44.0
3163,0,0,1,1,9,1,0,2,1,1,1,1,1,1,1,0,3,20.25,172.35,0,2,182.25
2692,0,0,0,0,3,0,1,0,2,0,0,2,0,0,0,0,3,34.25,139.35,1,2,102.75
3646,0,0,0,0,9,0,1,0,2,0,2,2,2,2,0,0,3,58.5,539.85,1,3,526.5
3024,0,0,0,0,5,1,0,0,2,0,2,0,0,0,0,0,1,55.8,300.4,0,2,279.0
3041,0,0,1,1,56,1,0,1,0,0,0,0,2,2,1,0,0,88.9,4968.0,0,1,4978.400000000001
3133,0,0,0,1,18,1,2,0,2,0,0,0,0,0,0,0,3,57.65,992.7,0,3,1037.7
4014,1,1,0,0,49,1,2,1,0,0,0,0,2,2,0,1,2,96.2,4718.25,1,1,4713.8
4185,1,0,1,0,70,1,2,0,2,2,2,2,2,0,2,0,3,79.15,5536.5,0,1,5540.5
6951,0,0,0,0,72,1,2,1,0,2,2,2,2,2,2,1,1,108.05,7806.6,0,1,7779.599999999999
3140,0,1,0,0,6,1,0,1,0,0,2,0,0,0,0,0,2,74.4,434.1,1,3,446.40000000000003
5131,1,1,1,0,17,1,2,1,0,0,0,0,2,2,0,1,2,94.8,1563.9,0,3,1611.6
4763,1,0,1,0,29,0,1,0,0,0,0,0,2,2,0,1,2,45.9,1332.4,0,2,1331.1
3202,0,0,1,0,6,1,2,1,0,2,2,0,2,2,0,1,2,105.3,545.2,1,3,631.8
1358,1,0,1,0,63,1,2,1,0,0,2,0,2,2,2,0,2,102.6,6296.75,0,1,6463.799999999999
3251,1,0,1,0,16,1,2,1,0,0,0,0,0,0,0,1,0,73.85,1284.2,1,3,1181.6
6218,1,0,0,0,59,1,0,0,0,0,2,0,0,2,1,1,0,61.35,3645.5,0,0,3619.65
5256,0,0,0,0,3,1,0,0,0,0,2,0,2,0,0,0,2,57.55,161.45,0,2,172.64999999999998
5265,0,0,0,0,8,0,1,0,0,2,0,0,0,0,0,1,3,29.25,226.95,0,2,234.0
6336,0,1,1,0,7,1,2,1,0,0,0,0,0,2,0,1,2,84.55,646.85,1,3,591.85
2290,0,0,0,0,68,1,0,2,1,1,1,1,1,1,2,0,1,19.6,1441.65,0,0,1332.8000000000002
1800,0,0,1,1,68,1,2,1,2,0,2,2,2,2,2,0,1,111.75,7511.3,0,1,7599.0
2582,0,1,1,0,52,1,2,1,0,2,2,0,2,2,1,1,2,106.5,5621.85,0,1,5538.0
6302,1,0,1,1,72,1,2,1,2,2,0,2,2,2,2,1,1,107.7,7919.8,0,1,7754.400000000001
4183,0,0,1,0,32,1,0,2,1,1,1,1,1,1,1,0,3,19.3,593.2,0,2,617.6
5286,0,0,1,0,72,1,0,2,1,1,1,1,1,1,2,0,0,20.05,1423.65,0,0,1443.6000000000001
2023,1,0,1,1,1,1,0,1,0,0,0,0,0,0,0,1,1,69.95,69.95,0,3,69.95
1744,1,0,1,1,42,1,0,0,2,0,0,2,0,2,1,0,1,63.7,2763.35,0,0,2675.4
6024,0,0,0,0,25,1,2,2,1,1,1,1,1,1,2,0,1,24.75,692.1,1,2,618.75
3831,1,0,0,0,45,1,0,0,2,0,0,0,0,0,0,1,0,50.9,2298.55,0,0,2290.5
2404,0,0,1,1,43,0,1,0,2,0,2,2,2,2,1,1,1,60.4,2640.55,0,0,2597.2
6758,1,0,1,0,37,1,2,0,2,0,2,0,2,2,1,0,3,79.25,2911.8,0,3,2932.25
1976,0,1,0,0,20,1,2,1,0,0,0,0,0,2,0,1,1,85.8,1727.5,1,3,1716.0
3737,0,0,0,0,4,0,1,0,0,0,0,0,0,0,0,1,2,24.45,86.6,1,2,97.8
3350,1,0,1,0,63,1,0,1,2,2,2,2,2,2,2,1,1,110.1,6705.7,0,1,6936.299999999999
294,1,0,0,0,3,1,0,1,0,0,0,0,2,2,0,0,3,90.7,237.65,0,3,272.1
4981,1,0,1,1,66,1,2,2,1,1,1,1,1,1,2,1,1,25.3,1672.35,0,0,1669.8
6265,1,0,0,0,28,1,2,1,0,2,2,0,2,2,0,1,2,105.7,2979.5,1,3,2959.6
821,0,1,0,0,8,1,2,1,0,0,0,0,0,2,0,0,2,85.2,695.75,0,3,681.6
6588,1,0,0,1,71,1,2,2,1,1,1,1,1,1,2,0,3,24.35,1654.6,0,0,1728.8500000000001
915,1,0,0,0,1,0,1,0,0,0,0,0,0,0,0,1,2,24.25,24.25,1,2,24.25
4161,0,0,1,1,72,1,2,2,1,1,1,1,1,1,2,0,0,25.1,1857.85,0,0,1807.2
5071,1,1,1,0,16,1,0,0,2,2,0,0,0,0,0,1,0,54.55,825.1,0,2,872.8
4426,1,0,1,0,66,1,2,1,2,2,2,2,0,0,2,0,3,96.6,6424.25,0,1,6375.599999999999
5414,0,0,0,0,11,1,2,1,0,0,0,0,0,0,0,1,2,76.5,837.95,1,3,841.5
4391,1,0,0,0,51,1,2,0,2,2,2,2,2,0,1,1,1,81.15,4126.2,0,1,4138.650000000001
5422,0,0,0,1,8,0,1,0,2,0,0,0,0,2,0,1,2,38.5,330.8,0,2,308.0
4964,1,0,0,0,14,1,0,1,0,0,0,0,2,2,0,1,2,92.9,1337.45,0,3,1300.6000000000001
1178,0,0,0,0,4,1,2,1,0,2,0,2,0,2,0,1,2,93.5,362.2,1,3,374.0
2080,0,0,0,0,70,1,2,0,2,2,2,0,2,2,2,0,3,84.7,5991.05,0,1,5929.0
6876,0,0,0,1,70,1,2,0,2,2,0,2,0,0,2,0,2,66.0,4891.5,0,1,4620.0
275,0,1,1,0,54,1,2,1,0,2,0,0,2,2,1,1,1,101.5,5373.1,1,1,5481.0
417,1,0,0,1,28,1,0,1,2,0,0,0,0,0,0,1,0,74.9,2068.55,1,3,2097.2000000000003
962,1,0,0,0,24,1,0,2,1,1,1,1,1,1,2,0,3,20.75,487.05,0,2,498.0
4276,0,0,1,0,69,1,0,0,0,2,0,0,0,2,2,1,1,61.45,4131.2,0,1,4240.05
4803,1,0,1,1,42,1,0,0,2,2,0,0,0,0,0,0,3,54.5,2301.15,0,0,2289.0
3746,0,1,0,0,2,1,0,1,0,0,0,0,0,0,0,1,2,69.6,131.65,1,3,139.2
284,0,1,0,0,39,1,2,1,0,0,2,0,2,2,0,1,2,99.75,4036.0,0,1,3890.25
5277,1,0,1,1,45,1,2,1,0,2,2,2,2,2,2,1,0,109.75,4900.65,0,1,4938.75
6923,1,0,1,1,72,1,2,0,2,2,2,2,2,0,2,1,0,80.85,5727.45,0,1,5821.2
395,0,0,0,0,38,1,0,2,1,1,1,1,1,1,2,0,3,20.3,743.05,0,0,771.4
4104,1,0,1,0,72,1,2,0,2,2,2,2,0,0,2,1,0,67.8,4804.65,0,1,4881.599999999999
1755,1,0,0,0,1,1,2,2,1,1,1,1,1,1,0,1,3,24.05,24.05,1,2,24.05
1784,1,0,1,1,72,1,0,2,1,1,1,1,1,1,2,1,1,19.8,1414.65,0,0,1425.6000000000001
726,1,0,1,0,55,1,2,2,1,1,1,1,1,1,2,0,0,25.7,1443.65,0,0,1413.5
510,0,0,1,1,51,0,1,0,0,0,2,2,2,2,1,1,2,56.15,2898.95,0,0,2863.65
2816,1,0,0,0,63,1,0,0,2,2,2,2,2,2,2,1,0,86.7,5309.5,0,1,5462.1
2618,0,0,0,0,1,1,0,2,1,1,1,1,1,1,0,0,3,20.4,20.4,0,2,20.4
5782,0,0,1,1,23,1,0,2,1,1,1,1,1,1,2,1,3,19.65,451.55,0,2,451.95
4748,0,0,0,0,1,1,0,0,0,2,0,0,0,0,0,0,2,50.55,50.55,1,2,50.55
6810,0,0,0,0,2,1,2,0,0,0,0,2,0,0,0,1,3,54.35,117.05,0,2,108.7
2558,0,1,0,0,52,1,2,1,2,2,2,0,2,2,0,0,1,108.1,5839.3,0,1,5621.2
6049,0,0,0,0,36,1,2,0,2,0,0,0,0,0,1,0,3,54.45,1893.5,0,0,1960.2
5507,0,0,0,0,1,1,0,0,0,0,0,0,0,0,0,0,3,45.35,45.35,0,2,45.35
6658,0,0,0,0,28,1,2,0,2,0,2,0,0,0,1,0,3,59.0,1654.45,0,3,1652.0
2064,0,0,1,1,7,1,0,0,2,2,2,0,2,0,1,0,2,69.45,477.05,0,3,486.15000000000003
4689,1,0,0,0,14,1,2,1,0,2,0,0,2,2,0,1,2,100.55,1415.55,1,3,1407.7
3030,1,1,1,0,72,0,1,0,2,2,2,2,2,2,2,1,1,64.95,4546.0,0,1,4676.400000000001
2977,0,0,1,1,1,1,0,2,1,1,1,1,1,1,0,1,3,20.5,20.5,1,2,20.5
4148,0,0,0,0,10,1,0,2,1,1,1,1,1,1,0,0,3,18.85,163.2,0,2,188.5
1146,1,0,0,0,42,1,0,2,1,1,1,1,1,1,1,0,0,19.8,849.9,0,0,831.6
913,0,0,0,0,7,0,1,0,0,0,0,0,0,0,0,0,0,25.05,189.95,0,2,175.35
2075,1,0,0,0,4,1,0,1,0,0,2,0,0,0,0,1,0,74.8,321.9,1,3,299.2
166,1,0,1,1,72,1,2,1,2,2,2,2,2,2,2,1,1,114.3,8058.55,0,1,8229.6
3969,0,0,1,0,20,0,1,0,0,0,0,0,0,0,0,1,2,24.45,482.8,1,2,489.0
3961,1,0,0,0,63,1,0,1,2,2,2,2,2,2,2,0,1,109.2,7049.75,0,1,6879.6
14,0,0,0,0,56,0,1,0,2,2,2,2,0,0,2,0,0,45.05,2560.1,0,0,2522.7999999999997
2978,0,0,0,1,5,1,0,0,0,0,0,2,0,0,0,1,3,51.0,286.8,0,2,255.0
5901,0,0,1,0,72,1,2,1,0,2,2,2,2,2,2,1,0,110.45,7982.5,0,1,7952.400000000001
2876,1,1,1,1,68,1,2,1,0,2,2,0,0,0,0,1,2,84.65,5683.6,0,1,5756.200000000001
3685,1,0,1,1,67,1,0,0,2,2,0,2,0,0,1,0,3,60.05,3994.05,0,1,4023.35
3212,1,0,1,1,8,1,0,0,0,0,0,0,0,0,0,0,0,44.65,369.15,0,2,357.2
1028,1,0,1,1,52,1,2,1,0,2,0,2,0,2,0,1,0,93.25,4631.7,0,1,4849.0
2841,0,0,1,1,18,1,0,2,1,1,1,1,1,1,0,1,3,20.25,401.95,0,2,364.5
406,0,0,1,1,59,1,2,2,1,1,1,1,1,1,2,0,3,25.45,1534.05,0,0,1501.55
1736,0,0,0,0,60,1,0,2,1,1,1,1,1,1,2,0,3,20.6,1093.0,0,0,1236.0
5796,1,0,0,0,7,1,2,1,0,0,0,0,2,2,0,1,2,94.1,701.3,0,3,658.6999999999999
6750,1,0,1,1,59,0,1,0,2,0,2,0,0,0,1,0,3,34.8,1980.3,0,0,2053.2
4147,1,0,0,0,46,0,1,0,2,0,2,2,2,2,2,1,0,60.75,2893.4,0,0,2794.5
3848,1,0,0,0,5,1,0,0,0,2,0,0,0,0,0,1,2,51.35,262.3,0,2,256.75
2309,1,1,1,0,59,0,1,0,2,0,2,2,2,2,2,1,1,64.05,3886.85,0,1,3778.95
1442,0,0,1,0,70,1,2,0,0,2,2,2,2,2,2,1,0,84.8,5917.55,0,1,5936.0
2573,0,0,0,0,14,1,0,1,0,0,0,0,0,0,0,1,1,71.0,914.0,1,3,994.0
300,0,0,0,0,44,1,2,0,0,0,0,0,0,0,0,1,3,50.15,2139.1,0,0,2206.6
1671,0,0,1,0,64,1,2,1,2,0,2,0,2,0,2,1,1,94.6,5948.7,0,1,6054.4
4807,0,0,1,1,58,0,1,0,2,0,2,2,2,2,2,0,3,59.75,3624.35,0,0,3465.5
4398,0,1,1,0,46,1,2,1,0,0,0,2,2,2,1,0,2,100.25,4753.85,0,1,4611.5
1840,1,1,1,0,58,1,2,1,0,2,0,0,2,2,0,1,2,98.9,5780.7,0,1,5736.200000000001
5792,0,0,1,0,72,1,2,1,0,2,0,0,2,2,2,1,1,97.7,6869.7,0,1,7034.400000000001
6809,0,1,0,0,30,0,1,0,0,0,2,0,2,0,0,1,2,40.3,1172.95,1,2,1209.0
5279,1,1,0,0,11,1,2,0,2,2,0,0,0,0,0,0,0,60.25,662.95,0,3,662.75
6704,0,1,0,0,34,0,1,0,0,2,2,0,2,2,0,1,2,56.25,1765.95,0,0,1912.5
3273,1,0,0,0,54,0,1,0,2,2,0,0,0,2,2,0,0,46.2,2431.95,0,0,2494.8
2328,0,0,0,0,3,0,1,0,0,2,0,0,2,2,0,1,2,50.6,155.35,1,2,151.8
5663,0,0,1,1,72,1,2,2,1,1,1,1,1,1,2,0,3,24.9,1859.2,0,0,1792.8
1987,0,0,1,1,40,1,2,1,0,0,2,2,0,0,0,1,2,84.85,3303.05,1,1,3394.0
2387,0,0,1,1,2,1,0,0,0,0,0,0,2,2,0,0,3,65.7,134.35,1,3,131.4
521,1,0,1,1,54,1,2,0,0,0,2,0,0,2,2,0,1,63.35,3409.1,0,0,3420.9
1117,0,0,0,0,14,1,0,0,2,0,0,0,0,0,0,0,0,50.1,709.5,0,2,701.4
1286,0,0,0,0,1,1,0,1,0,0,0,0,0,0,0,0,2,70.5,70.5,1,3,70.5
2119,0,0,0,0,10,1,2,1,0,2,2,0,0,2,0,1,2,94.85,953.45,1,3,948.5
243,0,0,0,0,1,1,0,0,2,0,0,0,0,0,0,0,2,50.15,50.15,0,2,50.15
5141,1,0,0,0,1,1,0,2,1,1,1,1,1,1,0,0,3,19.75,19.75,1,2,19.75
3436,1,0,0,0,56,1,2,0,2,2,0,2,0,0,1,1,0,64.65,3665.55,0,1,3620.4000000000005
6460,0,0,1,0,68,1,0,0,2,2,0,2,2,2,2,1,0,79.6,5515.8,0,1,5412.799999999999
2395,0,0,1,1,14,1,0,2,1,1,1,1,1,1,1,1,3,19.5,272.0,0,2,273.0
7004,1,0,1,1,68,1,0,1,2,0,0,2,2,2,2,1,2,99.55,6668.0,0,1,6769.4
362,1,1,1,0,55,1,2,1,0,0,0,0,0,0,0,1,2,74.0,4052.4,0,1,4070.0
4633,0,0,0,0,16,0,1,0,2,0,0,0,2,0,0,1,2,38.9,664.4,0,2,622.4
1852,1,1,0,0,9,1,0,1,0,0,0,0,0,2,0,1,2,79.55,718.55,0,3,715.9499999999999
5460,1,0,1,1,14,1,0,0,2,2,0,0,2,0,0,1,2,65.45,937.6,1,3,916.3000000000001
646,1,1,1,0,58,1,2,1,0,0,2,0,2,2,0,1,2,98.7,5812.6,1,1,5724.6
2204,1,0,0,0,53,0,1,0,2,2,0,0,0,2,0,1,0,46.3,2546.85,0,0,2453.8999999999996
911,1,0,1,0,70,1,2,1,2,2,2,0,2,0,2,1,1,99.35,6944.5,0,1,6954.5
624,0,1,1,1,14,1,2,1,0,0,0,0,2,2,0,1,2,95.8,1346.3,0,3,1341.2
431,1,0,1,1,22,1,0,0,2,0,2,2,2,0,1,1,0,67.5,1544.05,1,3,1485.0
3980,0,0,1,0,10,1,2,1,2,0,0,0,0,0,0,1,1,78.15,765.15,0,3,781.5
4397,0,0,1,1,29,1,2,2,1,1,1,1,1,1,2,0,3,26.1,692.55,0,2,756.9000000000001
5447,0,0,0,0,1,1,0,1,0,0,0,0,0,0,0,1,2,69.6,69.6,1,3,69.6
67,1,0,1,0,49,1,2,0,2,0,2,2,2,2,1,0,2,84.35,4059.35,1,1,4133.15
209,0,1,1,0,68,1,2,1,0,2,0,0,2,2,0,1,2,100.2,6851.65,1,1,6813.6
1907,0,0,0,0,1,1,0,1,0,0,0,0,2,0,0,0,2,78.05,78.05,1,3,78.05
3997,0,0,0,0,30,0,1,0,0,0,0,2,0,2,1,1,1,40.35,1187.05,0,2,1210.5
1527,0,0,1,0,72,1,2,0,2,2,2,2,2,0,2,0,1,79.2,5401.9,0,1,5702.400000000001
2705,0,0,0,0,10,1,0,2,1,1,1,1,1,1,0,1,3,20.9,247.0,0,2,209.0
819,1,0,0,0,7,1,2,1,0,0,0,0,0,0,0,0,2,73.6,520.0,1,3,515.1999999999999
2989,0,0,0,0,9,1,2,1,0,0,0,0,0,0,0,1,2,74.75,706.6,1,3,672.75
1006,0,0,0,1,1,1,0,0,2,0,0,0,0,0,0,0,3,49.9,49.9,0,2,49.9
5878,0,0,0,0,20,1,2,0,0,2,0,2,0,2,0,1,1,68.9,1370.35,0,3,1378.0
457,0,0,0,0,1,1,0,2,1,1,1,1,1,1,0,1,3,20.25,20.25,0,2,20.25
1699,0,0,0,0,29,1,2,1,0,0,0,0,0,0,0,1,1,76.0,2215.25,0,3,2204.0
6133,1,0,0,0,1,1,0,1,0,0,0,2,0,0,0,0,2,74.0,74.0,0,3,74.0
439,1,0,0,0,3,1,0,1,2,0,0,2,0,0,0,1,3,82.3,214.4,0,3,246.89999999999998
564,0,0,0,0,20,1,0,1,2,0,2,0,2,0,0,1,0,89.4,1871.15,0,3,1788.0
7031,1,0,0,1,64,1,0,1,0,2,0,2,2,2,0,1,1,99.15,6171.2,0,1,6345.6
3809,1,0,0,0,1,1,0,2,1,1,1,1,1,1,0,1,3,20.2,20.2,1,2,20.2
4699,0,0,0,0,6,0,1,0,2,0,0,0,0,0,0,0,0,29.45,161.45,0,2,176.7
410,1,0,1,0,50,1,0,2,1,1,1,1,1,1,2,0,2,19.8,1013.2,0,0,990.0
6887,1,0,0,0,6,1,0,0,2,0,0,0,0,2,0,1,0,59.15,336.7,0,3,354.9
1289,1,0,1,1,7,1,0,0,0,0,0,0,0,0,0,0,2,44.75,333.65,0,2,313.25
3706,1,0,1,1,72,1,2,1,0,0,2,0,0,2,2,1,1,90.8,6511.8,0,1,6537.599999999999
2336,1,0,1,0,8,1,0,0,0,2,0,0,0,0,0,1,0,49.55,393.45,0,2,396.4
3566,0,0,1,1,67,1,2,1,2,0,0,2,2,2,2,0,1,106.7,7009.5,0,1,7148.900000000001
6486,0,1,1,0,24,1,2,1,0,0,0,0,2,2,0,1,2,93.55,2264.05,1,3,2245.2
1484,0,0,1,0,72,1,2,1,2,2,0,0,0,2,2,1,1,94.45,6921.7,0,1,6800.400000000001
1815,1,0,1,1,33,1,0,2,1,1,1,1,1,1,1,1,0,19.45,600.25,0,2,641.85
513,1,0,0,0,2,0,1,0,0,0,0,0,0,0,0,1,2,25.05,56.35,1,2,50.1
3702,1,0,1,0,70,1,0,0,2,2,0,2,0,2,2,0,3,67.95,4664.15,0,1,4756.5
5112,0,0,0,0,22,1,0,0,0,2,2,0,2,0,1,0,0,65.25,1441.8,0,3,1435.5
4703,0,0,0,0,59,1,2,1,2,2,2,0,0,2,0,1,0,99.45,5623.7,0,1,5867.55
2800,1,0,0,0,36,1,0,2,1,1,1,1,1,1,1,1,1,20.35,695.85,0,0,732.6
1081,0,0,1,1,51,1,0,2,1,1,1,1,1,1,2,0,3,19.95,1028.75,0,0,1017.4499999999999
5153,1,0,1,0,53,1,2,0,2,0,2,2,2,0,1,0,0,77.4,4155.95,0,1,4102.200000000001
1691,0,0,1,1,20,1,0,2,1,1,1,1,1,1,1,0,0,19.7,395.6,0,2,394.0
4406,1,0,1,0,63,1,0,1,2,0,2,0,2,2,2,0,1,99.7,6330.4,0,1,6281.1
3401,0,0,0,0,40,1,0,1,0,2,0,0,0,0,0,0,1,74.8,2971.7,0,3,2992.0
4272,1,0,0,0,35,1,0,2,1,1,1,1,1,1,1,1,3,19.15,638.0,0,0,670.25
6457,1,0,1,1,26,1,0,1,0,0,0,0,0,2,1,0,0,78.95,2034.25,0,3,2052.7000000000003
389,1,1,1,0,27,1,2,1,0,2,2,0,0,2,0,1,2,95.55,2510.2,1,3,2579.85
3235,1,0,0,1,53,1,0,0,2,2,0,2,0,0,1,0,1,62.85,3419.5,0,0,3331.05
6300,1,1,1,0,34,1,0,1,0,0,0,0,0,0,0,0,1,71.55,2427.35,0,3,2432.7
2412,0,1,1,0,19,1,2,1,0,0,0,0,2,2,0,1,2,94.95,1760.25,0,3,1804.05
1869,1,0,1,0,43,1,0,1,2,2,2,0,0,0,0,1,1,86.1,3551.65,0,1,3702.2999999999997
2616,1,0,1,1,6,1,0,2,1,1,1,1,1,1,0,0,3,19.55,122.9,0,2,117.30000000000001
6088,1,0,0,1,56,1,2,2,1,1,1,1,1,1,2,1,3,24.8,1424.2,0,0,1388.8
3230,1,0,0,0,57,0,1,0,0,2,0,0,2,0,0,1,2,39.3,2111.45,1,0,2240.1
2232,1,0,1,1,34,1,0,1,0,0,2,0,2,0,0,1,3,84.05,2909.95,0,3,2857.7
3096,0,0,0,0,10,0,1,0,0,2,0,2,0,0,0,0,2,36.25,374.0,0,2,362.5
1990,0,0,0,0,1,1,0,2,1,1,1,1,1,1,0,1,3,20.25,20.25,1,2,20.25
4847,0,0,0,0,13,0,1,0,0,0,0,0,0,0,0,1,2,23.9,300.8,1,2,310.7
1505,1,0,0,0,56,1,2,1,0,2,0,0,2,2,0,0,2,98.6,5581.05,0,1,5521.599999999999
2096,0,0,1,0,55,1,2,1,0,2,2,0,2,2,0,1,1,103.65,5676.65,0,1,5700.75
6122,0,0,1,1,36,1,2,0,2,2,2,2,2,2,2,1,1,92.9,3379.25,0,3,3344.4
2146,1,0,1,0,47,1,0,2,1,1,1,1,1,1,1,0,0,19.9,942.95,0,0,935.3
5522,0,0,1,1,12,1,0,2,1,1,1,1,1,1,0,1,1,20.1,232.4,0,2,241.20000000000002
3972,0,0,0,0,1,1,0,1,0,0,2,0,2,0,0,1,2,85.45,85.45,1,3,85.45
5176,1,1,0,0,24,1,2,1,0,2,0,0,0,0,0,1,2,80.5,2088.45,0,3,1932.0
1892,0,0,0,0,63,1,2,1,0,2,0,0,2,2,1,0,0,99.9,6137.0,1,1,6293.700000000001
5992,0,1,0,0,35,0,1,0,0,0,2,0,2,0,0,1,2,39.85,1434.6,0,0,1394.75
2063,0,0,0,0,67,1,0,0,2,2,0,2,0,0,1,0,1,60.5,3870.0,0,0,4053.5
3396,1,0,0,0,25,1,2,1,0,0,0,0,0,2,0,1,2,84.8,2043.45,1,3,2120.0
5110,1,0,0,0,21,1,2,1,2,0,2,0,2,2,0,0,3,103.85,2215.0,0,3,2180.85
6006,0,0,0,0,13,1,0,0,2,2,0,2,0,2,0,0,0,67.8,842.25,0,3,881.4
6919,1,0,1,0,35,1,2,1,0,0,0,0,0,0,0,1,2,75.2,2576.2,1,3,2632.0
2697,1,1,1,0,71,1,2,2,1,1,1,1,1,1,2,0,0,24.85,1901.0,0,0,1764.3500000000001
6462,0,0,0,0,29,1,0,2,1,1,1,1,1,1,0,0,1,19.35,601.6,0,2,561.1500000000001
4648,1,0,1,0,71,0,1,0,0,2,0,0,2,2,2,0,2,49.35,3515.25,1,0,3503.85
104,1,1,1,0,7,1,0,1,0,0,0,0,2,2,0,1,2,89.0,605.45,0,3,623.0
5494,0,1,0,0,57,0,1,0,0,2,2,0,2,2,0,1,2,55.0,3094.05,0,0,3135.0
1814,1,0,1,0,65,1,2,0,2,0,2,2,0,2,2,0,0,76.15,4929.55,0,1,4949.75
3705,1,0,0,0,27,1,0,2,1,1,1,1,1,1,1,0,3,20.3,595.05,0,2,548.1
2961,1,0,0,0,6,1,2,1,0,0,0,0,0,0,0,1,2,74.9,469.8,1,3,449.40000000000003
4903,0,1,0,0,72,1,2,1,2,2,2,2,2,2,2,1,1,117.35,8436.25,0,1,8449.199999999999
1690,1,0,0,0,1,1,0,2,1,1,1,1,1,1,0,1,3,19.75,19.75,0,2,19.75
1145,1,0,0,0,11,1,0,0,0,0,0,0,0,0,0,0,1,45.2,492.0,0,2,497.20000000000005
6271,1,0,1,1,39,1,2,2,1,1,1,1,1,1,2,0,3,25.2,987.95,0,0,982.8
4915,0,1,0,0,59,1,2,1,2,2,2,0,0,0,0,1,2,89.75,5496.9,0,1,5295.25
3563,1,0,0,0,26,1,0,0,2,0,0,2,2,2,1,0,0,75.0,1908.35,0,3,1950.0
2957,1,1,0,0,2,1,0,0,0,0,2,0,0,0,0,0,3,49.95,107.1,0,2,99.9
523,0,0,1,1,72,0,1,0,2,2,2,2,2,2,2,0,0,65.7,4575.35,0,1,4730.400000000001
6522,1,0,1,0,65,1,2,0,2,2,2,0,0,0,1,0,1,67.05,4309.55,0,1,4358.25
5004,1,0,1,1,72,1,2,1,0,2,2,2,2,2,2,0,1,110.9,7922.75,0,1,7984.8
6856,1,0,0,0,6,1,2,1,0,0,0,2,0,2,0,1,0,87.95,522.35,0,3,527.7
4189,1,1,0,0,32,1,0,2,1,1,1,1,1,1,1,0,1,19.8,587.7,0,2,633.6
3608,0,0,1,0,50,1,2,0,0,0,2,0,2,2,1,0,0,75.7,3876.2,0,1,3785.0
815,1,0,1,0,61,0,1,0,2,0,2,2,2,2,2,1,3,62.15,3778.85,0,0,3791.15
2562,0,0,0,0,15,1,0,1,0,2,2,0,2,2,0,1,2,101.25,1457.25,1,3,1518.75
618,1,0,1,0,72,1,2,1,2,2,2,2,2,2,2,0,0,115.15,8349.45,0,1,8290.800000000001
6367,1,0,0,0,9,1,0,2,1,1,1,1,1,1,0,1,3,18.95,185.6,1,2,170.54999999999998
1282,0,0,0,0,1,1,0,2,1,1,1,1,1,1,0,0,3,19.5,19.5,0,2,19.5
5582,0,0,0,0,12,1,2,1,0,0,0,0,0,2,0,1,2,86.55,1066.9,0,3,1038.6
2300,0,0,0,0,37,0,1,0,0,0,0,2,0,0,0,0,1,28.6,973.55,1,0,1058.2
4431,1,0,1,1,61,1,0,2,1,1,1,1,1,1,1,0,3,20.4,1226.45,0,0,1244.3999999999999
3279,1,0,1,1,18,1,0,2,1,1,1,1,1,1,1,0,0,19.8,342.3,0,2,356.40000000000003
2424,1,0,0,1,21,1,0,0,0,0,0,0,0,0,0,0,3,45.65,985.05,0,2,958.65
828,1,0,1,1,68,0,1,0,2,2,2,2,0,2,2,1,3,56.4,3948.45,0,0,3835.2
5848,1,1,0,0,12,1,2,1,0,0,0,0,0,0,0,1,1,73.3,828.05,0,3,879.5999999999999
3899,0,1,0,0,2,0,1,0,0,0,0,0,0,0,0,0,2,24.35,41.85,1,2,48.7
3176,0,0,1,0,62,1,2,1,0,0,2,0,2,2,0,1,2,101.35,6164.7,0,1,6283.7
3457,0,1,0,0,29,1,2,1,0,0,0,2,2,2,0,0,2,98.65,2862.75,1,3,2860.8500000000004
4914,1,0,0,1,1,0,1,0,0,2,0,2,0,0,0,0,3,33.6,33.6,0,2,33.6
336,1,1,1,0,5,1,2,1,0,0,2,0,0,0,0,1,0,79.9,343.95,1,3,399.5
6080,0,0,0,0,1,1,0,2,1,1,1,1,1,1,0,0,2,20.7,20.7,0,2,20.7
5363,1,0,0,1,62,1,2,1,0,0,2,2,2,2,2,1,2,104.05,6590.5,0,1,6451.099999999999
1812,0,0,1,1,36,1,0,2,1,1,1,1,1,1,2,0,0,20.25,717.95,0,0,729.0
1616,0,1,0,0,28,1,2,1,0,0,2,2,2,2,0,1,2,103.3,2890.65,1,3,2892.4
5051,0,0,1,1,69,1,2,0,2,2,0,2,2,0,1,0,1,73.7,4885.85,0,1,5085.3
2627,0,0,1,0,11,1,2,1,2,0,0,2,2,0,0,1,1,96.2,1222.05,1,3,1058.2
1367,0,0,1,0,63,1,2,1,0,2,2,2,2,2,0,1,2,108.75,6871.7,0,1,6851.25
5080,1,0,0,0,23,1,0,2,1,1,1,1,1,1,1,0,0,20.15,405.6,0,2,463.45
1665,1,0,0,0,10,1,0,2,1,1,1,1,1,1,0,0,1,19.75,208.25,0,2,197.5
2058,0,0,1,0,71,1,2,2,1,1,1,1,1,1,2,1,1,25.95,1801.9,0,0,1842.45
1202,0,1,0,0,45,1,2,0,2,0,0,2,0,2,0,1,2,70.05,3062.45,0,0,3152.25
4945,0,0,1,1,70,1,2,2,1,1,1,1,1,1,2,0,3,24.05,1764.75,0,0,1683.5
4201,0,0,0,1,22,1,2,1,0,0,0,0,0,2,0,1,2,84.75,1816.75,0,3,1864.5
825,0,0,1,1,52,1,2,2,1,1,1,1,1,1,2,0,3,23.05,1255.1,0,0,1198.6000000000001
2870,1,0,1,0,55,1,2,1,0,0,2,2,2,2,1,1,2,104.15,5743.05,1,1,5728.25
5908,0,0,0,0,65,0,1,0,2,0,2,2,2,2,2,0,1,59.95,3921.1,0,0,3896.75
798,0,0,1,1,72,1,0,2,1,1,1,1,1,1,2,0,0,19.55,1463.45,0,0,1407.6000000000001
2196,1,0,1,0,10,1,0,2,1,1,1,1,1,1,1,0,0,19.6,189.45,0,2,196.0
2999,0,0,0,1,7,1,0,2,1,1,1,1,1,1,1,0,3,20.05,96.8,0,2,140.35
3072,1,1,0,0,5,1,0,1,0,2,0,0,0,2,0,1,2,85.55,408.5,0,3,427.75
4560,0,0,1,1,24,1,2,0,2,0,2,0,2,2,2,0,1,78.6,1846.65,0,3,1886.3999999999999
11,0,0,1,1,72,1,2,1,2,2,2,2,2,2,2,1,1,116.8,8456.75,0,1,8409.6
6143,1,0,0,0,21,0,1,0,2,0,0,2,2,0,0,1,3,43.55,1011.5,0,2,914.55
7016,1,0,1,0,69,0,1,0,0,2,2,2,2,2,1,1,1,60.8,4263.4,0,1,4195.2
3064,1,0,1,1,44,1,0,0,0,2,0,2,0,0,0,1,0,54.9,2549.1,0,0,2415.6
3873,0,1,1,1,61,1,2,0,0,0,2,0,2,0,1,1,2,65.2,3965.05,0,1,3977.2000000000003
1369,1,1,0,0,24,1,2,1,0,2,2,0,2,2,0,1,1,102.95,2496.7,1,3,2470.8
4101,0,0,0,0,1,1,0,1,0,0,0,0,2,2,0,0,2,90.6,90.6,1,3,90.6
2578,0,0,0,0,6,1,0,0,0,0,0,2,0,0,0,1,0,50.8,288.05,1,2,304.79999999999995
2960,1,0,0,0,4,1,2,1,0,2,0,0,0,2,0,1,2,90.05,368.1,1,3,360.2
6375,1,0,1,0,72,1,2,1,0,2,2,2,2,2,2,1,2,108.2,7840.6,0,1,7790.400000000001
2085,1,0,0,0,72,1,2,0,2,2,2,2,2,2,2,0,0,92.0,6632.75,0,1,6624.0
5764,1,1,1,0,14,1,2,1,0,0,0,0,0,0,0,1,2,75.1,1013.35,0,3,1051.3999999999999
6371,1,0,0,0,7,1,2,2,1,1,1,1,1,1,0,1,0,25.05,152.95,0,2,175.35
3668,0,0,0,0,48,1,0,1,0,2,0,0,0,0,1,0,2,75.15,3772.65,0,1,3607.2000000000003
3245,1,0,1,1,55,1,0,2,1,1,1,1,1,1,1,0,3,19.5,1026.35,0,0,1072.5
5625,1,0,0,0,1,1,0,2,1,1,1,1,1,1,0,0,1,19.3,19.3,0,2,19.3
4596,1,0,0,0,45,1,0,1,2,2,2,2,2,2,1,0,1,112.2,5031.85,0,1,5049.0
2834,1,0,0,0,3,1,0,1,0,0,0,0,0,0,0,1,3,70.3,220.4,0,3,210.89999999999998
5391,0,0,1,0,71,1,0,2,1,1,1,1,1,1,2,0,3,19.6,1416.5,0,0,1391.6000000000001
3800,1,0,1,0,8,1,0,2,1,1,1,1,1,1,0,0,3,20.25,158.35,0,2,162.0
2456,0,0,1,0,3,1,2,1,0,0,0,0,0,0,0,1,2,75.85,256.6,1,3,227.54999999999998
3883,1,0,1,1,69,1,0,0,2,2,0,2,2,2,2,0,0,80.65,5542.55,0,1,5564.85
4551,1,0,1,1,1,1,0,1,0,0,0,0,0,0,0,1,2,68.5,68.5,1,3,68.5
3879,0,1,1,0,72,1,2,1,2,2,2,2,2,2,2,1,1,115.75,8443.7,0,1,8334.0
3599,1,0,0,0,11,1,0,1,2,0,0,0,0,0,0,1,2,73.5,791.75,1,3,808.5
5676,1,0,0,0,71,1,2,0,2,2,2,2,0,2,2,0,0,80.6,5708.2,0,1,5722.599999999999
2134,0,0,0,0,1,1,0,1,0,0,0,0,0,0,0,1,3,69.95,69.95,1,3,69.95
3263,0,0,1,0,33,0,1,0,2,0,2,2,2,2,2,0,0,59.55,2016.3,0,3,1965.1499999999999
191,0,0,0,0,16,1,0,2,1,1,1,1,1,1,1,0,3,19.05,326.65,0,2,304.8
5416,0,1,1,0,56,1,2,1,2,2,2,2,0,0,1,0,2,95.65,5471.75,0,1,5356.400000000001
1745,0,0,0,0,1,1,0,2,1,1,1,1,1,1,0,0,1,19.95,19.95,0,2,19.95
4771,1,0,0,0,5,1,0,0,0,0,2,0,2,2,0,1,2,70.05,346.4,1,3,350.25
3537,1,0,1,1,57,1,0,2,1,1,1,1,1,1,1,0,3,19.4,1061.6,0,0,1105.8
4598,1,0,1,1,56,0,1,0,0,2,2,0,0,0,1,1,1,36.1,1971.5,0,0,2021.6000000000001
1075,1,0,0,0,8,1,2,1,0,2,2,0,2,0,0,1,2,94.0,773.65,1,3,752.0
1456,0,0,1,1,22,1,0,0,2,2,2,0,0,0,0,0,3,61.15,1422.05,1,3,1345.3
4341,0,0,0,0,1,1,0,2,1,1,1,1,1,1,0,0,3,19.75,19.75,0,2,19.75
6586,0,0,0,1,40,1,0,0,2,0,0,2,2,0,0,1,1,64.1,2460.35,0,0,2564.0
7032,1,0,1,1,46,1,0,2,1,1,1,1,1,1,2,0,1,19.75,856.5,0,0,908.5
6781,1,0,1,1,63,1,0,2,1,1,1,1,1,1,2,0,3,19.7,1275.85,0,0,1241.1
3644,1,0,1,1,68,1,2,1,2,2,2,0,2,2,2,1,2,110.2,7467.5,0,1,7493.6
3652,1,0,1,1,69,1,0,1,2,2,0,2,2,2,2,1,1,106.35,7261.75,0,1,7338.15
689,0,0,1,0,56,1,2,1,0,2,2,2,0,0,0,0,2,90.55,5116.6,0,1,5070.8
5619,0,0,1,1,10,1,0,0,0,2,2,0,0,2,1,1,3,65.9,660.05,0,3,659.0
382,1,0,0,0,63,1,2,1,2,2,2,2,2,0,1,0,1,104.5,6590.8,0,1,6583.5
4874,0,0,1,1,24,0,1,0,2,2,2,2,0,2,2,1,3,52.5,1208.15,0,2,1260.0
4206,0,0,0,0,19,1,2,0,0,0,2,0,0,0,0,1,3,56.1,1033.9,0,3,1065.9
6390,1,0,1,1,22,1,2,1,0,0,2,0,2,0,0,1,2,88.75,1885.15,0,3,1952.5
1848,1,0,1,0,29,1,2,1,2,2,0,0,0,0,0,1,2,84.45,2467.1,1,3,2449.05
1461,1,0,1,0,13,1,2,0,0,0,2,0,2,2,1,1,3,75.3,989.45,1,3,978.9
5835,0,0,1,0,70,1,2,2,1,1,1,1,1,1,2,1,0,26.0,2006.95,0,0,1820.0
6849,0,0,1,0,49,1,0,1,0,2,2,0,2,2,0,0,2,99.4,5025.0,0,1,4870.6
6583,0,1,1,0,43,1,2,1,2,0,2,2,2,2,1,1,3,109.55,4830.25,1,1,4710.65
738,0,0,0,0,3,1,0,2,1,1,1,1,1,1,0,1,3,19.6,59.75,1,2,58.800000000000004
3740,1,0,1,1,42,1,0,0,0,0,2,2,2,2,1,0,2,73.15,3088.25,0,3,3072.3
4392,1,0,0,0,57,1,0,0,0,2,0,2,0,0,1,1,3,54.65,3134.7,0,0,3115.0499999999997
3902,1,1,0,0,2,1,0,0,2,0,2,0,2,0,0,0,0,66.4,94.55,1,3,132.8
1437,0,0,1,0,72,1,2,1,2,2,2,2,2,2,2,1,1,115.55,8312.4,0,1,8319.6
6235,0,1,0,0,46,1,2,1,0,2,2,0,2,2,0,1,2,104.45,4863.85,0,1,4804.7
1802,1,1,1,0,66,1,2,1,0,0,0,2,2,2,0,1,1,100.05,6871.9,1,1,6603.3
3871,1,0,0,0,62,1,2,1,2,2,0,2,0,2,1,0,2,102.0,6529.25,1,1,6324.0
846,0,0,1,0,72,1,2,0,2,2,2,2,2,2,2,1,0,91.15,6637.9,0,1,6562.8
3690,1,0,1,1,35,1,0,1,0,2,0,2,2,0,1,1,2,89.7,3165.6,0,3,3139.5
6476,1,0,1,0,17,1,2,1,2,2,2,0,0,0,0,0,1,90.2,1454.15,1,3,1533.4
1467,0,0,1,0,72,1,2,0,2,2,2,2,2,2,2,1,2,92.4,6786.1,0,1,6652.8
1943,0,0,1,1,28,1,0,2,1,1,1,1,1,1,1,0,3,19.9,543.0,0,2,557.1999999999999
708,1,0,1,0,56,1,2,2,1,1,1,1,1,1,2,1,1,25.15,1327.15,1,0,1408.3999999999999
2691,0,0,0,0,31,1,2,1,0,0,0,2,0,0,0,1,1,79.85,2404.15,1,3,2475.35
2500,1,0,0,0,45,1,0,2,1,1,1,1,1,1,1,0,0,18.85,867.3,0,0,848.2500000000001
1857,0,0,0,0,1,1,2,2,1,1,1,1,1,1,0,1,3,25.75,25.75,0,2,25.75
845,0,0,0,0,2,1,0,0,0,2,0,0,0,0,0,1,3,49.6,114.7,1,2,99.2
4219,0,0,0,0,6,1,0,2,1,1,1,1,1,1,0,1,3,20.95,109.5,0,2,125.69999999999999
4841,0,0,1,0,48,1,0,1,0,2,2,0,2,2,1,1,2,97.05,4692.95,0,1,4658.4
6233,1,0,1,1,25,1,2,2,1,1,1,1,1,1,0,1,0,25.4,546.85,0,2,635.0
6452,1,0,1,1,64,1,0,2,1,1,1,1,1,1,2,1,0,19.7,1274.05,0,0,1260.8
6056,1,0,0,0,50,0,1,0,2,2,0,0,0,0,0,1,3,35.0,1782.4,0,0,1750.0
4109,0,0,1,1,52,1,2,1,0,0,2,0,2,2,1,0,0,101.25,5301.1,0,1,5265.0
5012,1,1,1,0,4,1,0,1,0,0,0,0,0,0,0,1,2,70.2,280.35,0,3,280.8
5818,0,1,0,0,32,1,0,1,0,0,0,0,2,2,0,0,2,90.95,2897.95,0,3,2910.4
1040,1,0,1,1,45,1,2,0,2,2,0,2,2,0,2,0,1,73.85,3371.0,0,1,3323.2499999999995
2894,1,0,1,0,9,1,2,1,2,0,0,0,0,2,0,1,2,88.05,801.3,0,3,792.4499999999999
4559,0,1,1,0,66,1,2,1,0,0,2,2,2,2,1,1,1,105.95,6975.25,1,1,6992.7
3867,1,0,0,1,3,1,2,1,0,0,2,0,0,2,0,0,2,91.85,257.05,1,3,275.54999999999995
1517,0,0,0,0,54,1,0,2,1,1,1,1,1,1,2,0,3,20.1,1079.45,0,0,1085.4
5495,0,0,1,1,1,0,1,0,0,0,0,2,2,0,0,0,2,40.1,40.1,1,2,40.1
1913,0,0,1,1,64,1,2,1,2,2,0,2,2,2,2,0,0,110.3,6997.3,0,1,7059.2
1422,0,1,0,0,31,1,2,1,0,0,0,0,0,0,0,1,2,73.9,2217.15,1,3,2290.9
1434,0,0,0,0,14,1,0,1,0,0,0,0,2,2,0,1,3,89.8,1129.1,1,3,1257.2
5383,0,0,0,0,12,1,0,1,2,0,0,0,2,0,1,1,1,85.15,979.05,0,3,1021.8000000000001
2630,1,1,1,0,67,1,0,0,2,2,0,2,0,0,1,1,0,60.95,4119.4,0,1,4083.65
3132,0,0,1,1,35,1,2,0,2,0,2,2,2,0,0,0,2,72.25,2568.55,1,3,2528.75
1486,0,0,0,0,45,1,2,0,2,0,0,2,0,2,2,0,3,73.55,3349.1,0,1,3309.75
4009,1,0,0,0,10,1,0,0,0,0,0,0,0,0,0,0,3,46.0,492.1,0,2,460.0
1477,0,1,0,0,29,1,2,0,2,2,0,0,0,0,0,1,0,58.55,1718.95,0,3,1697.9499999999998
774,0,0,0,0,24,1,2,2,1,1,1,1,1,1,1,0,0,24.6,605.25,0,2,590.4000000000001
5491,1,0,1,1,66,1,0,2,1,1,1,1,1,1,2,1,3,19.75,1344.5,0,0,1303.5
6451,1,0,0,0,51,1,0,1,2,0,0,0,2,0,1,0,3,86.35,4267.15,0,1,4403.849999999999
2299,0,0,1,0,45,1,2,2,1,1,1,1,1,1,2,0,3,25.5,1121.05,0,0,1147.5
6851,0,0,1,0,49,1,0,2,1,1,1,1,1,1,1,0,1,19.0,918.7,0,0,931.0
375,0,0,1,0,29,1,0,2,1,1,1,1,1,1,2,1,3,19.55,521.8,0,2,566.95
2037,1,0,1,1,40,1,2,1,2,2,0,2,2,2,0,1,1,110.1,4469.1,0,1,4404.0
4899,0,1,0,0,37,1,2,1,0,0,0,0,2,2,0,1,2,96.55,3580.3,1,1,3572.35
5313,1,0,0,0,25,1,0,1,0,0,0,0,0,0,0,0,2,69.75,1729.35,0,3,1743.75
1767,0,0,0,0,22,0,1,0,0,0,2,0,2,2,0,1,2,50.6,1073.3,0,2,1113.2
6296,1,0,0,0,72,0,1,0,2,2,2,2,2,2,2,1,0,65.6,4566.5,0,1,4723.2
1478,0,0,0,0,7,0,1,0,0,2,0,0,0,2,0,1,1,40.1,293.3,1,2,280.7
987,1,0,1,1,33,1,0,0,0,2,2,2,2,2,2,0,1,82.1,2603.1,0,3,2709.2999999999997
4461,0,0,0,0,23,1,0,1,0,2,0,2,0,0,0,1,3,79.1,1783.75,0,3,1819.3
3207,1,1,0,0,24,1,2,1,0,2,0,0,2,2,0,1,2,101.25,2440.15,1,3,2430.0
6365,0,0,0,0,1,1,0,1,0,0,0,0,2,0,0,0,2,79.55,79.55,1,3,79.55
5971,1,0,0,0,69,1,2,0,2,2,2,2,2,2,2,0,3,90.65,6322.1,0,1,6254.85
4108,0,0,0,1,3,1,0,2,1,1,1,1,1,1,1,1,1,20.55,57.4,0,2,61.650000000000006
3054,1,0,0,0,56,1,0,0,0,2,0,2,2,2,1,1,0,75.75,4284.65,0,1,4242.0
4488,1,0,0,0,65,1,2,1,2,0,2,2,2,2,1,1,1,110.0,7138.65,0,1,7150.0
3786,1,0,1,0,71,1,0,2,1,1,1,1,1,1,1,0,2,20.85,1539.75,0,0,1480.3500000000001
3974,0,1,0,0,14,1,2,1,0,0,2,0,0,0,0,1,0,80.35,1058.1,0,3,1124.8999999999999
5244,0,0,0,0,2,1,0,1,0,0,0,0,0,0,0,1,2,70.15,123.8,0,3,140.3
2595,0,0,0,0,32,1,2,1,0,0,0,0,2,0,1,0,2,84.05,2781.85,1,3,2689.6
4879,1,0,0,0,40,1,0,0,2,0,2,0,0,2,0,0,2,67.45,2731.0,0,3,2698.0
1863,1,0,0,0,1,1,0,2,1,1,1,1,1,1,0,0,1,20.75,20.75,0,2,20.75
1007,1,0,0,0,1,1,0,1,0,0,0,0,2,2,0,1,2,89.1,89.1,1,3,89.1
654,0,0,0,0,7,1,0,1,0,0,0,0,0,0,0,1,3,69.9,497.3,0,3,489.30000000000007
759,0,0,1,0,15,1,2,0,0,0,0,0,0,0,0,1,2,51.1,711.15,0,2,766.5
2070,0,0,1,1,17,1,2,1,2,0,2,0,2,0,0,0,2,94.4,1607.2,1,3,1604.8000000000002
2824,1,0,0,0,19,1,0,1,0,2,2,0,0,0,0,1,2,78.25,1490.95,1,3,1486.75
4070,1,0,0,0,71,1,2,2,1,1,1,1,1,1,2,0,0,25.55,1898.1,0,0,1814.05
2942,0,0,1,1,54,1,2,0,2,0,0,2,0,0,2,0,0,60.0,3273.95,0,0,3240.0
3787,1,0,1,0,31,1,2,1,2,2,0,2,0,0,0,1,1,90.55,2929.75,0,3,2807.0499999999997
2789,0,0,0,0,11,1,0,1,2,0,0,0,0,0,0,0,2,76.4,838.7,0,3,840.4000000000001
6494,0,1,0,0,18,1,0,1,0,0,2,0,0,2,0,1,2,84.95,1443.65,0,3,1529.1000000000001
2268,0,1,0,0,72,1,2,1,2,2,0,2,2,2,2,1,0,110.1,7746.7,0,1,7927.2
1839,0,1,0,0,71,1,2,1,0,2,0,0,2,2,0,1,1,99.65,6951.15,0,1,7075.150000000001
6834,1,1,0,0,5,0,1,0,0,0,2,2,2,0,0,0,1,45.4,214.75,0,2,227.0
4968,1,0,1,0,38,1,2,0,0,0,2,2,0,2,1,0,1,69.0,2669.45,0,3,2622.0
3116,1,0,0,1,5,1,0,0,0,0,0,2,0,0,0,1,0,48.65,235.2,0,2,243.25
2642,1,1,0,0,2,1,0,0,0,0,0,0,0,0,0,1,2,44.15,92.65,1,2,88.3
4097,0,1,0,0,52,1,2,0,2,0,2,0,0,0,2,0,0,59.85,3103.25,0,0,3112.2000000000003
5072,0,1,0,0,8,1,2,1,0,0,0,0,0,0,0,1,2,75.75,606.25,1,3,606.0
1492,0,0,0,0,68,1,2,0,0,2,2,0,2,2,2,1,2,80.65,5330.2,0,1,5484.200000000001
3006,1,0,1,1,69,1,0,2,1,1,1,1,1,1,1,1,1,20.55,1403.1,0,0,1417.95
6577,0,0,1,0,42,1,2,0,2,2,0,2,0,0,0,1,1,66.4,2727.8,0,0,2788.8
3050,0,0,0,0,50,1,0,1,0,2,0,2,2,2,2,1,3,100.2,5038.45,0,1,5010.0
4338,0,0,0,0,1,1,0,2,1,1,1,1,1,1,0,1,3,19.1,19.1,1,2,19.1
5612,1,1,1,0,1,1,2,1,2,0,0,0,0,0,0,1,2,80.3,80.3,1,3,80.3
1043,1,0,1,0,33,1,0,0,0,0,0,0,0,0,0,1,1,44.55,1462.6,0,0,1470.1499999999999
4736,0,0,0,0,7,1,0,2,1,1,1,1,1,1,0,0,3,20.35,150.6,0,2,142.45000000000002
400,1,0,1,1,64,1,2,1,2,2,2,0,0,0,0,1,2,91.8,5960.5,0,1,5875.2
4975,0,0,0,0,1,1,0,1,0,0,2,0,0,0,0,1,2,74.9,74.9,1,3,74.9
1314,1,0,0,0,59,1,0,2,1,1,1,1,1,1,2,1,0,20.2,1192.3,0,0,1191.8
55,0,0,1,0,6,1,2,0,0,0,0,0,0,0,0,0,2,50.35,314.55,0,2,302.1
2682,0,0,0,0,3,1,0,2,1,1,1,1,1,1,0,0,3,18.8,56.0,0,2,56.400000000000006
5677,0,0,1,0,15,1,0,2,1,1,1,1,1,1,0,0,1,20.45,330.8,0,2,306.75
4436,1,0,1,1,13,1,0,0,0,0,0,0,2,2,1,1,2,64.75,877.35,0,3,841.75
6449,0,0,0,0,23,1,2,1,0,2,0,0,2,2,0,1,1,98.7,2249.1,0,3,2270.1
1842,1,1,1,0,31,1,2,1,2,0,0,0,2,0,0,0,2,89.45,2807.65,0,3,2772.9500000000003
6130,1,0,0,0,29,1,0,0,2,2,0,2,0,0,1,1,2,58.75,1696.2,0,3,1703.75
5978,0,0,1,0,49,1,0,2,1,1,1,1,1,1,1,0,1,20.7,1032.05,0,0,1014.3
3538,0,0,1,0,56,1,2,1,0,0,0,0,2,0,0,1,0,85.6,4902.8,0,1,4793.599999999999
4798,0,0,0,0,63,1,2,0,2,2,2,2,0,2,2,1,1,80.3,4995.35,0,1,5058.9
3327,1,0,1,0,63,1,2,0,0,0,2,2,2,2,2,0,1,79.8,5034.05,0,1,5027.4
368,1,1,1,1,24,1,2,1,2,0,0,0,0,0,0,1,2,79.85,1857.75,0,3,1916.3999999999999
2334,1,1,1,0,36,1,0,0,0,0,2,2,0,0,1,0,1,54.1,1992.85,0,0,1947.6000000000001
1160,0,1,0,0,9,1,0,1,0,0,0,0,2,0,0,1,2,80.85,751.65,1,3,727.65
1774,1,0,0,0,3,0,1,0,0,0,0,0,0,0,0,0,2,24.75,66.95,1,2,74.25
5825,0,0,1,0,21,1,0,0,2,0,2,2,2,2,1,0,3,80.9,1714.95,0,3,1698.9
2352,1,0,1,1,13,1,2,2,1,1,1,1,1,1,1,0,0,24.5,343.6,0,2,318.5
3352,1,0,1,1,1,1,0,2,1,1,1,1,1,1,0,1,0,20.15,20.15,0,2,20.15
5419,0,0,1,1,25,1,0,2,1,1,1,1,1,1,1,0,3,20.05,520.1,0,2,501.25
1872,1,0,1,1,71,1,0,2,1,1,1,1,1,1,2,1,0,19.6,1387.45,0,0,1391.6000000000001
6974,1,0,0,0,66,1,2,1,2,2,2,2,2,2,1,1,0,114.3,7383.7,0,1,7543.8
580,0,0,0,0,45,1,0,1,2,2,0,0,2,2,1,1,2,100.3,4483.95,0,1,4513.5
5837,0,0,1,0,22,1,0,1,0,0,0,0,2,0,0,1,1,80.0,1706.45,0,3,1760.0
4957,0,0,1,0,67,1,0,2,1,1,1,1,1,1,1,1,0,20.85,1327.4,0,0,1396.95
5465,0,0,1,0,68,1,2,1,0,0,2,0,2,0,2,1,0,89.95,5974.3,0,1,6116.6
1731,0,0,1,1,0,1,0,2,1,1,1,1,1,1,2,0,3,20.0,1397.475,0,2,0.0
5298,0,1,0,0,49,1,2,1,0,0,2,0,0,2,0,1,1,90.85,4515.85,1,1,4451.65
1569,0,1,0,0,4,1,2,0,0,0,0,0,0,0,0,0,3,48.75,179.85,0,2,195.0
740,1,0,1,0,63,1,2,0,2,2,2,2,0,2,1,0,1,80.0,5040.2,0,1,5040.0
6102,0,0,1,0,2,1,0,1,0,2,2,0,0,0,0,0,0,79.7,165.0,1,3,159.4
1298,1,0,0,0,21,1,0,2,1,1,1,1,1,1,1,1,3,20.35,422.7,0,2,427.35
2375,1,0,1,1,55,1,0,0,2,2,0,2,0,0,2,0,0,57.55,3046.4,1,0,3165.25
4150,1,0,0,1,1,1,0,2,1,1,1,1,1,1,0,1,3,20.25,20.25,0,2,20.25
2465,0,0,0,0,17,1,0,2,1,1,1,1,1,1,2,0,3,19.4,358.05,0,2,329.79999999999995
1027,1,0,0,0,30,1,2,1,2,0,0,0,2,2,0,1,0,100.4,2936.25,0,3,3012.0
249,1,0,1,1,22,1,0,0,2,2,0,2,0,0,0,1,3,57.95,1271.8,0,3,1274.9
4089,0,0,0,0,9,1,0,0,0,0,0,2,2,0,0,1,0,59.5,530.05,0,3,535.5
2355,1,0,1,1,1,1,0,2,1,1,1,1,1,1,0,0,3,19.2,19.2,0,2,19.2
1392,0,0,1,0,21,1,2,1,0,0,0,0,0,2,0,1,2,86.5,1808.7,1,3,1816.5
135,1,0,0,0,19,1,2,0,0,0,2,2,0,0,0,0,2,59.55,1144.6,0,3,1131.45
3911,0,0,1,1,69,1,2,1,0,2,2,0,2,2,0,1,2,103.95,7446.9,1,1,7172.55
19,1,1,0,0,1,0,1,0,0,0,0,0,0,0,0,1,2,25.1,25.1,1,2,25.1
5444,0,0,1,0,72,1,2,1,2,2,2,2,2,0,2,1,0,103.95,7556.9,0,1,7484.400000000001
3469,1,0,1,1,70,1,2,0,2,0,2,0,2,0,2,0,1,68.95,4858.7,0,1,4826.5
2152,0,0,0,0,66,1,2,1,2,2,2,2,0,2,0,1,0,103.1,6595.0,0,1,6804.599999999999
3707,0,0,1,1,7,0,1,0,0,0,0,0,0,0,0,1,2,24.7,149.05,0,2,172.9
5365,0,1,1,1,46,1,2,1,2,2,0,2,2,2,0,1,2,110.2,4972.1,0,1,5069.2
6378,1,0,0,0,39,0,1,0,2,2,0,2,2,0,0,1,1,48.95,1880.85,1,0,1909.0500000000002
156,0,0,1,1,32,1,2,0,0,2,2,0,0,0,0,0,0,62.45,2045.55,0,3,1998.4
899,1,0,0,0,24,1,0,1,0,2,2,0,0,2,0,1,2,89.55,2187.15,0,3,2149.2
5974,1,0,1,1,6,1,0,1,0,2,0,0,0,2,0,1,1,83.55,477.55,1,3,501.29999999999995
2600,0,0,0,0,37,1,2,0,2,2,2,2,2,0,0,1,1,78.9,2976.95,0,3,2919.3
1251,1,0,0,1,8,1,0,2,1,1,1,1,1,1,0,0,3,20.35,178.7,0,2,162.8
1946,0,0,1,1,72,1,2,0,2,0,2,0,2,0,2,1,0,71.45,5025.85,0,1,5144.400000000001
3715,1,1,1,0,71,0,1,0,2,2,2,2,0,0,2,0,1,46.35,3353.4,0,0,3290.85
578,0,0,1,0,16,1,0,1,0,2,0,0,2,2,0,1,0,94.65,1461.15,0,3,1514.4
2530,0,0,1,0,57,0,1,0,2,0,2,2,0,2,0,1,0,49.9,2782.4,0,0,2844.2999999999997
5709,1,0,0,0,66,1,2,2,1,1,1,1,1,1,1,0,0,25.45,1699.15,0,0,1679.7
1215,0,1,0,0,17,1,0,1,0,2,2,0,2,0,0,1,2,89.15,1496.9,1,3,1515.5500000000002
3820,0,0,0,1,21,1,0,2,1,1,1,1,1,1,0,0,3,20.75,452.2,0,2,435.75
285,1,0,1,0,66,1,2,0,2,2,2,0,0,0,2,1,1,66.1,4428.45,0,1,4362.599999999999
4411,0,0,1,0,17,1,2,0,0,2,0,0,2,2,0,1,0,75.4,1322.55,0,3,1281.8000000000002
347,1,0,0,1,1,1,0,1,0,0,0,0,0,0,0,1,3,70.45,70.45,1,3,70.45
253,1,0,1,0,58,1,0,0,2,2,2,0,0,0,1,0,1,60.3,3563.8,1,0,3497.3999999999996
709,0,0,1,1,8,1,0,2,1,1,1,1,1,1,0,0,1,21.05,139.75,0,2,168.4
1056,1,0,0,0,27,1,0,0,2,0,2,2,2,0,1,0,1,69.35,1927.3,0,3,1872.4499999999998
3239,1,0,1,0,34,1,2,1,0,2,0,0,0,2,0,0,3,88.85,3000.25,0,3,3020.8999999999996
4880,1,0,0,0,30,1,0,1,0,2,0,0,2,2,1,1,0,97.0,3021.3,0,3,2910.0
4217,1,0,0,0,33,1,0,0,0,2,2,0,2,0,0,1,1,66.4,2245.4,0,3,2191.2000000000003
3321,1,0,0,1,1,0,1,0,0,0,0,0,0,0,0,0,2,24.75,24.75,1,2,24.75
2130,1,0,1,1,14,1,2,0,2,2,0,0,0,2,0,0,3,69.2,944.65,0,3,968.8000000000001
6112,0,0,0,1,16,1,2,1,0,0,0,2,0,0,1,1,1,79.5,1264.2,0,3,1272.0
3748,0,0,0,0,49,1,0,1,0,0,2,2,2,2,2,0,1,100.65,4917.75,0,1,4931.85
3877,1,0,1,1,19,1,2,1,0,0,2,2,2,2,0,0,2,103.3,2012.7,1,3,1962.7
2432,0,0,1,1,70,1,2,0,2,2,2,2,2,0,2,0,0,79.7,5743.3,0,1,5579.0
3572,0,0,1,1,32,1,0,0,2,2,0,2,0,0,0,0,0,61.4,1864.65,0,3,1964.8
6092,0,0,0,0,18,1,0,1,0,0,0,0,0,0,0,1,2,69.8,1221.65,0,3,1256.3999999999999
2734,1,0,0,0,37,0,1,0,2,2,0,2,0,0,2,1,3,40.55,1390.85,0,0,1500.35
3333,0,0,0,0,4,1,2,1,0,0,0,0,0,0,0,1,2,75.65,302.35,0,3,302.6
390,0,0,1,0,16,1,2,1,2,2,2,0,0,0,0,0,2,90.7,1374.9,0,3,1451.2
3880,1,0,1,0,17,1,2,1,0,2,0,0,0,0,0,1,0,80.5,1336.9,0,3,1368.5
2542,0,0,0,1,19,1,0,0,2,2,2,0,0,0,0,1,2,60.6,1297.8,0,3,1151.4
2602,1,0,1,0,60,1,2,1,0,0,2,0,2,2,2,0,1,101.15,6067.4,0,1,6069.0
1551,1,0,1,1,51,1,2,2,1,1,1,1,1,1,2,1,3,24.95,1222.25,0,0,1272.45
7014,1,0,1,1,28,1,0,2,1,1,1,1,1,1,2,1,1,20.3,487.95,0,2,568.4
2370,1,0,0,0,43,1,0,0,0,2,0,0,0,2,2,1,2,60.0,2548.55,0,0,2580.0
3398,1,0,1,0,42,1,0,2,1,1,1,1,1,1,2,0,2,20.25,835.5,0,0,850.5
6933,1,0,0,0,3,1,0,1,0,0,0,0,2,0,0,1,2,78.5,242.05,1,3,235.5
1834,0,0,0,0,1,1,0,0,0,0,0,0,0,0,0,0,3,44.75,44.75,0,2,44.75
87,0,0,0,0,3,1,0,2,1,1,1,1,1,1,0,0,3,19.85,63.75,1,2,59.550000000000004
2188,0,0,0,0,63,1,2,1,2,2,2,0,2,0,2,0,1,98.0,6218.45,0,1,6174.0
4367,1,1,0,0,3,1,0,1,0,0,0,0,2,0,0,1,2,79.9,260.9,1,3,239.70000000000002
5555,1,0,1,0,68,1,2,1,2,2,0,2,2,2,0,1,2,107.7,7320.9,0,1,7323.6
4638,0,1,0,0,30,1,2,1,0,2,0,0,2,2,0,1,2,99.7,2967.35,1,3,2991.0
1344,0,0,0,0,60,1,2,1,0,2,2,0,2,2,2,0,2,104.7,6333.8,0,1,6282.0
3476,1,0,0,0,15,1,2,0,0,2,0,2,0,0,0,1,1,58.6,939.7,1,3,879.0
1103,1,1,0,0,45,1,2,1,0,0,0,0,2,2,0,1,0,93.9,4200.25,0,1,4225.5
4756,0,0,1,0,70,1,0,0,2,2,2,2,2,2,2,0,1,86.45,5950.2,0,1,6051.5
1009,1,0,1,0,10,1,2,1,0,0,2,0,2,2,0,1,2,98.5,1037.75,1,3,985.0
5969,1,0,0,0,4,1,0,2,1,1,1,1,1,1,0,0,3,19.4,93.4,0,2,77.6
5889,0,0,0,0,1,1,0,0,0,0,2,0,0,0,0,1,3,50.45,50.45,1,2,50.45
1107,0,0,1,0,68,1,2,2,1,1,1,1,1,1,2,1,1,24.95,1614.9,0,0,1696.6
5402,1,0,1,1,22,1,0,1,2,0,0,0,0,0,0,0,0,75.0,1573.95,0,3,1650.0
1371,1,0,1,1,38,1,2,1,0,2,2,0,2,0,0,1,2,94.65,3624.3,1,1,3596.7000000000003
2222,0,0,0,0,1,1,2,1,0,2,0,0,2,2,0,1,1,100.25,100.25,1,3,100.25
238,1,0,1,0,18,1,0,1,0,0,2,2,0,0,0,0,2,78.2,1468.75,0,3,1407.6000000000001
49,1,0,0,0,29,1,0,1,0,0,0,2,2,2,0,1,2,94.2,2607.6,0,3,2731.8
4316,0,0,0,0,16,1,2,1,0,0,2,0,0,2,0,1,2,88.45,1422.1,1,3,1415.2
3210,1,0,0,0,1,1,0,1,0,0,0,0,0,0,0,1,2,69.85,69.85,1,3,69.85
2104,1,0,0,0,12,1,0,1,2,0,2,0,0,0,0,0,0,81.7,858.6,1,3,980.4000000000001
2522,1,0,0,0,31,0,1,0,0,0,2,0,2,2,1,1,2,50.05,1523.4,0,0,1551.55
3374,1,0,0,0,4,1,0,1,0,0,0,0,0,2,0,1,2,79.9,324.3,1,3,319.6
454,0,0,1,0,48,1,2,0,0,0,2,2,0,2,1,1,3,69.55,3435.6,0,1,3338.3999999999996
5039,0,0,0,0,15,1,2,2,1,1,1,1,1,1,0,1,1,25.4,399.6,1,2,381.0
4892,1,0,0,0,50,1,0,1,2,2,2,2,0,0,1,1,1,90.1,4549.45,0,1,4505.0
5863,1,0,0,0,7,1,0,0,0,0,0,0,0,0,0,1,0,44.65,322.5,0,2,312.55
1701,1,1,1,0,41,1,2,1,2,0,2,0,0,0,0,1,0,83.75,3273.55,1,1,3433.75
6718,1,0,1,1,68,1,0,1,2,0,2,0,0,0,2,0,1,80.35,5375.15,0,1,5463.799999999999
1827,0,1,1,0,26,1,2,1,0,0,2,0,2,2,0,1,0,98.1,2510.7,0,3,2550.6
783,1,0,0,0,57,0,1,0,0,0,2,2,2,2,2,0,1,53.35,3090.05,0,0,3040.9500000000003
3285,0,0,0,0,3,1,0,2,1,1,1,1,1,1,0,0,2,19.55,61.05,0,2,58.650000000000006
5272,0,0,0,0,1,1,0,2,1,1,1,1,1,1,0,0,3,20.9,20.9,1,2,20.9
4929,1,0,1,1,19,1,0,0,2,0,0,0,0,0,1,1,0,48.95,955.6,0,2,930.0500000000001
675,0,0,0,0,3,1,0,0,0,0,0,0,2,0,0,1,2,54.2,140.4,0,2,162.60000000000002
3583,0,0,0,0,59,1,2,2,1,1,1,1,1,1,2,0,2,24.45,1493.1,0,0,1442.55
5615,0,0,1,0,1,1,0,1,0,0,0,0,0,0,0,1,3,69.4,69.4,1,3,69.4
6104,1,0,1,0,42,0,1,0,2,0,0,0,2,0,0,1,0,40.15,1626.05,0,0,1686.3
4767,0,0,0,0,7,1,2,1,0,0,0,0,0,0,0,1,2,74.9,541.15,1,3,524.3000000000001
2723,1,0,1,0,67,1,2,2,1,1,1,1,1,1,2,0,1,25.6,1784.9,0,0,1715.2
5287,1,0,0,0,1,1,0,1,0,0,0,0,0,0,0,1,2,70.35,70.35,0,3,70.35
5657,1,0,1,0,66,1,2,0,2,2,2,2,2,2,2,0,0,91.7,6075.9,0,1,6052.2
5158,0,0,0,0,61,1,2,1,0,0,2,0,0,2,0,0,3,89.2,5500.6,0,1,5441.2
2889,1,0,1,1,4,1,2,2,1,1,1,1,1,1,1,0,1,24.1,73.1,0,2,96.4
2598,0,1,1,0,42,1,0,1,2,0,0,0,0,0,0,1,1,74.15,3229.4,1,1,3114.3
5872,0,0,1,1,64,1,2,0,0,2,0,0,0,0,1,1,0,53.85,3399.85,0,0,3446.4
303,0,1,1,0,54,1,2,1,2,2,2,2,2,2,1,1,0,115.6,6431.05,0,1,6242.4
5576,1,0,0,0,1,1,0,2,1,1,1,1,1,1,0,1,1,19.75,19.75,0,2,19.75
2179,1,0,1,1,54,1,2,2,1,1,1,1,1,1,2,1,0,24.05,1230.9,0,0,1298.7
6072,0,0,0,1,18,1,2,2,1,1,1,1,1,1,2,0,1,25.3,454.65,0,2,455.40000000000003
134,1,0,0,0,3,1,0,1,0,2,0,0,0,2,0,0,2,84.3,235.05,0,3,252.89999999999998
3296,0,0,0,0,1,1,0,1,0,0,0,0,0,0,0,1,2,70.1,70.1,1,3,70.1
6672,0,0,1,1,72,1,2,0,2,2,2,2,2,2,2,0,1,89.75,6595.9,0,1,6462.0
388,1,1,1,0,60,1,0,1,0,2,2,0,2,2,1,1,2,97.95,5867.0,0,1,5877.0
660,0,0,1,1,11,1,0,2,1,1,1,1,1,1,1,1,3,20.0,196.35,0,2,220.0
4384,0,0,0,1,12,1,2,1,2,0,0,0,0,0,0,1,2,78.3,909.25,1,3,939.5999999999999
1952,1,0,1,1,61,1,0,1,0,2,2,2,2,2,1,0,1,103.9,6449.15,0,1,6337.900000000001
3529,0,0,0,0,39,1,0,2,1,1,1,1,1,1,2,0,1,20.7,762.45,0,0,807.3
869,1,0,0,0,55,1,2,1,0,0,0,0,2,2,0,1,2,96.8,5283.95,1,1,5324.0
6803,0,0,0,0,17,1,2,1,2,2,0,0,2,0,0,1,2,94.4,1617.5,1,3,1604.8000000000002
5914,1,0,0,0,37,1,0,2,1,1,1,1,1,1,1,0,1,20.15,785.75,0,0,745.55
4913,0,0,1,0,72,1,2,2,1,1,1,1,1,1,2,1,3,26.0,1776.0,0,0,1872.0
3790,1,1,1,0,72,1,2,0,0,2,2,2,2,0,2,0,1,77.35,5396.25,0,1,5569.2
5536,0,0,0,0,8,1,0,0,2,0,0,2,0,2,0,0,0,66.05,574.5,0,3,528.4
2468,0,0,1,1,22,1,0,2,1,1,1,1,1,1,0,0,3,19.9,400.3,0,2,437.79999999999995
1353,0,0,0,0,1,1,0,1,0,2,0,0,2,0,0,0,2,84.3,84.3,1,3,84.3
4518,0,0,0,0,38,1,2,0,0,2,0,2,0,2,0,0,1,68.15,2656.3,0,3,2589.7000000000003
2536,1,0,0,1,17,1,0,0,0,2,2,2,2,2,1,0,2,80.85,1445.95,0,3,1374.4499999999998
484,0,1,0,0,70,1,2,0,0,2,2,2,2,0,2,1,0,75.5,5212.65,0,1,5285.0
6055,0,1,1,1,72,1,2,0,2,2,2,2,2,2,2,0,1,92.45,6440.25,1,1,6656.400000000001
2780,0,0,0,0,28,1,0,1,0,0,0,0,0,2,0,1,2,80.6,2244.95,0,3,2256.7999999999997
6532,0,0,0,0,15,1,0,1,0,2,0,0,2,0,0,1,0,83.2,1130.0,0,3,1248.0
2857,1,0,1,1,72,1,2,0,2,2,2,2,2,2,2,1,0,87.55,6463.15,0,1,6303.599999999999
1352,0,1,1,0,11,1,2,1,0,0,2,0,2,2,0,1,2,99.55,1131.2,1,3,1095.05
6229,1,1,0,0,8,1,2,1,0,0,2,0,0,0,0,1,2,81.25,585.95,1,3,650.0
59,0,0,1,0,57,1,2,1,0,2,2,2,2,2,1,1,0,109.4,6252.7,0,1,6235.8
2445,1,0,1,1,1,1,0,2,1,1,1,1,1,1,0,0,0,19.95,19.95,1,2,19.95
6123,0,0,1,0,46,0,1,0,2,2,0,0,2,0,0,0,2,45.55,2062.15,0,0,2095.2999999999997
5192,1,0,1,0,30,1,0,2,1,1,1,1,1,1,1,0,1,20.7,587.1,0,2,621.0
6703,1,1,1,0,10,1,0,1,2,0,0,0,0,0,0,0,2,75.3,720.45,0,3,753.0
2764,1,0,1,0,23,1,2,1,2,2,2,0,2,0,0,1,2,99.25,2186.4,1,3,2282.75
4660,1,0,0,0,32,1,0,1,2,2,2,0,0,2,0,1,1,93.4,2979.3,0,3,2988.8
3430,1,0,0,0,13,1,0,1,2,0,0,0,0,0,0,1,1,73.75,956.65,0,3,958.75
5449,0,0,0,0,39,1,0,1,0,0,2,2,0,0,2,1,2,80.45,3201.55,1,3,3137.55
6820,0,0,0,0,44,1,0,1,0,2,2,0,2,0,0,1,1,88.15,3973.2,0,1,3878.6000000000004
288,1,1,0,0,9,1,0,0,0,0,0,2,0,0,0,0,3,49.2,447.9,0,2,442.8
1310,0,0,1,0,67,1,0,2,1,1,1,1,1,1,2,0,3,19.65,1335.2,0,0,1316.55
3464,1,0,1,1,9,1,2,1,0,0,2,0,0,0,0,1,0,79.35,661.25,1,3,714.15
1459,0,0,0,0,15,1,2,1,0,2,0,0,0,0,0,1,2,79.75,1111.85,1,3,1196.25
3811,0,0,1,0,71,1,2,1,0,2,2,0,2,2,2,1,0,105.15,7555.0,0,1,7465.650000000001
1785,1,0,0,0,1,1,0,0,0,0,0,2,0,0,0,0,1,49.0,49.0,0,2,49.0
6799,0,0,1,1,30,1,2,1,0,0,2,0,2,2,0,1,2,100.05,3046.15,1,3,3001.5
2400,1,0,0,0,1,1,0,1,0,0,0,0,0,0,0,1,2,69.35,69.35,1,3,69.35
758,1,0,1,0,17,0,1,0,0,2,0,0,2,2,0,1,3,49.8,836.35,0,2,846.5999999999999
252,0,0,0,0,3,1,0,1,0,0,0,2,0,2,0,0,2,85.8,272.2,1,3,257.4
3042,1,0,1,1,67,1,2,0,2,0,2,0,2,2,2,1,2,79.7,5293.4,1,1,5339.900000000001
4784,1,0,0,0,1,1,0,2,1,1,1,1,1,1,0,0,0,20.95,20.95,0,2,20.95
6394,0,1,0,0,1,1,2,0,0,0,0,0,0,0,0,0,3,50.55,50.55,1,2,50.55
6373,0,1,1,0,32,1,2,1,0,0,2,0,0,0,0,0,3,79.3,2570.0,0,3,2537.6
5127,1,0,1,1,41,1,0,2,1,1,1,1,1,1,1,0,0,19.5,798.2,0,0,799.5
201,1,0,1,0,1,1,0,1,0,0,0,0,2,0,0,1,2,80.55,80.55,1,3,80.55
4360,0,0,0,0,1,1,0,0,0,0,0,0,0,0,0,0,0,44.15,44.15,0,2,44.15
3923,0,0,1,1,12,1,2,1,0,2,2,0,0,0,0,1,2,84.5,916.9,1,3,1014.0
3798,1,0,1,1,62,1,2,1,2,2,0,0,2,2,0,1,2,105.5,6487.2,0,1,6541.0
3960,0,0,0,0,22,1,0,1,0,2,0,0,0,2,0,1,3,84.3,1855.65,1,3,1854.6
1403,0,0,0,1,17,1,2,1,0,2,2,2,0,0,0,1,1,92.7,1556.85,0,3,1575.9
3226,0,0,1,1,72,1,2,2,1,1,1,1,1,1,2,1,0,26.25,1988.05,0,0,1890.0
4118,1,0,1,1,56,1,2,1,0,2,0,2,2,0,0,1,1,96.95,5432.2,0,1,5429.2
954,0,0,0,0,9,1,0,2,1,1,1,1,1,1,0,1,1,20.45,147.55,0,2,184.04999999999998
4184,1,0,1,0,72,1,2,1,2,2,2,2,2,2,2,1,0,115.8,8424.9,0,1,8337.6
3028,1,0,0,0,20,1,0,1,2,2,2,2,2,2,0,1,0,108.2,2203.7,0,3,2164.0
3371,1,0,1,1,19,1,0,2,1,1,1,1,1,1,2,0,3,20.2,387.4,0,2,383.8
2636,1,0,0,0,2,1,0,1,0,0,0,0,0,0,0,1,2,67.75,116.65,1,3,135.5
4209,1,0,0,0,53,0,1,0,0,0,2,2,2,2,1,0,1,54.9,3045.75,0,0,2909.7
5726,0,1,0,0,27,1,2,1,0,0,0,0,0,2,0,1,2,85.25,2287.25,1,3,2301.75
5531,1,0,0,0,6,1,0,2,1,1,1,1,1,1,0,0,0,20.15,130.5,0,2,120.89999999999999
1541,1,0,1,1,9,1,2,1,0,0,2,0,2,0,1,1,2,90.35,767.9,0,3,813.15
6626,0,0,1,1,8,1,2,0,0,2,0,0,0,0,0,0,2,55.75,446.8,0,2,446.0
3784,0,0,1,1,71,1,2,1,2,2,2,2,2,2,2,0,0,114.6,8100.25,0,1,8136.599999999999
3170,0,0,0,0,10,1,2,1,0,2,0,0,0,0,0,1,0,80.05,830.7,1,3,800.5
3438,1,0,0,0,1,1,0,2,1,1,1,1,1,1,0,0,3,20.0,20.0,1,2,20.0
1260,0,0,1,0,71,0,1,0,2,2,2,2,2,2,1,0,0,66.8,4689.15,0,1,4742.8
5940,1,0,1,0,68,1,0,1,0,2,0,2,2,2,1,1,2,100.3,6754.35,0,1,6820.4
1862,1,0,0,0,34,1,2,1,0,2,0,2,2,2,0,1,2,105.35,3540.65,0,1,3581.8999999999996
2596,1,0,0,0,26,1,0,1,0,2,2,2,0,0,1,1,2,85.2,2184.6,0,3,2215.2000000000003
5429,0,0,0,0,22,1,0,0,2,0,0,0,0,0,0,1,1,48.8,1054.6,1,2,1073.6
955,1,0,0,0,7,1,0,2,1,1,1,1,1,1,0,1,3,18.95,130.55,0,2,132.65
402,0,0,1,0,20,1,0,1,0,0,0,0,0,0,0,1,0,69.8,1540.35,0,3,1396.0
4528,0,0,1,0,60,1,2,1,0,2,2,0,2,2,0,1,2,106.15,6411.25,0,1,6369.0
4863,1,0,1,1,72,1,0,2,1,1,1,1,1,1,2,0,2,20.55,1432.55,0,0,1479.6000000000001
6359,0,1,1,0,72,1,2,1,0,2,2,0,2,2,1,1,1,105.75,7629.85,0,1,7614.0
6179,1,0,0,0,4,1,2,2,1,1,1,1,1,1,0,0,3,25.25,101.9,0,2,101.0
2224,1,0,1,1,16,1,0,2,1,1,1,1,1,1,0,0,2,19.75,313.4,0,2,316.0
317,0,1,1,0,62,1,2,1,2,0,2,0,2,2,1,1,2,104.85,6312.9,0,1,6500.7
5515,0,0,0,0,10,1,0,0,0,0,0,2,0,2,0,1,3,60.95,629.55,0,3,609.5
4008,1,0,0,0,31,1,2,1,0,2,0,0,0,0,0,1,2,81.15,2640.55,0,3,2515.65
561,0,0,1,0,71,1,0,2,1,1,1,1,1,1,2,0,1,19.1,1372.45,0,0,1356.1000000000001
6414,1,0,0,0,58,1,0,2,1,1,1,1,1,1,2,0,3,20.8,1212.25,0,0,1206.4
4340,1,0,1,1,70,1,2,0,2,2,2,2,2,2,2,1,1,90.15,6237.05,0,1,6310.5
1652,0,0,1,0,71,1,2,0,2,2,2,2,2,2,2,0,2,90.1,6310.9,0,1,6397.099999999999
5327,1,1,0,0,69,1,2,0,2,0,2,2,0,2,2,0,1,74.1,5031.0,0,1,5112.9
725,0,1,0,0,1,1,2,1,0,0,0,0,0,2,0,1,2,85.05,85.05,1,3,85.05
5360,0,0,1,1,72,1,2,1,2,2,2,2,2,2,2,1,0,118.75,8672.45,0,1,8550.0
3694,0,0,1,0,26,1,0,1,0,0,0,2,0,2,0,0,1,85.9,2196.45,0,3,2233.4
1428,0,0,1,0,33,1,2,1,0,0,2,2,0,2,0,1,1,95.0,3008.15,0,3,3135.0
1034,0,0,1,1,10,1,0,2,1,1,1,1,1,1,2,0,3,20.15,220.8,0,2,201.5
3447,0,1,0,0,57,1,2,1,2,0,2,2,0,2,2,0,1,101.3,5779.6,0,1,5774.099999999999
5679,0,0,0,0,10,1,0,2,1,1,1,1,1,1,0,1,2,21.2,222.65,0,2,212.0
1277,0,0,1,1,39,1,2,2,1,1,1,1,1,1,1,1,3,24.2,914.6,0,0,943.8
6524,0,0,0,0,11,1,0,2,1,1,1,1,1,1,0,0,0,20.3,246.3,0,2,223.3
3258,0,0,1,1,21,1,0,1,0,2,2,2,2,2,0,1,2,102.8,2110.15,1,3,2158.7999999999997
1507,0,0,1,1,68,1,2,0,0,2,2,2,2,2,2,0,0,85.3,5560.0,0,1,5800.4
1669,1,0,0,0,18,1,2,1,0,0,2,0,2,0,1,1,1,89.6,1633.0,0,3,1612.8
2403,0,0,0,0,6,1,0,1,0,0,2,2,2,2,0,1,3,99.95,547.65,1,3,599.7
3480,1,0,0,0,18,1,2,0,2,0,0,0,0,0,0,0,3,56.25,969.85,0,3,1012.5
1237,0,0,1,1,52,1,0,0,0,0,2,0,0,0,1,1,0,50.95,2610.65,0,0,2649.4
1184,1,0,1,1,56,1,2,1,2,2,2,2,2,2,2,0,3,115.85,6567.9,0,1,6487.599999999999
2762,1,0,0,0,45,1,2,1,0,0,2,2,2,2,0,1,0,103.65,4747.85,0,1,4664.25
854,0,0,0,0,67,1,2,2,1,1,1,1,1,1,2,1,3,26.1,1759.55,0,0,1748.7
2516,1,0,1,0,3,0,1,0,2,0,0,2,0,0,0,0,3,35.1,101.1,0,2,105.30000000000001
5729,1,1,0,0,65,1,0,1,0,2,2,0,2,2,0,1,0,99.1,6496.15,0,1,6441.5
2672,1,0,1,0,63,1,2,0,0,2,0,2,0,2,2,0,3,67.25,4234.15,0,1,4236.75
1181,0,0,1,1,11,1,2,2,1,1,1,1,1,1,2,0,3,25.0,300.7,0,2,275.0
1971,1,0,0,1,1,1,0,0,0,0,0,2,0,2,0,1,3,59.55,59.55,0,2,59.55
551,1,0,0,0,55,1,2,0,0,0,2,0,2,2,2,1,0,77.8,4323.35,0,1,4279.0
1730,1,0,1,1,25,1,2,0,0,0,0,2,0,0,1,1,3,55.1,1466.1,0,3,1377.5
2003,1,0,1,0,72,1,2,1,2,2,2,2,2,2,1,1,0,117.8,8684.8,1,1,8481.6
430,0,0,1,0,72,1,2,2,1,1,1,1,1,1,2,1,1,24.15,1776.45,0,0,1738.8
4775,0,0,0,1,65,0,1,0,0,2,0,2,2,0,2,0,3,45.25,2933.95,0,0,2941.25
4965,0,1,0,0,54,1,2,1,0,2,0,0,0,0,0,1,2,79.5,4370.25,1,1,4293.0
3323,1,0,1,1,7,1,0,2,1,1,1,1,1,1,0,0,3,20.25,144.35,0,2,141.75
6683,0,0,1,0,72,1,2,0,2,2,0,2,0,0,2,0,0,64.75,4804.75,0,1,4662.0
3033,1,0,1,0,21,1,0,0,0,0,0,0,2,0,0,0,0,54.6,1125.2,0,3,1146.6000000000001
2098,0,0,0,0,2,1,0,2,1,1,1,1,1,1,0,1,0,20.7,39.85,0,2,41.4
4504,1,1,0,0,4,1,0,1,0,0,2,0,2,2,0,1,2,94.75,422.4,0,3,379.0
2994,1,0,1,0,3,1,2,1,0,0,0,2,0,0,0,1,0,79.65,251.75,1,3,238.95000000000002
6022,1,0,1,0,72,1,2,1,2,2,2,2,2,2,2,0,1,115.8,8332.15,0,1,8337.6
197,0,0,0,0,6,1,0,0,2,0,0,0,0,0,0,1,2,49.45,314.6,0,2,296.70000000000005
6141,1,0,0,0,52,1,0,1,0,0,2,0,0,2,0,1,1,83.8,4331.4,0,1,4357.599999999999
6190,1,1,1,0,69,1,2,1,0,2,2,0,0,2,0,1,0,95.35,6382.0,0,1,6579.15
210,1,0,0,0,8,1,0,1,0,0,2,0,2,2,0,1,2,94.7,740.3,1,3,757.6
3123,0,1,0,0,8,1,0,1,0,0,2,0,0,0,0,1,0,74.05,600.15,0,3,592.4
635,0,1,0,0,63,1,2,1,0,0,2,0,0,2,0,1,0,89.6,5538.8,0,1,5644.799999999999
2576,1,0,0,0,60,1,2,1,2,2,2,2,2,2,1,1,1,116.6,7049.5,0,1,6996.0
822,0,0,1,0,12,1,0,0,2,0,0,2,0,0,0,0,0,54.2,690.5,0,2,650.4000000000001
4331,0,0,0,0,13,1,0,2,1,1,1,1,1,1,0,1,3,19.3,279.3,0,2,250.9
1253,1,0,0,0,22,1,2,0,2,2,2,0,0,0,0,0,3,65.05,1427.55,0,3,1431.1
1689,1,0,0,0,5,1,2,1,0,0,2,0,2,0,0,1,2,92.5,452.7,1,3,462.5
3342,0,0,1,1,1,1,0,2,1,1,1,1,1,1,0,0,3,19.45,19.45,1,2,19.45
1229,0,0,1,1,72,1,2,2,1,1,1,1,1,1,2,1,0,24.05,1709.15,0,0,1731.6000000000001
6632,0,0,0,0,2,1,0,2,1,1,1,1,1,1,0,0,0,18.75,53.15,0,2,37.5
6404,0,0,1,1,40,1,0,2,1,1,1,1,1,1,2,0,0,20.15,777.35,0,0,806.0
877,1,0,1,1,44,1,0,2,1,1,1,1,1,1,1,0,0,20.0,860.85,0,0,880.0
6657,1,1,1,0,71,1,0,0,2,2,0,2,2,0,1,1,0,71.0,5012.1,0,1,5041.0
5552,0,0,0,0,2,1,2,1,0,0,0,0,0,0,0,1,2,75.55,166.3,1,3,151.1
5254,1,1,0,0,26,1,2,1,0,0,0,0,2,2,0,1,2,93.6,2404.1,0,3,2433.6
1255,1,0,1,1,1,1,0,1,0,0,0,0,0,0,0,1,2,70.0,70.0,1,3,70.0
6973,0,0,0,0,1,0,1,0,0,0,0,0,0,0,0,0,3,24.4,24.4,0,2,24.4
3884,1,0,1,1,65,1,0,0,2,0,0,2,2,2,2,1,0,74.8,4820.15,1,1,4862.0
850,1,0,0,0,3,1,2,0,0,0,0,2,2,0,0,1,3,65.25,209.9,0,3,195.75
4048,1,0,0,0,13,1,0,0,0,0,0,2,0,0,0,1,3,50.55,610.75,0,2,657.15
3709,0,0,1,0,33,1,2,1,0,2,2,0,2,2,0,1,2,104.4,3409.6,1,3,3445.2000000000003
3551,0,0,0,0,1,1,0,1,0,0,0,0,0,0,0,1,3,70.7,70.7,0,3,70.7
5247,1,0,1,1,4,1,0,0,0,0,0,0,0,0,0,0,3,45.25,155.35,0,2,181.0
6843,1,0,0,0,2,1,0,1,0,0,0,0,0,0,0,1,2,70.3,144.0,0,3,140.6
3661,1,0,1,0,72,1,2,1,2,2,0,2,2,2,2,1,1,108.95,7875.0,0,1,7844.400000000001
4618,0,0,1,1,37,1,2,2,1,1,1,1,1,1,0,0,3,26.45,911.6,0,0,978.65
2474,0,0,0,0,15,1,0,1,2,0,0,0,2,0,0,0,2,86.2,1270.2,1,3,1293.0
2221,0,0,0,0,23,1,0,2,1,1,1,1,1,1,1,1,1,19.65,478.1,0,2,451.95
1421,0,0,1,1,30,0,1,0,0,0,0,2,2,2,0,0,1,51.2,1561.5,1,0,1536.0
3159,0,0,1,1,42,1,0,2,1,1,1,1,1,1,1,1,2,19.05,761.85,0,0,800.1
4245,0,0,0,0,32,1,2,0,2,0,0,0,2,2,1,0,3,74.75,2282.95,0,3,2392.0
6903,0,0,1,1,22,1,2,1,0,0,0,0,0,0,0,1,0,75.8,1615.1,0,3,1667.6
4799,1,0,1,0,42,0,1,0,0,0,0,0,0,0,0,1,1,25.1,1097.15,0,0,1054.2
5994,0,0,0,0,8,1,0,0,0,0,0,0,0,0,0,0,3,44.45,369.3,0,2,355.6
4691,0,0,1,1,65,1,2,1,2,0,2,0,2,2,2,1,1,104.3,6725.3,0,1,6779.5
603,0,0,0,0,2,1,0,2,1,1,1,1,1,1,0,0,3,19.5,31.55,1,2,39.0
6627,0,0,1,1,70,1,2,0,2,2,2,2,2,2,2,1,0,89.0,6293.2,0,1,6230.0
2827,1,0,0,1,22,1,0,2,1,1,1,1,1,1,0,0,1,20.15,432.5,0,2,443.29999999999995
491,0,1,0,0,4,1,2,1,0,0,0,0,0,0,0,1,2,74.9,321.75,1,3,299.6
5362,0,0,0,0,2,1,2,1,0,0,0,0,0,0,0,0,1,74.9,147.15,1,3,149.8
2729,0,0,1,1,67,0,1,0,2,2,0,0,0,0,2,0,0,36.15,2434.45,0,0,2422.0499999999997
6211,0,0,0,0,25,1,0,2,1,1,1,1,1,1,0,1,1,19.2,532.1,0,2,480.0
3933,0,0,1,0,20,1,0,2,1,1,1,1,1,1,0,0,0,19.25,375.25,0,2,385.0
1214,0,0,0,1,2,1,0,0,2,0,0,0,0,2,0,1,1,61.2,125.95,0,3,122.4
6140,1,0,0,0,51,1,0,2,1,1,1,1,1,1,2,0,3,20.45,1042.65,0,0,1042.95
6176,0,0,1,1,46,0,1,0,2,2,0,0,0,0,0,0,0,35.05,1620.25,0,0,1612.3
2368,0,0,0,0,25,1,2,1,0,2,0,0,2,2,0,1,2,100.25,2387.75,1,3,2506.25
5744,1,0,0,1,13,1,0,0,0,0,0,0,0,0,0,0,3,44.0,659.35,0,2,572.0
4543,0,1,0,0,25,1,2,1,2,2,0,0,2,2,0,1,3,102.8,2660.2,1,3,2570.0
671,1,0,1,1,26,1,0,0,0,0,2,0,0,0,1,0,3,50.35,1285.8,0,2,1309.1000000000001
5300,1,0,0,0,43,1,2,1,0,0,0,2,2,2,1,1,2,100.0,4211.55,1,1,4300.0
2100,1,0,0,1,19,1,0,2,1,1,1,1,1,1,0,1,2,20.0,377.55,0,2,380.0
5986,1,0,1,0,10,1,0,1,0,2,0,2,2,2,0,1,2,99.85,990.9,1,3,998.5
2097,0,0,0,1,2,1,2,1,0,0,0,0,2,2,0,1,0,94.2,193.8,1,3,188.4
5843,0,0,1,0,72,1,2,0,2,2,0,2,2,2,2,1,0,86.4,6058.95,0,1,6220.8
1336,1,1,0,0,18,1,2,0,2,2,0,0,0,0,0,1,1,58.4,964.9,0,3,1051.2
7023,1,1,0,0,9,1,2,1,0,0,0,0,0,2,0,1,2,83.85,790.15,1,3,754.65
338,0,1,0,0,27,1,2,1,0,0,2,0,0,2,0,0,1,88.3,2467.75,1,3,2384.1
6584,1,0,0,0,24,1,2,1,0,0,0,0,2,2,0,1,2,94.1,2322.85,0,3,2258.3999999999996
4472,1,0,0,0,69,1,0,1,0,2,2,2,2,2,1,1,0,104.05,7262.0,1,1,7179.45
224,0,0,1,0,46,1,2,1,0,2,2,2,2,2,2,1,1,108.9,4854.3,0,1,5009.400000000001
5696,0,1,0,0,72,1,2,1,2,2,2,2,0,2,2,1,0,107.4,7748.75,0,1,7732.8
2551,1,0,1,0,22,1,0,1,0,0,2,0,2,2,0,1,1,94.7,1914.9,1,3,2083.4
2081,0,1,1,0,70,1,2,1,2,0,0,0,0,2,0,1,2,90.85,6470.1,0,1,6359.5
1955,0,0,0,0,2,1,0,2,1,1,1,1,1,1,0,0,2,19.9,57.4,0,2,39.8
5009,1,0,1,0,31,1,0,0,0,0,2,2,0,2,0,1,1,66.4,2019.8,0,3,2058.4
2667,0,1,1,0,56,1,2,1,0,0,2,0,2,2,0,1,0,100.65,5688.05,1,1,5636.400000000001
164,0,0,1,1,16,1,0,1,2,0,2,0,2,2,0,0,0,100.7,1522.7,0,3,1611.2
312,1,0,0,1,52,1,2,2,1,1,1,1,1,1,2,0,1,25.6,1334.5,0,0,1331.2
399,1,0,1,1,13,1,0,2,1,1,1,1,1,1,0,1,3,19.85,252.0,0,2,258.05
6696,0,0,0,0,35,1,0,2,1,1,1,1,1,1,1,0,3,20.75,700.45,0,0,726.25
6447,0,0,0,0,59,1,0,1,0,0,2,0,2,2,2,0,2,95.8,5655.45,0,1,5652.2
79,1,0,1,0,72,1,0,1,0,0,2,0,2,2,0,1,2,94.65,6747.35,0,1,6814.8
5801,0,1,1,0,66,1,2,0,0,2,2,0,2,2,2,1,0,80.55,5265.1,1,1,5316.3
4142,0,0,1,0,49,1,2,1,2,2,2,2,0,2,2,0,1,106.65,5174.35,0,1,5225.85
3815,0,0,0,0,2,1,0,0,0,0,0,0,0,0,0,1,3,45.85,105.6,0,2,91.7
4222,1,1,0,0,21,1,2,1,0,2,2,0,2,2,0,1,2,104.35,2271.85,0,3,2191.35
4267,1,1,0,0,54,0,1,0,0,2,2,0,2,2,1,1,2,55.45,2966.95,0,0,2994.3
2050,1,1,1,0,24,1,2,1,2,0,0,0,0,0,0,1,2,78.85,1772.25,1,3,1892.3999999999999
1296,1,0,0,0,1,1,2,0,2,2,0,0,0,0,0,0,2,61.15,61.15,0,3,61.15
4078,1,0,0,0,6,1,0,1,2,2,0,0,0,0,0,1,2,78.95,494.95,0,3,473.70000000000005
4673,0,0,0,0,1,1,0,0,0,0,0,0,0,0,0,1,3,44.45,44.45,1,2,44.45
657,1,0,0,1,49,1,2,1,2,2,2,0,2,2,1,1,1,109.2,5290.45,0,1,5350.8
3674,0,0,1,1,56,1,0,0,2,2,2,0,0,0,2,1,1,61.3,3346.8,0,0,3432.7999999999997
2817,0,1,0,0,56,1,2,1,2,2,0,0,0,2,0,1,2,96.85,5219.65,0,1,5423.599999999999
5551,0,0,1,1,6,0,1,0,0,2,2,2,0,0,2,0,3,40.55,217.5,0,2,243.29999999999998
4152,1,0,0,0,32,1,0,2,1,1,1,1,1,1,1,0,3,19.8,607.7,0,2,633.6
5344,1,0,1,1,50,1,2,1,2,2,2,0,2,2,1,1,2,108.25,5431.4,0,1,5412.5
5340,1,0,1,1,58,1,2,1,0,0,2,2,2,2,1,1,0,105.05,6004.85,0,1,6092.9
9,0,0,1,1,65,1,2,0,2,2,2,2,2,2,2,1,3,90.45,5957.9,0,1,5879.25
5314,0,0,0,0,64,1,2,0,2,2,2,2,2,2,2,1,1,86.4,5442.05,0,1,5529.6
3670,0,0,1,0,66,1,2,0,2,2,2,0,0,0,2,0,0,66.9,4370.25,0,1,4415.400000000001
6579,1,0,1,0,38,1,2,1,2,0,2,2,2,2,1,1,2,110.7,4428.6,0,1,4206.6
2485,0,0,1,0,20,1,0,2,1,1,1,1,1,1,1,1,3,20.0,416.45,0,2,400.0
234,1,0,0,0,36,1,2,1,0,0,0,0,0,2,0,1,2,84.9,3067.2,1,3,3056.4
6340,1,1,0,0,64,1,2,1,0,0,2,2,2,2,1,0,2,102.1,6688.1,0,1,6534.4
2953,1,0,0,0,1,1,0,2,1,1,1,1,1,1,0,0,3,20.25,20.25,1,2,20.25
5371,0,0,0,0,60,1,0,0,0,2,2,2,2,0,1,1,1,70.15,4224.7,0,1,4209.0
2982,1,0,0,0,1,1,0,1,0,2,0,0,0,0,0,1,2,74.35,74.35,1,3,74.35
3580,0,0,1,1,50,1,2,0,2,2,2,2,0,2,1,1,0,80.05,4042.2,0,1,4002.5
1054,1,0,0,0,1,1,2,0,0,0,2,2,0,0,0,0,3,62.05,62.05,1,3,62.05
1485,0,0,1,0,72,0,1,0,2,2,2,0,0,2,2,1,2,49.2,3580.95,0,0,3542.4
2201,1,0,1,0,60,1,0,2,1,1,1,1,1,1,2,1,0,20.5,1198.8,0,0,1230.0
4335,1,0,0,0,46,0,1,0,2,0,2,2,0,0,2,0,3,38.25,1755.35,0,0,1759.5
4628,0,0,1,1,69,0,1,0,0,2,2,0,2,2,2,1,1,54.95,3772.5,0,0,3791.55
5548,1,1,0,0,31,1,2,1,0,0,2,2,2,0,0,1,0,96.6,2877.95,0,3,2994.6
6181,1,0,1,1,19,1,0,2,1,1,1,1,1,1,1,0,3,19.9,357.7,0,2,378.09999999999997
715,0,0,1,1,71,1,0,2,1,1,1,1,1,1,2,0,1,19.9,1397.3,0,0,1412.8999999999999
904,1,0,1,0,12,1,0,1,2,2,2,0,0,0,0,1,2,84.6,959.9,0,3,1015.1999999999999
2880,1,0,1,1,39,1,0,0,2,0,2,2,2,2,1,0,1,80.0,3182.95,1,3,3120.0
493,1,0,0,0,44,1,2,0,0,2,2,2,2,2,1,1,0,85.25,3704.15,0,1,3751.0
2123,0,0,1,1,56,1,2,0,2,2,2,2,2,0,2,0,1,81.25,4620.4,0,1,4550.0
6548,0,0,1,0,72,1,2,1,2,2,2,2,2,2,2,1,0,115.5,8312.75,0,1,8316.0
1628,1,0,0,0,5,1,2,1,0,2,2,0,2,2,0,0,3,104.1,541.9,1,3,520.5
2154,0,0,0,0,11,1,2,1,2,0,0,0,0,0,0,1,0,79.0,929.3,0,3,869.0
1908,1,1,1,0,24,0,1,0,2,0,0,0,0,2,0,0,0,39.1,971.3,1,2,938.4000000000001
4665,0,1,1,0,15,1,0,1,0,2,0,0,2,2,0,1,2,94.65,1285.05,0,3,1419.75
6033,1,0,0,0,72,1,0,2,1,1,1,1,1,1,2,1,3,20.8,1521.2,0,0,1497.6000000000001
4740,1,0,1,0,56,1,2,0,0,2,2,0,0,0,2,0,1,59.5,3389.25,0,0,3332.0
4355,1,1,0,0,64,1,0,2,1,1,1,1,1,1,2,1,0,20.05,1198.05,0,0,1283.2
4334,0,0,1,0,34,1,2,1,0,0,2,0,2,2,0,1,2,100.45,3414.65,0,3,3415.3
434,1,0,0,0,2,1,2,1,0,0,0,0,0,0,0,1,2,76.5,162.45,1,3,153.0
6281,1,0,0,0,35,1,0,2,1,1,1,1,1,1,1,0,0,20.6,754.0,0,0,721.0
2180,1,0,0,0,22,1,0,2,1,1,1,1,1,1,1,0,1,20.3,467.15,0,2,446.6
4708,1,0,0,0,5,1,0,0,0,0,0,2,0,0,0,1,2,49.2,216.9,1,2,246.0
242,1,0,0,0,9,0,1,0,2,2,2,0,0,0,1,0,3,39.55,373.0,0,2,355.95
6217,1,0,0,0,11,1,2,2,1,1,1,1,1,1,0,0,1,23.15,245.2,1,2,254.64999999999998
1142,1,0,0,0,23,1,0,2,1,1,1,1,1,1,1,0,3,20.45,481.1,0,2,470.34999999999997
4063,0,0,1,1,4,1,0,1,0,0,0,0,0,2,0,0,2,80.85,302.75,1,3,323.4
1400,1,0,1,0,68,1,2,2,1,1,1,1,1,1,2,0,0,25.25,1728.2,0,0,1717.0
6252,1,0,1,0,33,1,0,1,0,0,0,0,2,2,0,0,2,91.25,2964.05,0,3,3011.25
6701,1,0,0,0,31,1,0,0,2,2,2,2,2,0,0,1,0,72.45,2156.25,0,3,2245.9500000000003
1087,1,0,0,0,1,1,2,0,0,2,0,2,0,0,0,0,3,60.1,60.1,1,2,60.1
2550,0,0,0,0,56,1,0,2,1,1,1,1,1,1,2,0,0,19.7,1051.9,0,0,1103.2
6174,1,0,0,0,1,1,0,1,0,0,0,0,2,0,0,1,2,78.95,78.95,1,3,78.95
2495,1,0,1,1,66,1,0,0,2,2,2,2,2,0,1,1,2,75.1,5013.0,0,1,4956.599999999999
5850,1,0,1,1,72,1,2,2,1,1,1,1,1,1,2,0,0,25.0,1738.9,0,0,1800.0
5378,1,1,0,0,34,1,0,1,0,0,0,0,0,0,0,0,1,69.15,2275.1,0,3,2351.1000000000004
2812,0,0,1,1,58,1,0,1,0,2,2,0,2,0,0,1,2,91.55,5511.65,0,1,5309.9
2059,1,0,0,0,2,1,0,0,0,0,0,0,0,0,0,1,2,45.15,98.5,1,2,90.3
6161,1,0,0,0,37,0,1,0,0,0,0,0,2,0,2,0,1,35.8,1316.9,0,0,1324.6
707,0,0,0,0,71,1,2,1,2,2,2,2,2,2,2,1,1,113.15,7993.3,0,1,8033.650000000001
722,1,0,1,1,1,1,0,2,1,1,1,1,1,1,1,0,1,19.85,19.85,0,2,19.85
2808,1,1,1,1,71,1,0,2,1,1,1,1,1,1,2,0,1,19.8,1388.45,0,0,1405.8
1992,1,0,1,1,35,1,0,2,1,1,1,1,1,1,1,0,2,19.9,666.0,0,0,696.5
5511,0,0,1,1,6,1,0,2,1,1,1,1,1,1,1,0,3,19.7,94.45,0,2,118.19999999999999
1139,0,0,0,0,3,1,0,1,0,0,0,0,2,0,0,1,2,79.4,244.65,1,3,238.20000000000002
4099,0,0,1,1,69,1,0,0,0,2,2,2,0,0,1,0,0,59.1,4134.7,0,1,4077.9
6089,1,0,0,0,44,0,1,0,0,2,2,0,2,2,1,1,3,53.95,2375.4,1,0,2373.8
5255,0,0,1,0,53,1,2,1,0,0,0,2,0,2,1,1,2,91.15,4862.5,0,1,4830.950000000001
3895,0,0,1,0,24,1,0,1,0,2,2,0,2,2,0,1,1,99.3,2431.35,1,3,2383.2
12,0,0,1,0,5,1,0,1,0,0,0,0,0,0,0,1,2,68.95,351.5,0,3,344.75
5307,0,0,0,1,2,1,0,0,0,2,0,0,0,0,0,0,3,51.55,106.2,0,2,103.1
5398,1,0,0,1,62,1,2,2,1,1,1,1,1,1,2,1,3,24.4,1413.0,0,0,1512.8
321,0,0,1,0,19,1,0,1,0,0,2,0,2,2,0,1,2,96.8,1743.05,0,3,1839.2
4169,1,0,0,0,9,1,0,1,0,0,0,0,0,0,0,0,3,70.05,657.5,0,3,630.4499999999999
6913,1,0,0,0,53,1,0,2,1,1,1,1,1,1,2,0,1,19.5,1050.5,0,0,1033.5
4381,1,0,0,0,5,1,0,1,0,0,0,0,0,2,0,0,3,78.75,426.35,0,3,393.75
6194,0,1,1,1,71,1,2,0,2,2,0,0,2,0,1,0,2,69.2,4982.5,0,1,4913.2
1109,0,0,0,0,1,1,0,2,1,1,1,1,1,1,0,1,3,19.55,19.55,0,2,19.55
6257,1,0,0,0,18,1,2,1,0,2,0,0,0,0,0,1,2,80.65,1451.9,1,3,1451.7
4802,1,0,0,0,72,1,2,1,0,2,2,0,2,2,2,1,2,103.65,7634.8,0,1,7462.8
3936,0,0,1,0,4,1,0,0,2,2,0,0,0,0,0,0,3,54.7,235.05,0,2,218.8
6429,1,0,0,0,59,1,2,0,0,0,2,0,0,0,2,0,1,54.15,3116.15,0,0,3194.85
344,0,0,0,0,1,1,0,1,0,0,0,0,0,0,0,0,3,71.1,71.1,1,3,71.1
3708,0,1,1,0,31,1,2,1,0,0,0,0,0,2,0,1,2,84.85,2633.4,0,3,2630.35
5544,1,0,1,0,3,1,0,2,1,1,1,1,1,1,0,0,0,20.0,49.65,0,2,60.0
5028,0,1,1,0,65,1,2,1,0,2,2,0,2,2,1,1,2,106.25,6979.8,1,1,6906.25
1572,1,0,1,0,49,1,0,1,0,0,2,2,2,2,1,1,1,99.25,4920.8,0,1,4863.25
240,1,0,0,0,2,1,0,2,1,1,1,1,1,1,0,0,3,19.35,46.35,0,2,38.7
4631,0,0,1,0,53,1,0,2,1,1,1,1,1,1,1,0,0,20.8,1021.8,1,0,1102.4
2683,0,0,1,0,55,1,0,1,2,0,0,0,2,2,1,1,2,94.75,5276.1,0,1,5211.25
2736,1,0,1,1,72,1,2,1,2,2,2,2,2,2,2,1,1,114.05,8289.2,0,1,8211.6
3493,0,1,0,0,36,1,2,1,0,0,0,0,0,0,0,1,0,74.9,2659.45,0,3,2696.4
2927,0,0,1,1,10,1,0,2,1,1,1,1,1,1,0,1,0,19.8,196.75,0,2,198.0
6549,1,1,0,0,1,1,2,1,0,0,0,0,2,2,0,1,2,94.0,94.0,1,3,94.0
674,0,0,1,1,72,1,2,0,2,2,2,2,0,2,2,0,0,80.85,5824.75,0,1,5821.2
7029,0,0,0,0,28,1,0,0,0,2,0,2,0,0,0,0,0,54.65,1517.5,0,3,1530.2
2605,1,0,1,0,38,1,2,1,2,0,0,0,2,0,0,0,0,91.7,3479.05,0,1,3484.6
4067,0,0,0,0,61,1,2,1,2,2,2,2,2,2,1,1,2,118.6,7365.7,0,1,7234.599999999999
1501,1,0,1,1,52,1,2,2,1,1,1,1,1,1,2,0,3,24.55,1331.05,0,0,1276.6000000000001
4785,1,0,0,0,67,1,0,2,1,1,1,1,1,1,1,1,3,19.45,1195.95,0,0,1303.1499999999999
6825,0,0,0,1,34,1,2,1,2,2,2,2,2,2,2,1,1,116.15,3946.9,0,1,3949.1000000000004
5783,0,0,0,0,54,1,0,0,2,0,2,2,2,2,2,0,2,80.6,4299.95,0,1,4352.4
5549,0,0,1,0,1,1,0,2,1,1,1,1,1,1,0,1,0,20.3,20.3,0,2,20.3
764,0,1,0,0,15,1,2,1,0,2,0,0,0,2,0,0,2,89.85,1424.95,1,3,1347.75
3666,0,0,0,0,4,1,0,0,0,0,0,0,0,0,0,1,3,46.0,193.6,1,2,184.0
3665,0,0,0,0,9,1,0,0,0,2,0,2,2,0,0,0,3,66.25,620.55,1,3,596.25
6095,0,0,0,1,46,1,0,1,0,2,2,0,2,2,0,1,2,99.8,4391.25,0,1,4590.8
5168,0,0,0,0,22,1,2,1,0,0,0,2,2,0,0,1,2,90.0,1993.8,1,3,1980.0
6737,1,0,0,0,38,1,0,1,0,0,0,0,0,0,1,1,0,70.45,2597.6,1,3,2677.1
4178,0,0,1,1,55,1,2,0,2,2,0,2,2,0,1,1,1,75.0,4213.9,0,1,4125.0
4726,0,0,0,0,1,1,0,2,1,1,1,1,1,1,0,0,3,19.9,19.9,0,2,19.9
5929,1,1,1,0,64,1,0,1,2,0,2,0,0,0,1,0,1,80.3,5017.7,0,1,5139.2
408,1,0,0,1,53,1,0,2,1,1,1,1,1,1,2,0,0,19.75,1052.35,1,0,1046.75
3998,0,0,1,0,58,1,2,0,2,0,2,2,2,2,2,1,2,84.3,4916.4,0,1,4889.4
6491,1,0,1,0,56,0,1,0,0,0,2,2,2,2,1,1,0,54.05,2959.8,0,0,3026.7999999999997
1826,1,0,1,1,72,1,0,1,2,0,2,2,2,2,2,1,1,104.9,7559.55,0,1,7552.8
6850,1,0,0,0,1,1,0,0,2,0,0,2,0,0,0,1,2,53.95,53.95,1,2,53.95
2333,1,1,1,0,72,1,2,1,0,2,0,0,2,2,1,1,1,97.25,7133.1,0,1,7002.0
626,1,0,0,0,22,1,2,1,0,0,0,0,0,2,0,0,2,83.05,1799.3,0,3,1827.1
2365,0,1,0,0,8,1,2,1,0,2,2,0,2,2,0,1,2,105.5,829.55,1,3,844.0
6731,0,0,0,1,16,1,0,1,0,0,0,0,2,0,0,1,2,81.0,1312.15,1,3,1296.0
5930,0,0,0,0,39,0,1,0,0,2,2,2,0,0,0,0,0,41.1,1597.05,0,0,1602.9
1101,0,0,0,0,12,1,0,0,0,0,0,0,0,0,0,1,0,45.0,524.35,0,2,540.0
367,1,0,1,0,54,1,0,0,2,2,0,0,2,2,2,1,0,74.55,4191.45,0,1,4025.7
3254,0,0,0,0,18,0,1,0,2,2,0,2,0,0,1,1,3,40.2,711.95,0,2,723.6
4592,1,0,1,0,32,1,0,0,2,2,0,2,0,2,1,0,3,70.5,2201.75,0,3,2256.0
6019,0,0,0,0,41,1,0,2,1,1,1,1,1,1,1,1,3,19.75,806.95,0,0,809.75
4865,1,0,1,1,67,1,2,2,1,1,1,1,1,1,2,0,0,24.65,1620.45,0,0,1651.55
1620,1,0,1,0,65,1,2,1,2,0,2,0,2,2,0,1,2,104.25,6812.95,0,1,6776.25
396,0,0,0,0,25,1,2,0,2,2,2,2,2,0,0,1,0,78.35,1837.9,0,3,1958.7499999999998
3621,0,0,1,1,1,1,0,1,0,0,0,0,0,0,0,1,2,69.8,69.8,1,3,69.8
942,0,0,1,0,67,1,2,1,0,2,2,2,2,2,1,1,1,109.7,7344.45,0,1,7349.900000000001
2139,1,1,0,0,7,1,2,1,0,0,0,0,0,0,0,0,3,73.75,545.15,1,3,516.25
4065,0,1,0,0,43,0,1,0,2,2,0,0,0,0,0,1,1,33.45,1500.25,0,0,1438.3500000000001
6396,0,0,0,0,24,1,0,1,2,0,0,0,2,2,0,1,2,94.6,2283.15,0,3,2270.3999999999996
4051,1,1,0,0,9,1,2,0,2,0,0,0,0,0,0,0,2,54.55,494.05,1,2,490.95
617,1,0,1,1,69,1,0,2,1,1,1,1,1,1,2,0,0,20.2,1376.5,0,0,1393.8
3671,0,0,0,1,37,1,0,2,1,1,1,1,1,1,1,0,0,20.3,755.4,0,0,751.1
34,1,0,1,1,20,0,1,0,2,0,2,2,0,0,2,1,1,39.4,825.4,0,2,788.0
6354,1,0,0,0,7,1,0,1,0,0,0,0,0,0,0,0,0,69.15,488.65,0,3,484.05000000000007
6138,0,1,0,0,37,1,2,1,0,0,0,0,0,0,0,1,2,76.25,2841.55,1,3,2821.25
3827,0,0,0,0,5,1,2,1,0,0,0,0,2,2,0,1,3,93.9,486.85,1,3,469.5
5819,1,0,0,0,41,0,1,0,0,0,2,0,2,2,1,1,2,51.35,2075.1,0,0,2105.35
637,0,0,0,0,54,1,0,1,2,2,0,0,2,2,1,1,1,100.05,5299.65,0,1,5402.7
1388,0,1,0,0,3,1,0,1,0,0,0,0,0,0,0,1,2,70.4,204.7,1,3,211.20000000000002
5319,1,1,0,0,69,1,0,2,1,1,1,1,1,1,2,0,1,20.3,1356.3,0,0,1400.7
301,0,0,0,0,53,1,0,1,0,2,2,2,0,2,1,1,1,94.45,5042.75,0,1,5005.85
921,1,0,1,1,18,0,1,0,0,2,2,0,2,0,1,0,1,46.4,812.4,0,2,835.1999999999999
590,1,0,1,0,64,1,0,1,2,2,0,2,2,2,2,1,1,104.05,6605.55,0,1,6659.2
6152,0,0,1,1,31,1,2,1,0,2,0,0,0,2,0,1,2,91.15,2995.45,1,3,2825.65
4497,0,0,0,0,20,0,1,0,0,0,0,0,0,0,0,0,1,24.9,505.95,0,2,498.0
2776,1,0,1,1,57,1,0,0,2,2,0,2,0,0,1,0,3,59.6,3509.4,0,0,3397.2000000000003
5707,1,1,1,0,63,1,2,1,2,2,2,0,2,2,2,0,1,108.5,6991.9,0,1,6835.5
5206,1,0,1,1,13,0,1,0,2,2,0,2,0,0,2,0,3,40.55,590.35,0,2,527.15
4930,0,1,1,0,48,1,0,0,0,2,0,0,0,2,1,1,0,58.95,2789.7,0,0,2829.6000000000004
2610,0,0,0,0,2,1,0,1,0,0,0,0,0,0,0,1,2,70.95,137.95,1,3,141.9
6160,1,0,1,1,57,1,0,2,1,1,1,1,1,1,2,0,3,20.75,1123.15,0,0,1182.75
6660,1,0,1,0,71,1,2,1,0,2,2,2,2,2,1,1,0,113.15,7953.25,0,1,8033.650000000001
936,0,0,1,1,7,1,2,0,0,0,0,0,0,0,0,0,2,48.8,349.8,0,2,341.59999999999997
2580,0,0,0,0,16,1,2,0,0,0,0,0,0,2,0,1,0,63.05,1067.05,0,3,1008.8
614,1,0,1,0,34,1,2,1,0,0,2,0,2,2,0,0,2,100.85,3527.3,0,1,3428.8999999999996
1757,0,0,1,0,37,1,2,1,0,0,2,0,2,2,0,1,2,99.5,3762.0,1,1,3681.5
953,1,0,0,0,16,1,2,1,0,2,0,0,0,0,0,1,3,80.55,1248.9,0,3,1288.8
4117,1,0,0,1,48,1,2,0,2,2,2,0,0,0,1,1,0,64.4,3035.35,0,0,3091.2000000000003
4858,1,0,1,1,58,1,0,0,0,2,0,2,2,2,1,1,1,75.2,4300.8,0,1,4361.6
5776,0,0,1,0,72,1,2,0,2,0,2,2,2,2,2,1,0,84.9,6065.3,0,1,6112.8
1592,0,0,0,0,7,1,0,2,1,1,1,1,1,1,0,0,3,19.3,144.95,0,2,135.1
814,0,0,0,0,38,1,0,1,2,2,2,0,0,0,0,1,1,83.9,3233.6,1,3,3188.2000000000003
1579,0,1,1,0,48,1,2,1,2,2,2,2,2,2,0,0,2,117.45,5438.9,1,1,5637.6
4195,1,0,0,0,10,1,0,1,2,2,2,0,2,2,0,1,2,104.4,1081.45,1,3,1044.0
3509,0,0,0,0,30,1,0,0,2,2,2,2,2,0,1,0,1,74.65,2308.6,0,3,2239.5
5588,1,0,1,0,31,1,2,0,0,0,0,0,2,0,0,1,1,59.05,1882.8,0,3,1830.55
3136,0,1,0,0,46,1,2,0,0,0,2,2,0,2,1,1,1,69.1,3255.35,0,0,3178.6
831,1,0,1,0,50,1,0,2,1,1,1,1,1,1,2,0,3,20.55,1067.65,0,0,1027.5
1582,1,0,1,0,28,1,0,1,0,0,0,2,0,0,0,0,0,76.55,2065.4,0,3,2143.4
5964,0,0,0,0,66,0,1,0,2,2,2,2,2,2,2,1,0,62.5,4136.4,0,1,4125.0
3722,1,1,0,0,8,0,1,0,0,0,2,0,0,0,0,1,2,29.4,221.9,1,2,235.2
1617,0,0,1,1,41,1,0,1,0,0,2,0,2,2,0,1,0,94.9,3848.0,0,1,3890.9
3767,1,1,1,0,72,1,2,1,0,2,2,2,2,2,2,1,0,111.65,8022.85,0,1,8038.8
1837,0,0,0,0,7,1,0,2,1,1,1,1,1,1,1,0,3,19.9,173.15,0,2,139.29999999999998
6484,0,0,1,1,38,1,0,2,1,1,1,1,1,1,0,0,3,20.45,781.25,0,0,777.1
3071,1,0,0,0,44,1,0,1,2,2,2,0,2,2,1,1,2,106.05,4510.8,0,1,4666.2
6859,1,0,1,1,47,1,2,1,2,2,2,2,2,2,1,1,0,113.45,5317.8,0,1,5332.150000000001
2208,1,0,1,1,53,1,0,1,0,2,0,2,2,0,0,1,2,92.55,4779.45,0,1,4905.15
5963,1,0,1,0,4,1,2,0,0,0,2,0,2,0,0,0,2,65.6,250.1,0,3,262.4
6272,1,1,0,0,20,1,2,1,0,0,0,0,2,0,0,1,2,84.35,1745.2,0,3,1687.0
3093,1,0,0,0,2,1,0,0,0,0,0,0,0,0,0,0,3,44.65,74.9,1,2,89.3
364,1,1,1,0,57,1,2,0,0,2,2,0,2,0,1,1,1,71.1,4140.1,0,1,4052.7
960,0,1,1,0,44,1,0,1,2,2,0,2,0,0,0,1,2,85.15,3670.5,0,1,3746.6000000000004
2459,1,0,0,0,24,1,0,0,0,0,2,0,0,0,0,1,3,49.7,1167.8,0,2,1192.8000000000002
1741,1,0,1,1,15,0,1,0,2,0,0,0,0,0,0,1,0,30.2,469.65,0,2,453.0
6355,0,0,0,0,3,0,1,0,0,0,0,0,0,0,0,0,2,25.25,58.9,1,2,75.75
1074,0,0,0,1,4,1,2,1,0,2,2,0,0,0,0,0,0,84.05,333.55,1,3,336.2
5081,1,1,1,0,37,1,2,1,0,0,0,0,2,0,0,1,2,85.7,3171.15,1,3,3170.9
2650,0,0,0,0,1,1,0,1,0,2,0,0,0,0,0,1,2,74.7,74.7,1,3,74.7
3593,0,0,0,0,24,1,0,0,2,0,0,2,0,0,0,0,1,56.35,1381.2,0,3,1352.4
5212,0,0,0,0,5,1,2,1,0,2,0,0,2,0,0,1,2,90.8,455.5,1,3,454.0
69,0,0,0,0,33,1,2,1,0,2,2,0,2,2,0,0,2,107.55,3645.5,0,1,3549.15
2346,0,0,1,1,58,1,0,2,1,1,1,1,1,1,2,1,3,19.85,1158.85,0,0,1151.3000000000002
6100,0,0,1,1,72,1,2,1,2,2,0,0,2,0,2,1,0,95.9,6954.15,0,1,6904.8
5097,0,0,1,0,71,1,2,2,1,1,1,1,1,1,2,0,3,23.85,1672.1,0,0,1693.3500000000001
2782,0,1,0,0,28,1,2,1,0,2,2,0,2,2,0,1,2,106.15,3152.5,1,3,2972.2000000000003
2609,1,0,1,0,51,1,0,0,2,2,2,2,2,2,2,1,1,83.85,4307.1,0,1,4276.349999999999
4711,0,0,0,0,30,1,0,0,2,2,2,2,2,2,1,0,0,85.35,2530.4,1,3,2560.5
6047,1,1,1,0,72,1,0,1,2,2,0,2,0,0,2,1,1,84.8,6141.65,0,1,6105.599999999999
3749,1,1,0,0,36,1,2,1,2,0,0,0,2,0,0,1,2,90.85,3186.7,1,3,3270.6
3523,1,0,0,1,14,1,0,0,2,2,2,2,0,2,2,0,0,76.1,1054.8,0,3,1065.3999999999999
376,0,0,1,1,72,1,2,0,2,2,0,2,2,0,2,0,3,74.55,5430.65,0,1,5367.599999999999
1672,0,0,1,1,22,0,1,0,0,2,0,0,2,0,0,0,2,39.2,849.9,0,2,862.4000000000001
2390,0,0,0,0,2,1,2,1,0,2,0,0,0,0,0,0,2,79.55,151.75,0,3,159.1
4290,0,0,0,0,15,1,0,2,1,1,1,1,1,1,0,0,3,19.6,299.4,0,2,294.0
4664,1,0,1,1,51,1,0,2,1,1,1,1,1,1,2,0,1,19.55,1086.75,0,0,997.0500000000001
5864,1,0,1,0,70,0,1,0,2,0,2,2,0,0,2,1,1,39.15,2692.75,0,0,2740.5
162,0,0,1,1,71,1,0,2,1,1,1,1,1,1,2,0,0,20.1,1389.6,0,0,1427.1000000000001
51,0,0,1,1,39,1,2,1,0,0,0,2,2,2,0,1,1,99.95,3767.4,0,1,3898.05
5564,0,0,1,1,61,1,2,0,2,2,0,0,0,0,0,0,2,59.8,3641.5,0,0,3647.7999999999997
4307,0,0,0,0,52,1,0,0,2,0,0,0,0,0,0,1,0,49.75,2535.55,0,0,2587.0
3826,0,0,0,0,1,0,1,0,0,0,0,0,2,0,0,1,2,35.75,35.75,1,2,35.75
4228,1,0,1,0,64,1,2,1,2,0,2,2,2,2,1,1,3,108.5,6880.85,0,1,6944.0
298,1,0,1,0,62,1,0,0,0,2,2,2,0,0,2,1,1,60.15,3753.2,0,0,3729.2999999999997
3348,1,0,1,0,30,1,0,2,1,1,1,1,1,1,2,0,3,19.05,637.55,0,2,571.5
1871,0,1,1,1,4,1,0,0,0,0,0,0,0,0,0,0,2,46.0,181.6,1,2,184.0
1387,1,1,1,0,63,1,0,0,2,2,2,2,2,2,1,1,0,84.0,5329.55,0,1,5292.0
5809,0,0,0,0,1,1,0,0,0,0,0,0,0,0,0,1,1,44.55,44.55,0,2,44.55
3002,1,0,1,0,15,1,2,1,0,0,2,2,2,2,0,1,2,103.45,1539.8,0,3,1551.75
3952,1,0,1,1,27,1,0,1,2,2,0,0,0,0,1,1,1,80.65,2209.75,0,3,2177.55
6939,0,0,0,1,4,0,1,0,2,2,2,0,2,2,0,1,3,57.2,223.75,0,2,228.8
1561,0,0,1,0,72,1,2,1,2,2,2,0,2,2,2,1,2,110.75,7751.7,0,1,7974.0
3199,1,1,1,0,45,1,2,2,1,1,1,1,1,1,1,0,1,24.7,1174.35,0,0,1111.5
2741,0,1,0,0,45,1,2,1,2,2,0,2,2,0,0,1,2,97.05,4385.05,0,1,4367.25
636,0,0,0,0,36,1,0,0,2,2,2,2,2,0,1,1,3,76.35,2606.35,0,3,2748.6
4549,1,0,1,1,17,1,0,1,2,0,2,0,2,0,0,1,2,89.4,1539.45,1,3,1519.8000000000002
7033,1,0,0,0,1,1,0,2,1,1,1,1,1,1,0,0,3,18.9,18.9,0,2,18.9
2588,1,1,0,0,16,1,2,1,0,0,0,0,0,0,0,1,0,74.45,1261.35,0,3,1191.2
999,1,0,0,0,3,1,0,2,1,1,1,1,1,1,0,1,3,19.8,58.15,1,2,59.400000000000006
1798,1,0,1,1,4,1,2,0,0,0,0,0,0,0,0,1,2,50.9,225.6,1,2,203.6
3508,0,0,1,0,71,1,0,0,2,2,2,2,2,2,2,1,1,84.4,5969.3,0,1,5992.400000000001
2577,1,0,1,1,10,1,2,2,1,1,1,1,1,1,0,1,3,24.4,253.9,0,2,244.0
842,1,0,1,1,20,1,0,2,1,1,1,1,1,1,2,0,3,20.05,400.0,0,2,401.0
1790,1,0,0,0,4,1,0,1,0,0,0,0,2,0,0,1,2,81.0,340.85,1,3,324.0
3324,1,0,0,0,26,1,2,1,0,0,2,0,2,2,0,1,2,98.35,2515.3,1,3,2557.1
2407,0,0,0,0,4,1,0,0,0,0,0,0,2,0,0,0,1,55.5,227.35,0,2,222.0
2565,1,0,0,0,5,0,1,0,0,2,0,0,2,2,0,1,3,51.0,305.95,1,2,255.0
4890,0,0,1,0,4,1,2,1,0,2,0,0,2,0,0,1,2,91.65,365.4,1,3,366.6
3603,1,1,1,0,29,1,2,1,0,0,0,0,0,2,0,1,2,84.3,2357.75,0,3,2444.7
5237,1,0,0,0,2,1,0,1,2,2,0,0,2,2,0,0,2,100.2,198.5,0,3,200.4
1115,0,0,0,0,29,1,0,2,1,1,1,1,1,1,2,0,3,19.4,554.25,0,2,562.5999999999999
6846,1,0,0,1,1,1,0,1,0,0,0,0,2,2,0,1,2,90.85,90.85,1,3,90.85
4162,1,0,0,0,1,1,0,1,0,0,0,0,0,0,0,0,3,69.4,69.4,1,3,69.4
2252,0,1,0,0,8,1,0,1,0,0,2,0,2,2,0,1,1,94.45,742.95,1,3,755.6
3128,1,0,0,0,13,1,0,2,1,1,1,1,1,1,0,1,2,20.4,251.65,0,2,265.2
37,0,0,1,0,59,1,2,1,2,2,0,0,2,0,0,1,2,94.75,5597.65,0,1,5590.25
5574,0,0,1,1,1,1,0,2,1,1,1,1,1,1,0,1,1,20.15,20.15,1,2,20.15
5296,1,1,0,0,50,1,2,1,0,0,0,0,2,2,0,1,2,95.7,4816.7,1,1,4785.0
4937,1,0,1,0,18,1,0,0,0,0,0,0,0,0,0,1,0,44.35,768.05,0,2,798.3000000000001
5040,0,0,1,1,17,1,0,0,2,2,0,0,2,2,0,0,3,74.55,1215.8,0,3,1267.35
5903,1,0,1,0,47,1,0,0,0,2,2,0,2,2,2,0,2,73.6,3522.65,0,1,3459.2
2769,0,0,0,0,26,1,2,1,0,0,0,0,0,0,0,1,0,74.95,1834.95,1,3,1948.7
6513,0,0,0,0,6,0,1,0,0,0,2,0,2,2,0,1,2,47.95,305.1,1,2,287.70000000000005
2167,1,0,1,1,19,1,2,0,0,0,0,0,0,0,0,0,1,50.1,910.45,0,2,951.9
3075,0,0,0,0,3,1,2,0,0,0,0,2,2,0,0,1,2,63.6,155.65,1,3,190.8
1491,0,1,1,1,68,0,1,0,0,2,2,0,2,2,2,1,2,53.0,3656.25,0,0,3604.0
1581,0,0,1,0,2,1,0,2,1,1,1,1,1,1,0,0,0,19.85,52.0,0,2,39.7
6897,1,0,0,0,7,0,1,0,0,0,0,0,0,0,1,1,1,24.35,150.85,0,2,170.45000000000002
853,0,0,0,0,18,1,0,2,1,1,1,1,1,1,0,1,3,19.55,389.25,0,2,351.90000000000003
1337,0,0,1,0,71,1,2,2,1,1,1,1,1,1,2,0,1,25.05,1873.7,0,0,1778.55
5573,1,1,1,0,13,1,2,1,2,2,0,0,0,2,0,0,1,93.8,1261.0,0,3,1219.3999999999999
3090,1,0,0,0,3,0,1,0,0,2,0,2,0,0,0,1,3,36.85,108.7,1,2,110.55000000000001
3393,1,0,1,0,72,1,2,1,0,2,2,0,2,2,2,1,0,103.75,7346.2,0,1,7470.0
5798,1,0,1,1,66,0,1,0,0,2,2,0,2,2,2,1,1,56.75,3708.4,0,0,3745.5
4630,1,0,1,1,24,1,0,2,1,1,1,1,1,1,1,1,1,20.8,469.65,0,2,499.20000000000005
3428,0,0,0,0,1,1,0,0,0,0,0,0,0,0,0,1,2,44.1,44.1,1,2,44.1
6759,0,0,1,1,56,1,2,2,1,1,1,1,1,1,2,1,3,24.45,1385.85,0,0,1369.2
6065,0,1,1,0,22,1,2,2,1,1,1,1,1,1,1,0,0,25.6,548.8,0,2,563.2
5683,1,0,0,0,14,0,1,0,0,0,2,0,2,2,0,1,2,50.75,712.75,1,2,710.5
5065,0,1,1,0,61,1,2,1,0,2,2,0,2,2,1,1,1,104.4,6405.0,1,1,6368.400000000001
1259,0,1,1,0,40,0,1,0,0,2,0,0,2,0,0,1,2,39.3,1637.4,1,0,1572.0
3724,0,0,0,0,42,1,0,0,2,2,2,0,0,0,0,0,0,59.65,2536.55,0,0,2505.2999999999997
3403,0,0,1,1,72,1,2,0,2,0,2,2,2,2,2,1,0,83.3,6042.7,0,1,5997.599999999999
1858,0,0,0,0,12,1,2,1,0,0,0,2,0,0,0,1,1,79.55,958.25,0,3,954.5999999999999
4134,1,0,1,0,71,1,2,2,1,1,1,1,1,1,2,0,0,24.45,1730.65,0,0,1735.95
991,0,0,1,0,26,1,0,2,1,1,1,1,1,1,1,0,3,19.2,459.6,0,2,499.2
620,0,0,0,1,7,0,1,0,2,0,0,0,0,0,0,0,3,29.8,201.95,0,2,208.6
3249,0,0,1,1,6,1,0,0,0,0,0,0,0,0,0,0,3,45.5,285.2,0,2,273.0
1039,0,0,0,0,58,1,0,1,2,2,2,0,2,2,1,1,2,106.45,6145.85,1,1,6174.1
5498,1,0,1,0,51,0,1,0,0,2,0,0,0,0,0,1,1,30.05,1529.45,0,0,1532.55
3812,1,0,1,1,72,0,1,0,2,2,2,2,2,2,2,1,0,65.65,4664.5,0,1,4726.8
6823,0,0,0,0,18,1,0,1,2,0,0,0,2,2,0,1,2,96.05,1740.7,1,3,1728.8999999999999
5617,0,0,0,0,7,1,2,1,0,0,0,0,0,0,0,1,0,75.1,552.95,1,3,525.6999999999999
2486,0,0,0,0,47,1,2,0,2,2,0,2,0,2,2,0,3,74.05,3496.3,0,1,3480.35
3382,1,1,0,0,2,1,0,0,0,0,0,0,0,0,0,1,2,44.7,93.7,1,2,89.4
6306,1,1,0,0,62,1,2,1,0,2,2,2,2,2,1,1,0,110.75,7053.35,0,1,6866.5
1156,0,0,1,1,16,1,0,2,1,1,1,1,1,1,2,0,3,19.7,301.55,0,2,315.2
3976,1,0,0,0,6,1,0,0,0,0,0,2,0,0,0,1,1,49.5,312.7,0,2,297.0
5895,1,0,0,0,19,1,0,0,0,0,2,2,0,0,0,1,1,55.0,1046.5,1,3,1045.0
384,0,0,1,1,69,0,1,0,2,0,2,0,0,2,2,1,1,43.95,2960.1,0,0,3032.55
1265,1,0,1,1,11,1,2,1,0,0,0,0,0,0,0,1,2,74.35,834.2,1,3,817.8499999999999
1396,0,0,1,0,64,1,2,1,0,2,2,2,2,2,0,1,2,111.15,6953.4,0,1,7113.6
1619,0,0,1,0,39,1,0,1,2,0,2,2,2,2,1,1,1,104.7,4134.85,1,1,4083.3
6431,0,0,0,0,15,1,2,0,2,0,0,0,0,0,0,1,3,55.7,899.8,1,3,835.5
5257,1,0,0,0,25,1,0,2,1,1,1,1,1,1,0,0,3,20.6,541.5,0,2,515.0
6466,0,0,0,0,6,1,0,2,1,1,1,1,1,1,2,0,1,19.65,116.85,0,2,117.89999999999999
32,1,0,1,0,66,1,2,1,2,2,2,2,2,2,1,0,0,115.8,7942.15,0,1,7642.8
2555,0,0,0,0,61,1,2,0,0,2,2,2,2,2,2,0,1,88.65,5321.25,0,1,5407.650000000001
6827,0,1,1,0,43,1,2,1,2,2,0,0,2,0,0,1,2,94.5,4156.8,0,1,4063.5
6591,0,0,0,0,12,1,0,2,1,1,1,1,1,1,0,0,3,20.1,223.6,0,2,241.20000000000002
867,1,1,0,0,23,0,1,0,0,0,0,0,0,2,0,1,0,34.65,768.45,0,2,796.9499999999999
2466,1,1,1,0,71,0,1,0,0,2,2,0,2,2,0,1,0,52.3,3765.05,0,0,3713.2999999999997
486,0,0,0,0,34,1,2,0,0,0,0,2,2,0,0,0,3,65.0,2157.5,0,3,2210.0
2911,0,0,0,0,5,1,0,2,1,1,1,1,1,1,0,0,1,19.85,108.05,1,2,99.25
1401,0,0,1,0,41,0,1,0,0,2,0,2,0,0,1,0,3,35.45,1391.65,0,0,1453.45
4926,0,0,1,1,72,1,0,2,1,1,1,1,1,1,2,0,1,19.7,1379.8,0,0,1418.3999999999999
2323,1,1,0,0,14,1,2,1,0,0,0,0,2,2,0,1,2,95.6,1273.3,0,3,1338.3999999999999
3719,0,0,0,0,41,1,0,2,1,1,1,1,1,1,2,1,3,19.85,810.45,0,0,813.85
4692,0,0,1,1,23,1,2,1,2,0,0,0,0,0,1,0,1,81.85,1810.85,0,3,1882.55
1777,1,0,1,1,71,1,0,1,2,2,2,2,2,2,2,0,1,109.3,7782.85,0,1,7760.3
4725,0,0,0,0,1,1,0,1,0,0,0,0,0,0,0,1,2,70.3,70.3,1,3,70.3
6200,1,0,1,0,72,1,2,2,1,1,1,1,1,1,2,0,3,25.4,1797.1,0,0,1828.8
5209,1,0,1,1,6,1,0,1,0,0,0,0,0,0,0,1,2,69.8,377.85,0,3,418.79999999999995
969,1,0,1,1,23,1,0,2,1,1,1,1,1,1,1,1,1,20.0,445.3,0,2,460.0
2271,1,1,1,0,10,1,2,1,0,0,0,0,0,2,0,0,2,85.55,851.75,1,3,855.5
152,0,0,0,0,72,1,0,1,2,2,2,2,2,2,2,1,2,109.9,7624.2,0,1,7912.8
1249,0,0,1,0,7,1,0,0,2,0,0,0,0,0,0,1,0,50.3,355.1,0,2,352.09999999999997
4325,1,0,0,1,6,1,0,1,0,0,2,0,2,2,0,0,3,94.5,575.45,1,3,567.0
5772,1,0,1,1,9,1,0,1,0,2,0,2,2,2,0,1,2,101.5,906.85,0,3,913.5
3858,0,0,0,0,12,1,2,1,0,2,0,0,0,2,0,1,2,89.15,1057.55,0,3,1069.8000000000002
5188,0,0,0,0,1,1,0,2,1,1,1,1,1,1,0,1,3,19.4,19.4,0,2,19.4
6868,0,1,1,1,48,0,1,0,0,2,0,0,0,0,1,0,0,29.9,1388.75,0,0,1435.1999999999998
2778,1,0,0,0,20,1,0,1,0,0,0,0,2,0,0,0,2,78.8,1641.3,0,3,1576.0
876,0,1,1,0,16,1,2,1,0,0,0,0,0,2,0,1,1,85.35,1375.15,1,3,1365.6
6316,0,0,0,0,2,1,0,1,0,0,0,0,2,0,0,1,3,79.65,152.7,1,3,159.3
3380,0,0,0,0,10,1,0,2,1,1,1,1,1,1,1,1,3,19.3,185.2,0,2,193.0
3308,0,1,0,0,2,1,0,1,0,0,0,0,0,2,0,1,2,79.6,195.05,1,3,159.2
6982,1,0,1,1,20,1,2,1,0,2,0,2,2,0,0,0,3,96.8,1826.7,0,3,1936.0
2873,1,0,1,0,20,1,0,2,1,1,1,1,1,1,1,0,3,20.65,417.5,0,2,413.0
1070,1,0,1,1,19,1,0,2,1,1,1,1,1,1,1,0,3,19.8,344.5,0,2,376.2
3026,1,1,0,0,19,1,2,1,2,0,0,0,2,0,0,1,2,90.6,1660.0,1,3,1721.3999999999999
6995,1,0,1,0,22,1,0,1,2,2,0,2,2,2,0,1,2,104.6,2180.55,0,3,2301.2
6685,0,0,0,0,35,1,2,1,0,0,0,2,0,0,0,0,1,80.05,2835.9,0,3,2801.75
5159,0,0,0,0,1,1,0,0,0,0,0,0,0,0,0,0,3,45.15,45.15,0,2,45.15
5788,1,0,0,0,39,1,2,1,0,0,0,0,0,0,0,1,1,73.15,2730.85,0,3,2852.8500000000004
940,0,1,1,0,54,1,0,1,0,0,2,2,2,2,1,1,2,99.1,5437.1,0,1,5351.4
2049,0,0,0,0,1,1,0,2,1,1,1,1,1,1,0,1,0,20.2,20.2,1,2,20.2
5512,1,0,1,0,66,1,2,1,2,0,2,0,2,2,2,1,1,106.05,6981.35,1,1,6999.3
615,1,0,0,0,56,1,2,1,2,0,0,2,2,2,0,1,3,105.35,5794.45,0,1,5899.599999999999
2277,1,0,0,1,18,1,0,0,0,0,0,0,0,0,0,1,1,45.65,747.2,0,2,821.6999999999999
3406,0,0,1,1,16,1,2,1,0,2,0,0,0,0,0,1,1,79.95,1267.95,0,3,1279.2
4320,0,0,0,0,68,1,0,0,2,0,2,0,0,0,1,1,1,54.45,3674.95,0,0,3702.6000000000004
4924,0,1,1,0,53,1,2,2,1,1,1,1,1,1,2,0,1,25.1,1275.6,0,0,1330.3000000000002
2286,0,0,1,1,72,1,2,0,2,0,2,2,2,2,2,0,1,84.7,5893.9,0,1,6098.400000000001
5225,1,0,0,0,9,1,2,1,0,0,0,0,0,0,0,1,2,75.85,724.65,0,3,682.65
950,0,0,0,0,30,1,0,0,2,0,0,0,0,0,0,1,3,48.8,1536.75,0,0,1464.0
4909,0,0,0,0,36,1,2,1,0,2,0,0,2,2,0,1,2,99.15,3615.6,1,1,3569.4
4350,0,0,0,0,18,0,1,0,0,0,2,2,0,0,0,1,2,35.2,607.3,0,2,633.6
2903,0,1,1,1,55,1,2,0,2,0,2,2,2,0,1,0,2,76.25,4154.55,0,1,4193.75
2019,0,0,1,0,39,0,1,0,2,0,2,0,2,2,0,0,2,55.9,2184.35,1,0,2180.1
2632,1,0,0,0,21,1,2,1,0,2,0,0,0,0,0,1,2,82.35,1852.85,1,3,1729.35
4025,1,0,0,0,2,0,1,0,0,2,2,2,0,0,0,1,1,40.4,77.15,1,2,80.8
4645,1,1,0,0,33,1,2,2,1,1,1,1,1,1,1,1,0,24.9,847.8,0,2,821.6999999999999
5115,1,0,1,0,44,0,1,0,0,2,2,0,2,2,2,0,0,54.3,2390.45,0,0,2389.2
3540,0,0,1,1,30,1,0,0,2,0,0,2,0,2,0,0,0,66.3,1923.5,0,3,1989.0
4889,0,0,1,0,71,1,0,2,1,1,1,1,1,1,2,1,0,20.9,1493.2,0,0,1483.8999999999999
1102,0,0,0,0,4,1,2,1,0,0,0,0,0,0,0,0,2,75.35,338.1,1,3,301.4
3231,1,0,0,1,35,1,0,1,0,0,2,0,2,0,1,1,2,85.15,3030.6,1,3,2980.25
1186,1,0,1,0,1,1,0,1,0,0,2,0,0,0,0,0,1,75.35,75.35,0,3,75.35
4254,1,1,1,0,23,1,2,1,0,2,2,0,2,2,0,1,2,104.45,2184.85,0,3,2402.35
5716,0,0,0,1,22,0,1,0,0,0,2,0,2,2,1,1,1,49.45,1031.4,0,2,1087.9
1944,0,0,0,1,49,1,0,2,1,1,1,1,1,1,1,0,1,19.45,921.3,0,0,953.05
3441,0,0,1,1,42,1,0,1,0,0,2,0,2,2,0,1,2,92.15,3875.4,0,1,3870.3
1126,0,0,1,1,33,1,0,1,0,0,2,0,2,2,1,1,2,93.8,3124.5,1,3,3095.4
5907,0,0,1,1,7,1,0,2,1,1,1,1,1,1,2,0,3,19.85,144.15,0,2,138.95000000000002
6618,0,0,1,1,67,1,2,1,2,0,2,2,0,2,1,1,0,100.25,6689.0,0,1,6716.75
1720,1,0,0,0,15,1,2,1,0,2,0,2,0,2,0,0,2,95.7,1451.1,0,3,1435.5
5096,1,0,1,0,67,1,2,1,0,2,2,0,0,2,2,1,2,93.15,6368.2,0,1,6241.05
4052,1,0,1,1,53,1,0,0,2,2,0,2,2,0,2,1,3,69.7,3729.6,0,1,3694.1000000000004
6208,1,0,1,1,21,1,0,2,1,1,1,1,1,1,1,0,3,19.8,350.1,0,2,415.8
5078,0,0,1,1,40,1,0,0,2,2,0,2,0,2,0,1,3,71.35,2847.2,0,3,2854.0
6331,0,0,1,1,22,1,0,2,1,1,1,1,1,1,1,0,0,20.75,452.35,0,2,456.5
5032,1,0,0,0,39,0,1,0,0,0,0,2,0,2,0,1,2,40.6,1494.5,0,0,1583.4
2592,1,0,0,0,45,1,0,2,1,1,1,1,1,1,1,1,2,20.4,930.45,1,0,917.9999999999999
6171,0,0,1,0,2,1,0,2,1,1,1,1,1,1,0,0,3,20.35,41.85,0,2,40.7
965,0,0,1,1,57,1,0,2,1,1,1,1,1,1,2,0,0,19.75,1272.05,0,0,1125.75
171,1,0,1,1,8,1,0,0,0,0,0,0,2,0,0,1,2,54.4,475.1,0,2,435.2
4609,1,1,1,0,7,1,2,1,2,2,0,0,0,2,0,1,1,94.7,673.1,1,3,662.9
1783,1,0,0,0,6,0,1,0,0,2,0,0,0,0,0,1,1,30.5,208.7,1,2,183.0
4086,0,0,1,1,7,1,0,2,1,1,1,1,1,1,0,0,3,20.45,150.75,0,2,143.15
1845,1,0,0,0,49,1,2,0,0,0,0,2,2,0,2,1,0,66.15,3199.0,0,0,3241.3500000000004
4448,0,0,0,0,65,1,2,1,2,2,0,2,0,0,1,1,2,89.85,5844.65,0,1,5840.25
5167,0,0,0,0,55,1,0,0,0,0,0,0,0,0,1,0,0,45.05,2462.6,0,0,2477.75
236,1,0,1,1,71,1,2,0,2,2,2,2,2,2,2,0,0,86.85,6263.8,0,1,6166.349999999999
6034,1,0,0,0,35,1,2,1,2,2,2,2,0,0,0,1,3,96.75,3403.4,0,3,3386.25
5871,1,1,0,0,3,1,2,1,0,0,0,0,0,0,0,1,2,77.0,237.75,1,3,231.0
4870,0,0,0,1,11,1,0,2,1,1,1,1,1,1,0,0,1,20.1,221.35,1,2,221.10000000000002
7007,0,0,0,0,1,1,0,1,0,0,2,0,0,0,0,0,2,75.3,75.3,1,3,75.3
4672,1,0,0,0,17,1,2,1,2,2,2,2,2,0,0,1,0,106.65,1672.1,0,3,1813.0500000000002
6407,0,0,1,0,72,1,2,1,2,0,2,2,2,2,2,1,1,110.15,7881.2,0,1,7930.8
4556,0,0,1,1,28,1,0,1,2,0,0,0,0,2,1,1,0,82.85,2320.8,0,3,2319.7999999999997
912,0,0,1,0,18,1,0,2,1,1,1,1,1,1,2,0,3,20.1,370.5,0,2,361.8
2087,0,1,1,0,40,1,0,1,0,2,0,2,2,2,1,1,1,99.2,4062.2,1,1,3968.0
6274,0,0,0,0,52,1,0,0,0,0,2,0,0,2,0,1,2,59.45,3043.7,0,0,3091.4
6787,0,0,1,0,47,1,0,0,0,2,0,0,2,0,0,1,0,58.6,2723.4,0,0,2754.2000000000003
5545,0,0,0,0,23,1,0,0,0,0,2,0,0,0,0,0,1,49.7,1081.25,0,2,1143.1000000000001
5060,1,0,1,1,66,1,0,0,2,2,2,2,0,0,2,0,3,65.85,4097.05,0,1,4346.099999999999
6030,0,0,0,0,8,1,2,1,0,0,0,0,0,0,0,1,2,73.5,632.2,0,3,588.0
4746,1,1,0,0,47,1,0,1,2,0,0,0,0,2,0,0,3,85.5,4042.3,1,1,4018.5
952,0,0,0,0,7,1,0,2,1,1,1,1,1,1,0,0,3,20.05,164.85,1,2,140.35
6526,0,0,1,1,71,1,2,1,2,2,2,2,2,2,2,0,1,113.65,8166.8,0,1,8069.150000000001
3819,0,1,0,0,50,1,2,1,2,2,0,0,0,0,0,1,2,83.4,4113.7,0,1,4170.0
4524,1,0,1,0,46,1,0,0,2,2,2,2,0,0,2,0,3,65.65,3047.15,0,0,3019.9
3340,1,0,0,0,1,1,0,1,0,0,0,0,0,0,0,0,2,70.4,70.4,1,3,70.4
3779,0,0,0,0,66,0,1,0,2,0,2,2,2,2,2,1,0,61.35,4193.4,0,1,4049.1
5409,0,0,1,0,42,1,2,1,0,0,2,2,0,0,0,1,1,85.9,3729.75,0,1,3607.8
4284,0,0,0,0,5,1,0,1,0,0,0,2,0,0,0,1,3,75.65,399.45,0,3,378.25
6042,1,0,1,1,7,1,0,0,2,0,0,0,0,0,1,1,2,49.75,331.3,1,2,348.25
3458,1,0,0,0,29,1,2,0,0,2,2,0,0,2,1,0,1,70.9,1964.6,0,3,2056.1000000000004
3040,0,0,1,1,27,1,0,0,0,2,0,0,0,0,0,0,3,49.85,1336.15,0,2,1345.95
5693,0,1,0,0,15,1,0,1,0,2,0,0,0,0,0,1,1,75.3,1147.45,1,3,1129.5
5164,0,0,1,1,25,1,0,2,1,1,1,1,1,1,2,0,3,20.1,486.05,0,2,502.50000000000006
2072,0,0,1,0,11,1,2,1,0,0,0,0,2,2,0,1,2,94.0,1078.9,1,3,1034.0
2934,1,0,1,0,57,1,2,1,2,2,2,2,2,0,0,1,2,103.05,5925.75,0,1,5873.849999999999
5824,1,0,0,0,67,1,2,1,2,2,2,2,2,2,1,1,0,118.35,7804.15,1,1,7929.45
2897,0,1,1,0,47,1,2,1,0,0,2,0,2,2,0,0,2,99.7,4747.2,0,1,4685.900000000001
419,0,0,0,0,13,1,0,1,0,0,0,0,2,0,0,1,3,81.9,1028.9,0,3,1064.7
3224,1,0,0,0,8,0,1,0,2,0,0,0,0,0,0,1,2,30.45,226.45,1,2,243.6
4238,0,0,1,0,44,1,2,1,0,0,0,0,2,2,0,1,2,96.1,4364.1,1,1,4228.4
2706,1,0,1,1,71,1,2,0,2,0,0,0,2,0,1,1,2,66.2,4692.55,0,1,4700.2
4891,1,1,1,0,24,1,2,1,0,2,2,0,2,2,0,1,2,104.25,2433.9,1,3,2502.0
5685,1,1,0,0,15,1,2,1,0,2,0,0,0,0,0,1,2,80.2,1217.25,1,3,1203.0
792,0,0,0,0,1,1,0,2,1,1,1,1,1,1,0,0,2,19.75,19.75,0,2,19.75
2302,1,1,0,0,2,1,2,1,0,0,0,0,0,0,0,1,3,72.6,154.3,0,3,145.2
5688,1,1,0,0,55,1,2,1,2,2,2,2,2,2,0,1,2,116.5,6382.55,0,1,6407.5
2892,1,1,0,0,71,1,2,1,0,2,0,2,2,2,2,1,2,106.8,7623.2,0,1,7582.8
3942,1,0,1,1,50,1,2,2,1,1,1,1,1,1,2,0,3,24.95,1261.45,0,0,1247.5
5367,1,0,0,0,1,1,0,1,0,0,0,0,2,2,0,1,2,89.25,89.25,0,3,89.25
188,1,0,0,0,5,1,0,2,1,1,1,1,1,1,0,1,3,19.25,86.05,0,2,96.25
4546,0,0,0,0,66,1,2,1,2,2,2,2,2,0,1,1,0,104.55,6779.05,0,1,6900.3
3697,0,0,1,1,49,1,0,0,2,2,2,2,2,2,1,1,3,87.2,4345.0,0,1,4272.8
731,0,1,1,0,3,0,1,0,0,2,0,0,0,0,0,1,2,30.75,82.85,0,2,92.25
2619,1,0,1,1,66,1,2,2,1,1,1,1,1,1,1,1,1,25.7,1714.55,0,0,1696.2
2673,1,0,0,1,11,1,2,1,0,0,0,0,0,2,0,0,2,86.2,893.2,0,3,948.2
5411,1,0,0,0,28,0,1,0,0,0,0,2,0,0,0,1,1,30.1,810.85,0,2,842.8000000000001
4393,1,0,1,0,65,1,2,1,2,2,2,0,2,0,2,1,2,99.35,6347.55,0,1,6457.75
2791,0,0,0,0,62,1,0,2,1,1,1,1,1,1,2,1,1,19.2,1123.65,0,0,1190.3999999999999
4992,0,0,1,0,2,1,0,2,1,1,1,1,1,1,0,0,0,20.1,43.15,0,2,40.2
3949,0,0,0,0,2,1,0,2,1,1,1,1,1,1,0,0,1,20.35,35.1,0,2,40.7
6228,0,0,1,1,55,1,2,2,1,1,1,1,1,1,2,1,1,25.65,1388.0,0,0,1410.75
3861,1,1,1,0,41,1,0,1,0,2,0,0,2,2,0,1,2,94.55,3851.45,0,1,3876.5499999999997
6961,0,0,1,1,17,1,2,1,2,0,2,0,2,2,0,1,2,104.2,1743.5,1,3,1771.4
5896,0,0,0,0,30,1,0,1,0,0,0,2,2,2,1,1,0,94.4,2638.1,0,3,2832.0
5767,1,0,0,0,17,1,0,0,2,2,0,0,0,0,1,0,3,56.1,946.95,0,3,953.7
4129,0,0,1,1,16,1,0,0,2,2,0,2,0,2,2,0,0,68.25,1114.85,0,3,1092.0
5752,1,0,0,0,72,1,2,2,1,1,1,1,1,1,2,0,0,24.75,1777.6,0,0,1782.0
4198,1,0,0,0,9,1,2,1,0,0,0,0,0,0,0,1,2,76.25,684.85,0,3,686.25
6938,0,0,0,0,1,1,0,1,0,2,0,0,0,0,0,0,2,74.35,74.35,0,3,74.35
477,1,0,0,1,23,1,0,0,0,2,0,2,0,0,0,0,2,54.15,1312.45,0,3,1245.45
3368,1,0,0,1,8,1,0,2,1,1,1,1,1,1,0,0,0,19.45,159.2,0,2,155.6
2426,1,0,1,1,19,0,1,0,2,2,0,0,0,0,0,1,3,34.95,610.2,0,2,664.0500000000001
4352,0,0,0,0,7,1,2,0,2,0,0,0,0,0,0,1,2,53.65,404.35,0,2,375.55
5725,1,1,0,0,1,1,0,1,0,0,0,0,0,0,0,1,2,69.65,69.65,1,3,69.65
1542,1,0,0,0,61,1,2,1,2,0,2,0,2,2,1,0,2,104.0,6363.45,0,1,6344.0
2935,0,0,1,0,57,1,0,0,2,2,0,2,2,0,2,1,1,70.35,4124.65,0,1,4009.95
4263,1,0,0,0,9,1,0,1,0,0,0,0,0,2,0,1,2,80.8,713.1,1,3,727.1999999999999
5052,1,0,0,1,15,1,0,0,2,0,2,0,0,2,1,0,3,64.85,950.75,0,3,972.7499999999999
5485,0,0,0,0,1,1,0,2,1,1,1,1,1,1,0,0,3,19.65,19.65,0,2,19.65
2491,0,0,1,0,12,1,0,0,0,0,0,0,0,0,0,0,0,45.9,505.95,0,2,550.8
6694,1,0,0,0,54,1,0,2,1,1,1,1,1,1,2,0,3,20.0,1149.65,0,0,1080.0
1704,1,0,1,1,4,1,0,0,0,0,0,0,0,0,0,0,2,44.8,169.65,0,2,179.2
648,0,0,0,0,7,1,0,1,0,0,0,0,2,0,0,1,3,80.3,526.7,1,3,562.1
5547,0,0,1,0,20,1,0,2,1,1,1,1,1,1,1,0,3,20.35,393.15,0,2,407.0
78,0,0,0,1,26,0,1,0,2,0,0,2,0,2,0,0,3,45.8,1147.0,0,2,1190.8
2569,1,1,1,0,36,1,2,1,0,0,0,0,0,2,0,1,2,84.1,3021.6,1,3,3027.6
3038,0,0,1,0,53,1,2,1,0,2,2,2,2,2,1,1,0,108.95,5718.2,0,1,5774.35
6383,1,0,0,0,3,1,0,0,0,0,0,2,2,2,0,1,2,69.35,191.35,1,3,208.04999999999998
232,0,0,0,0,68,0,1,0,2,2,2,2,2,2,2,0,1,64.35,4539.6,0,1,4375.799999999999
4062,1,0,1,1,72,1,2,0,2,2,2,2,2,2,2,1,1,90.8,6397.6,0,1,6537.599999999999
2693,1,0,0,0,12,1,2,2,1,1,1,1,1,1,1,0,1,24.95,280.4,0,2,299.4
6347,0,1,1,1,34,1,2,1,0,2,0,0,0,0,0,1,3,79.6,2718.3,1,3,2706.3999999999996
5361,0,0,1,0,68,1,2,1,2,2,0,0,0,0,2,1,0,84.7,5711.05,0,1,5759.6
2105,0,0,0,1,50,1,0,0,2,0,2,2,2,0,1,1,1,70.8,3478.15,0,1,3540.0
2657,0,1,0,0,1,0,1,0,0,0,0,0,2,0,0,1,2,36.45,36.45,1,2,36.45
1409,0,1,0,0,41,1,2,1,0,2,2,0,2,2,0,1,2,104.4,4133.95,0,1,4280.400000000001
697,1,1,1,0,30,1,2,1,0,0,0,2,2,2,0,1,2,101.5,2917.65,0,3,3045.0
4908,1,0,0,0,1,1,2,0,0,2,0,0,0,0,0,0,2,54.3,54.3,0,2,54.3
2092,1,1,1,1,29,1,2,1,0,0,2,0,2,2,0,1,2,103.95,2964.8,0,3,3014.55
4242,0,0,1,1,23,1,2,0,2,2,2,2,2,2,2,1,1,91.1,2198.3,0,3,2095.2999999999997
2447,1,0,0,1,60,1,0,2,1,1,1,1,1,1,2,0,3,19.95,1189.9,0,0,1197.0
5046,0,0,1,0,72,1,2,2,1,1,1,1,1,1,2,0,1,26.45,1914.5,0,0,1904.3999999999999
1280,1,0,0,1,22,1,0,1,0,2,2,0,2,0,0,1,2,89.4,2001.5,1,3,1966.8000000000002
1138,1,0,0,0,72,1,0,0,2,2,2,2,2,0,2,1,0,75.1,5336.35,0,1,5407.2
534,0,1,0,0,66,1,2,1,0,2,2,0,2,2,1,0,0,108.1,7238.6,0,1,7134.599999999999
5357,0,0,1,0,72,1,2,1,0,2,2,2,2,2,2,1,2,110.15,7998.8,0,1,7930.8
440,0,1,1,0,47,1,2,1,2,0,0,0,0,0,0,0,2,80.35,3825.85,1,1,3776.45
5150,0,0,0,0,51,1,2,1,0,2,2,2,2,2,1,1,2,111.5,5703.25,0,1,5686.5
4297,0,0,1,1,70,1,2,1,0,2,2,0,2,2,1,1,2,106.5,7397.0,0,1,7455.0
4400,1,0,0,0,9,1,0,2,1,1,1,1,1,1,1,1,2,19.9,164.6,0,2,179.1
6062,1,0,1,1,59,1,2,1,2,2,0,2,2,2,2,1,3,111.1,6555.2,0,1,6554.9
504,1,0,0,1,3,1,0,0,0,0,0,2,2,2,0,0,3,70.7,225.65,0,3,212.10000000000002
2987,1,1,1,0,38,0,1,0,0,0,0,0,0,0,0,1,2,24.85,955.75,0,0,944.3000000000001
239,0,0,0,0,37,1,2,1,2,2,2,0,0,0,0,0,0,91.2,3382.3,0,1,3374.4
5221,1,0,0,0,37,1,0,0,2,2,2,2,0,0,2,0,0,65.6,2313.8,0,3,2427.2
6600,0,1,1,0,24,0,1,0,0,0,2,0,0,2,0,1,1,40.65,933.3,1,2,975.5999999999999
4610,0,0,1,1,14,1,0,0,2,2,0,2,0,0,0,0,0,59.45,780.85,0,3,832.3000000000001
1243,1,0,1,0,72,1,2,1,2,2,0,2,2,2,2,1,1,109.95,7852.4,0,1,7916.400000000001
1919,1,0,1,0,53,0,1,0,0,2,2,2,2,2,1,1,2,60.45,3184.25,1,0,3203.8500000000004
5944,0,0,1,0,8,1,2,1,0,0,0,0,0,2,0,1,2,84.9,764.95,1,3,679.2
2452,1,0,1,1,72,0,1,0,2,2,2,0,0,0,2,0,1,38.5,2763.0,0,0,2772.0
5450,0,1,1,0,17,1,2,1,0,0,0,0,2,2,0,1,2,92.55,1614.7,0,3,1573.35
2073,0,0,1,1,2,1,0,1,0,2,0,0,0,0,0,1,0,73.55,145.4,1,3,147.1
5568,0,0,1,0,8,1,0,2,1,1,1,1,1,1,0,0,0,20.15,156.25,1,2,161.2
2114,0,0,1,0,48,0,1,0,0,2,2,0,0,0,1,0,3,34.7,1604.5,1,0,1665.6000000000001
3539,0,0,0,0,10,1,2,2,1,1,1,1,1,1,0,1,3,24.5,270.15,0,2,245.0
2025,1,0,1,1,0,1,0,2,1,1,1,1,1,1,1,1,3,19.7,1397.475,0,2,0.0
2795,1,0,0,0,1,1,0,2,1,1,1,1,1,1,0,0,3,20.6,20.6,0,2,20.6
1571,0,0,0,0,29,1,0,0,2,0,2,2,0,0,1,0,1,58.0,1734.5,0,3,1682.0
3794,0,1,1,1,65,1,2,1,0,2,2,0,2,2,1,1,2,107.45,7047.5,0,1,6984.25
4862,0,0,0,0,8,1,2,0,2,2,2,0,0,0,0,1,0,65.5,573.15,0,3,524.0
856,1,0,1,0,61,1,2,2,1,1,1,1,1,1,2,0,0,25.45,1538.6,0,0,1552.45
6509,0,1,0,0,45,1,2,1,0,0,2,0,2,2,1,1,0,100.15,4459.8,0,1,4506.75
3824,1,0,1,1,72,1,2,1,0,2,2,0,2,2,1,1,1,104.45,7459.0,0,1,7520.400000000001
5711,1,0,1,1,12,1,0,2,1,1,1,1,1,1,0,1,2,21.15,306.05,0,2,253.79999999999998
2845,1,0,0,0,7,1,2,1,0,0,0,0,2,2,0,0,2,96.2,639.7,0,3,673.4
2512,1,0,0,0,9,1,0,0,0,0,0,0,0,0,0,1,3,44.4,348.15,0,2,399.59999999999997
5913,0,1,1,0,43,1,2,1,0,0,2,2,2,2,1,1,2,107.55,4533.9,1,1,4624.65
4164,1,0,1,1,58,1,2,1,0,0,2,2,0,2,2,0,0,94.35,5563.65,0,1,5472.299999999999
729,1,1,1,0,16,1,2,1,0,0,2,0,2,2,0,1,2,98.75,1587.55,1,3,1580.0
1192,1,0,1,1,2,1,0,2,1,1,1,1,1,1,0,0,3,20.3,40.25,0,2,40.6
186,0,0,1,0,8,1,0,1,0,2,2,0,2,2,0,0,2,101.15,842.9,1,3,809.2
2710,0,0,1,0,40,1,2,1,2,0,2,0,2,2,1,0,0,105.75,4228.55,0,1,4230.0
3004,1,0,0,0,9,1,2,1,2,0,0,0,0,0,0,1,2,81.15,784.45,0,3,730.35
4998,1,0,0,0,41,1,0,1,0,2,0,2,2,0,1,1,2,89.55,3729.75,0,1,3671.5499999999997
4444,0,0,0,0,26,1,0,0,0,2,2,0,0,0,0,1,1,54.75,1406.9,0,3,1423.5
5566,0,0,1,0,33,1,0,0,0,2,0,2,0,0,1,1,1,53.75,1857.3,0,0,1773.75
1390,1,0,1,1,68,1,0,1,0,2,2,2,2,2,1,0,1,105.75,7322.5,0,1,7191.0
6204,0,1,1,0,65,1,0,1,0,2,2,2,2,2,2,1,1,105.85,6725.5,0,1,6880.25
5506,1,0,0,0,55,1,0,0,0,2,0,2,0,2,1,1,2,64.2,3627.3,0,0,3531.0
3816,1,0,0,0,20,1,2,1,0,0,2,0,2,0,0,1,2,88.7,1761.45,1,3,1774.0
5441,1,0,0,0,19,1,0,1,0,0,0,2,0,2,1,1,1,87.7,1725.95,0,3,1666.3
4421,0,0,0,0,45,1,2,1,0,0,2,0,0,2,0,1,1,89.3,4192.15,0,1,4018.5
4175,0,0,1,1,70,1,0,2,1,1,1,1,1,1,2,1,1,20.15,1411.2,0,0,1410.5
1331,0,0,0,0,2,1,0,1,0,0,0,0,2,0,0,1,2,79.75,164.5,1,3,159.5
3507,0,0,0,0,27,1,2,1,0,0,0,0,2,2,0,1,3,94.55,2724.6,1,3,2552.85
2266,0,0,1,0,12,1,0,2,1,1,1,1,1,1,2,1,2,20.05,264.55,0,2,240.60000000000002
3601,1,0,0,1,72,0,1,0,2,2,2,2,2,2,2,0,1,67.2,4671.7,0,1,4838.400000000001
2332,1,0,0,0,12,1,2,1,0,0,0,0,2,2,0,0,2,94.55,1173.55,0,3,1134.6
6009,0,1,0,0,5,1,0,1,0,0,0,0,0,0,0,1,3,69.05,318.5,1,3,345.25
1791,1,1,1,0,71,1,2,1,2,2,2,0,2,2,0,1,2,107.5,7713.55,0,1,7632.5
1970,1,1,0,0,35,1,0,0,0,0,2,2,2,2,1,1,2,73.0,2471.25,0,3,2555.0
3069,1,0,1,1,70,1,2,1,2,2,2,2,2,2,2,0,1,114.75,7842.3,0,1,8032.5
6010,0,0,0,0,31,1,2,1,0,0,0,0,0,0,0,1,2,76.05,2227.8,0,3,2357.5499999999997
1047,1,0,1,1,52,1,2,1,0,0,2,2,0,2,2,1,0,96.25,4990.25,1,1,5005.0
4280,1,1,0,0,37,1,2,1,0,0,2,0,2,2,0,1,2,101.1,3744.05,1,1,3740.7
6097,1,0,0,0,69,1,2,1,0,2,0,2,2,2,1,1,0,104.7,7220.35,1,1,7224.3
3853,1,1,1,0,30,1,2,1,0,0,0,0,0,0,0,0,3,77.9,2351.45,0,3,2337.0
1712,0,0,0,0,33,1,2,1,2,0,0,0,0,2,0,1,2,90.65,2989.6,0,3,2991.4500000000003
975,1,1,1,0,54,1,2,1,0,2,2,2,2,2,2,1,2,110.45,6077.75,0,1,5964.3
3181,0,0,0,0,59,1,2,0,2,0,0,2,0,2,1,0,0,68.7,4070.95,0,1,4053.3
6757,1,1,0,0,55,0,1,0,2,2,0,0,2,0,0,1,2,44.85,2479.05,0,0,2466.75
6554,1,1,1,0,69,0,1,0,0,0,2,0,0,0,1,1,1,29.8,2134.3,0,0,2056.2000000000003
2981,0,0,0,0,66,1,2,1,0,2,0,0,2,0,1,1,0,88.9,6000.1,0,1,5867.400000000001
1364,1,0,1,1,37,1,0,0,2,0,2,2,0,0,1,1,3,58.75,2203.1,0,0,2173.75
5739,1,1,1,0,9,1,0,2,1,1,1,1,1,1,1,0,1,19.85,183.15,0,2,178.65
1999,1,0,1,1,69,1,2,0,2,0,2,2,2,2,2,0,0,86.9,6194.1,0,1,5996.1
3857,1,0,0,0,10,1,0,0,0,2,0,0,2,0,0,1,3,59.65,638.95,0,3,596.5
4741,1,0,0,1,40,1,0,0,2,2,0,0,0,0,0,1,3,55.25,2139.2,1,0,2210.0
4615,1,0,0,1,13,1,0,0,0,0,0,0,2,2,0,0,1,66.4,831.75,0,3,863.2
6210,0,0,0,0,6,1,2,1,0,2,0,0,2,0,0,1,2,90.1,521.3,1,3,540.5999999999999
5454,0,0,1,1,69,1,0,2,1,1,1,1,1,1,2,0,0,20.15,1337.5,0,0,1390.35
4776,0,1,1,0,66,1,2,1,0,2,2,2,2,2,1,1,1,108.1,7181.95,0,1,7134.599999999999
6710,1,0,0,0,11,1,2,0,0,0,2,0,0,0,0,0,2,53.75,608.0,1,2,591.25
1879,1,0,1,1,46,1,0,0,2,0,2,2,0,0,1,0,3,56.9,2560.1,0,0,2617.4
223,0,0,0,0,6,1,0,1,0,0,0,0,2,2,0,0,2,89.3,577.6,1,3,535.8
719,0,0,1,1,56,1,2,1,2,0,2,2,2,2,0,1,3,109.6,5953.0,0,1,6137.599999999999
264,1,0,1,1,70,1,2,2,1,1,1,1,1,1,2,0,1,25.15,1790.15,0,0,1760.5
4657,0,0,1,1,33,1,2,0,0,0,2,2,2,2,1,1,2,79.15,2531.4,0,3,2611.9500000000003
5251,0,0,1,1,72,1,2,0,2,2,0,2,0,0,2,0,1,66.75,4760.3,0,1,4806.0
2121,0,0,1,0,3,1,2,1,0,0,0,0,2,2,0,1,2,95.2,292.85,1,3,285.6
678,0,0,0,1,19,1,0,0,0,0,0,2,0,0,0,0,3,48.8,953.65,0,2,927.1999999999999
2317,0,1,0,0,5,0,1,0,0,0,0,0,2,2,0,0,2,45.7,198.0,1,2,228.5
6662,0,0,1,0,71,1,0,0,0,2,2,2,2,2,2,1,1,80.7,5705.05,0,1,5729.7
2264,1,0,1,0,8,1,0,1,2,0,0,0,0,0,0,1,2,74.5,609.9,1,3,596.0
6835,1,0,0,0,1,1,0,2,1,1,1,1,1,1,0,0,1,20.55,20.55,0,2,20.55
5721,0,0,0,0,1,1,0,1,0,0,0,0,2,0,0,1,2,79.65,79.65,1,3,79.65
2546,0,0,0,0,61,1,2,1,2,2,2,2,2,2,1,1,3,115.1,6993.65,0,1,7021.099999999999
528,0,0,1,1,71,0,1,0,2,2,0,2,2,2,2,0,0,59.7,4122.65,0,1,4238.7
916,0,0,1,0,68,1,2,1,0,2,2,0,0,0,1,0,1,86.45,5762.95,0,1,5878.6
520,1,0,0,0,46,0,1,0,0,0,2,2,0,0,1,0,1,33.7,1537.85,0,0,1550.2
1535,1,0,0,0,33,1,2,1,2,0,0,0,0,0,1,0,0,80.1,2603.3,0,3,2643.2999999999997
2030,0,0,1,1,53,1,2,1,2,2,2,2,0,2,2,1,0,104.05,5566.4,0,1,5514.65
1452,0,1,1,0,50,1,2,1,2,2,2,0,2,2,0,0,0,108.75,5431.9,0,1,5437.5
6177,0,0,0,0,57,0,1,0,2,0,2,2,0,0,1,1,1,41.1,2258.25,0,0,2342.7000000000003
5434,0,0,1,1,54,1,0,2,1,1,1,1,1,1,2,1,0,20.35,1092.35,0,0,1098.9
4001,0,1,1,0,60,1,2,1,0,2,2,0,2,2,0,1,2,105.9,6401.25,0,1,6354.0
3958,0,1,1,0,28,1,2,1,0,0,0,2,2,2,0,1,1,101.3,2812.2,1,3,2836.4
6241,0,0,1,1,1,1,0,1,0,0,0,0,2,0,0,1,3,80.05,80.05,1,3,80.05
1415,1,0,1,1,29,1,2,1,0,0,2,0,0,2,0,1,2,89.2,2698.35,1,3,2586.8
6828,0,0,1,1,10,1,0,0,0,2,0,2,0,2,0,1,2,65.5,616.9,0,3,655.0
6936,1,0,0,1,43,0,1,0,2,2,2,0,0,0,0,1,2,40.45,1912.85,0,0,1739.3500000000001
4310,1,1,1,0,13,1,0,1,0,0,0,0,0,0,0,0,0,70.45,849.1,0,3,915.85
6370,0,0,1,0,43,1,0,0,2,0,2,2,2,2,2,1,2,78.8,3460.3,0,1,3388.4
4208,1,0,1,1,19,1,2,1,0,0,0,0,0,2,0,1,2,83.65,1465.75,1,3,1589.3500000000001
1308,1,0,1,1,1,1,0,1,0,0,0,0,2,2,0,1,2,90.1,90.1,0,3,90.1
6435,0,0,0,0,69,1,0,0,2,0,2,2,2,2,2,1,1,82.45,5555.3,0,1,5689.05
483,0,0,1,0,61,1,0,2,1,1,1,1,1,1,2,0,1,20.25,1278.8,0,0,1235.25
4376,1,0,1,0,43,1,2,0,2,2,0,2,0,0,0,0,0,66.25,2907.35,0,0,2848.75
5719,0,0,1,0,6,1,0,2,1,1,1,1,1,1,0,0,0,19.5,146.3,1,2,117.0
6733,1,0,0,0,1,1,0,0,0,0,0,2,0,0,0,0,3,51.25,51.25,1,2,51.25
1304,1,0,1,0,56,1,0,1,0,0,0,0,2,2,0,0,3,89.7,4952.95,0,1,5023.2
1742,0,0,1,0,70,0,1,0,2,2,2,2,2,2,2,0,0,64.55,4504.9,0,1,4518.5
1414,1,0,0,0,1,1,0,0,0,0,0,0,0,0,0,1,2,45.6,45.6,1,2,45.6
1018,1,0,1,1,49,1,2,1,0,2,2,0,2,0,1,1,2,93.65,4520.15,0,1,4588.85
830,0,0,0,0,6,1,0,0,0,0,0,2,0,0,0,1,0,49.65,267.35,1,2,297.9
1714,0,0,1,1,32,1,0,0,2,2,2,2,0,2,2,0,3,73.6,2316.85,0,3,2355.2
6954,0,1,1,0,72,1,2,1,2,0,2,2,2,2,2,1,3,109.75,8075.35,0,1,7902.0
3796,1,0,0,1,37,1,0,0,2,2,0,2,0,0,2,0,1,61.45,2302.35,0,0,2273.65
5484,0,0,1,0,69,1,0,1,2,2,0,2,2,2,1,1,1,106.4,7251.9,0,1,7341.6
6163,0,0,1,0,26,1,0,0,0,2,2,2,2,2,0,0,0,81.9,2078.55,0,3,2129.4
997,0,0,1,1,58,1,2,1,0,2,2,0,2,2,1,1,1,105.2,6225.4,0,1,6101.6
5610,1,0,0,0,24,1,2,0,0,0,0,2,0,0,1,0,0,54.6,1242.25,0,3,1310.4
1853,1,0,1,1,5,1,0,2,1,1,1,1,1,1,1,0,2,20.55,99.45,0,2,102.75
4034,1,0,1,1,15,1,0,2,1,1,1,1,1,1,0,1,2,20.0,288.05,1,2,300.0
878,0,0,1,1,30,1,0,2,1,1,1,1,1,1,2,0,3,19.7,599.25,0,2,591.0
218,0,0,1,0,55,1,2,0,2,2,0,2,0,0,1,1,1,66.05,3462.1,0,0,3632.75
2006,0,0,1,0,25,0,1,0,0,0,0,0,2,0,0,1,0,34.0,853.0,1,2,850.0
4071,1,1,1,0,10,1,0,1,0,2,2,2,2,0,0,1,3,92.5,934.1,1,3,925.0
3966,1,0,1,1,44,0,1,0,2,2,2,2,0,2,2,1,1,54.05,2375.2,0,0,2378.2
3182,0,0,0,0,47,1,0,0,2,2,0,2,0,0,1,1,3,58.9,2813.05,0,0,2768.2999999999997
2193,0,0,1,1,13,1,0,1,0,0,0,0,2,2,0,0,2,88.35,1222.8,1,3,1148.55
4533,0,0,1,1,49,1,2,1,0,2,2,2,2,2,2,1,0,107.95,5293.2,1,1,5289.55
2327,0,0,1,0,64,1,0,1,2,0,0,2,2,2,1,1,3,96.9,6314.35,0,1,6201.6
6639,1,0,0,0,1,1,0,2,1,1,1,1,1,1,0,0,3,19.1,19.1,0,2,19.1
4764,1,0,0,0,20,1,0,0,0,0,0,2,0,0,0,0,3,50.0,1003.05,0,2,1000.0
1764,0,0,1,0,37,0,1,0,2,0,0,2,2,0,2,0,2,45.4,1593.1,0,0,1679.8
2350,1,0,1,1,30,1,2,1,0,0,0,0,2,0,0,0,2,85.45,2509.95,0,3,2563.5
3552,0,0,0,0,38,1,2,0,2,2,2,0,2,2,1,0,0,84.1,3187.65,0,3,3195.7999999999997
2071,0,1,0,0,1,1,2,1,0,0,0,0,0,0,0,1,3,74.45,74.45,1,3,74.45
2460,0,0,0,0,37,1,0,0,0,0,0,0,2,2,0,1,2,64.75,2345.2,1,3,2395.75
2976,0,0,1,0,52,0,1,0,2,2,2,2,2,2,2,0,1,66.25,3330.1,0,0,3445.0
4454,1,0,0,1,71,1,0,0,2,2,2,2,2,0,2,1,1,76.9,5522.7,0,1,5459.900000000001
6708,1,0,0,0,26,1,0,1,0,2,2,0,2,0,0,0,2,89.8,2335.3,1,3,2334.7999999999997
524,1,0,0,0,66,1,2,0,2,2,2,0,0,2,2,1,1,74.6,4798.4,0,1,4923.599999999999
6892,1,0,1,0,72,1,2,1,2,2,2,2,2,2,2,1,1,116.95,8594.4,0,1,8420.4
6678,1,0,0,1,25,0,1,0,2,0,0,0,2,0,1,1,1,40.65,970.55,0,2,1016.25
3822,1,0,1,1,69,1,2,1,2,2,2,2,2,2,2,1,0,114.35,7665.8,0,1,7890.15
804,1,0,1,1,53,1,2,0,2,2,0,0,0,2,2,0,0,69.7,3686.05,0,1,3694.1000000000004
4006,0,0,0,0,12,1,0,1,0,0,2,0,2,2,1,0,3,95.5,1115.15,1,3,1146.0
4649,1,0,0,0,26,1,0,1,0,0,2,2,2,2,0,1,2,98.65,2537.0,0,3,2564.9
6352,1,0,0,0,21,1,0,0,0,0,2,0,0,2,0,0,3,61.65,1393.6,0,3,1294.6499999999999
2980,0,0,0,1,1,1,0,1,0,0,0,0,2,2,0,1,2,89.35,89.35,0,3,89.35
3318,1,0,0,0,48,1,2,1,2,0,0,2,0,2,0,1,2,95.4,4445.3,0,1,4579.200000000001
4045,0,0,1,0,26,0,1,0,2,0,2,0,0,0,1,0,1,35.4,978.6,0,2,920.4
1012,1,0,1,0,60,1,0,2,1,1,1,1,1,1,2,0,3,19.95,1258.15,0,0,1197.0
4313,1,0,0,0,18,1,0,2,1,1,1,1,1,1,0,0,3,19.25,331.35,0,2,346.5
3630,0,1,0,0,10,0,1,0,0,0,0,2,0,0,0,1,2,29.65,291.4,1,2,296.5
3472,1,0,1,1,5,1,2,1,2,0,2,0,0,0,0,1,2,84.5,453.75,1,3,422.5
1713,0,0,0,1,4,1,0,2,1,1,1,1,1,1,1,1,3,20.4,84.75,0,2,81.6
326,1,0,1,1,65,1,2,2,1,1,1,1,1,1,2,0,1,24.75,1715.1,0,0,1608.75
2687,1,0,1,1,70,1,2,2,1,1,1,1,1,1,2,0,3,25.35,1715.15,0,0,1774.5
6385,1,0,0,0,18,1,2,1,0,0,2,0,0,2,0,1,1,90.7,1597.25,1,3,1632.6000000000001
576,1,0,0,1,62,1,0,2,1,1,1,1,1,1,2,0,0,20.0,1250.1,0,0,1240.0
5858,0,0,1,1,66,1,0,0,2,0,0,0,2,0,2,1,2,59.75,3996.8,0,1,3943.5
6506,0,0,1,1,65,1,2,0,2,2,0,2,2,2,2,1,0,82.5,5215.1,0,1,5362.5
4372,0,1,0,0,3,1,0,1,0,0,0,0,0,0,0,1,2,70.3,235.5,1,3,210.89999999999998
6950,0,0,0,0,34,1,0,2,1,1,1,1,1,1,0,0,3,20.35,673.2,0,2,691.9000000000001
66,1,0,1,1,16,1,2,1,0,0,2,0,2,0,0,1,0,90.8,1442.2,0,3,1452.8
600,0,0,0,0,54,1,2,1,2,0,2,0,2,2,1,1,0,103.95,5639.05,1,1,5613.3
1911,0,1,0,0,50,1,2,1,0,0,2,2,2,2,0,1,2,104.95,5222.35,0,1,5247.5
2839,1,0,1,0,71,1,0,1,0,2,2,2,2,2,2,1,2,105.25,7291.75,0,1,7472.75
5731,0,0,0,0,10,1,2,1,0,0,0,0,0,0,0,1,2,74.75,799.65,1,3,747.5
6790,0,0,0,0,1,1,0,0,0,0,0,2,0,0,0,1,2,50.8,50.8,1,2,50.8
6507,1,0,0,0,18,1,2,2,1,1,1,1,1,1,1,0,3,23.75,424.5,0,2,427.5
5904,1,0,0,0,4,1,0,0,0,0,0,2,2,0,0,1,2,61.3,249.4,0,3,245.2
3782,0,0,1,1,58,1,2,0,2,0,2,2,2,0,2,0,3,75.8,4415.75,0,1,4396.4
4456,0,0,1,0,56,1,2,1,2,0,0,0,2,2,1,1,2,98.0,5270.6,0,1,5488.0
6821,1,0,0,0,2,1,0,1,0,0,0,0,2,0,0,1,2,80.25,144.55,1,3,160.5
6652,1,0,1,0,32,1,2,1,0,0,2,0,0,0,0,1,2,78.9,2447.95,1,3,2524.8
4418,1,0,1,1,56,0,1,0,2,2,0,2,2,0,1,1,3,52.0,2884.9,0,0,2912.0
1623,1,0,0,0,36,1,2,1,0,0,0,0,0,2,0,1,2,84.75,3050.15,1,3,3051.0
2189,0,0,0,0,4,1,2,0,0,0,0,2,2,0,0,1,3,64.4,253.0,0,3,257.6
575,1,0,0,0,53,1,2,1,0,0,0,0,2,0,0,0,0,85.45,4517.25,1,1,4528.85
4359,1,0,0,0,10,1,0,0,0,0,0,0,0,0,0,1,1,45.8,436.2,0,2,458.0
6125,1,0,0,0,4,0,1,0,0,0,0,2,0,0,0,0,2,30.5,118.4,0,2,122.0
3918,1,0,1,1,1,1,0,2,1,1,1,1,1,1,0,0,3,19.9,19.9,1,2,19.9
6830,0,0,1,0,51,1,0,1,0,0,0,0,0,0,0,0,3,69.15,3649.6,0,1,3526.65
5281,1,1,0,0,12,1,2,1,0,0,2,0,2,2,0,1,2,99.45,1200.15,1,3,1193.4
5775,0,0,0,0,6,0,1,0,0,0,0,2,2,2,1,1,3,49.25,255.6,0,2,295.5
1464,1,0,1,1,63,0,1,0,0,2,2,2,0,0,2,0,0,39.35,2395.05,0,0,2479.05
3823,0,0,0,0,1,1,0,1,0,0,0,0,0,0,0,1,2,70.6,70.6,1,3,70.6
3605,0,0,1,0,48,1,2,1,0,2,0,2,2,2,0,1,1,105.1,5083.55,0,1,5044.799999999999
6423,0,0,0,0,5,1,0,1,0,0,0,0,2,0,0,1,1,81.0,389.6,1,3,405.0
3991,0,0,0,1,35,1,0,2,1,1,1,1,1,1,1,1,1,20.1,644.5,0,0,703.5
1637,1,0,0,0,6,1,0,1,0,2,0,0,2,0,0,1,2,84.85,523.5,1,3,509.09999999999997
2766,1,0,0,0,2,1,0,2,1,1,1,1,1,1,0,0,3,19.75,39.3,0,2,39.5
1772,0,0,0,0,50,1,0,2,1,1,1,1,1,1,1,0,0,19.75,989.05,0,0,987.5
2850,0,0,0,0,33,1,0,1,0,0,0,0,0,0,0,1,0,70.4,2406.1,0,3,2323.2000000000003
3610,1,0,0,0,31,1,0,2,1,1,1,1,1,1,2,0,3,20.45,638.55,0,2,633.9499999999999
3570,0,0,1,1,9,1,0,2,1,1,1,1,1,1,2,0,3,20.35,191.1,0,2,183.15
179,0,0,1,1,54,1,2,0,0,2,2,2,2,2,0,1,2,86.2,4524.05,0,1,4654.8
6299,0,0,0,0,46,1,0,1,2,2,2,0,2,0,1,1,1,95.65,4664.2,0,1,4399.900000000001
2875,1,0,0,1,34,1,2,1,2,2,0,0,2,2,1,1,2,103.8,3470.8,0,1,3529.2
6841,1,0,1,1,71,1,2,1,2,0,0,0,2,2,2,1,2,97.2,6910.3,0,1,6901.2
6890,0,0,1,1,63,1,0,0,2,2,2,2,0,0,2,0,3,63.55,4014.2,0,1,4003.6499999999996
4544,0,0,0,0,51,1,2,2,1,1,1,1,1,1,2,0,0,24.95,1288.0,0,0,1272.45
4265,0,1,0,0,26,1,2,1,0,2,0,0,2,0,0,1,2,89.15,2277.65,1,3,2317.9
2840,0,0,1,0,64,1,0,1,2,0,2,0,2,2,2,1,0,99.0,6375.8,0,1,6336.0
5631,0,1,1,0,1,0,1,0,0,0,0,0,0,0,0,1,2,24.8,24.8,1,2,24.8
2624,1,1,1,0,61,1,2,1,0,2,0,2,0,0,1,1,0,85.55,5251.75,0,1,5218.55
4846,0,0,0,0,15,1,0,1,0,0,2,0,2,2,0,1,1,94.0,1505.45,0,3,1410.0
1877,1,0,0,0,64,1,2,1,0,2,0,2,2,2,1,1,1,105.65,6903.1,1,1,6761.6
903,0,0,0,0,18,1,2,0,0,0,0,0,0,0,0,1,2,50.3,913.3,0,2,905.4
6327,0,0,1,1,57,1,0,1,0,2,0,0,2,2,1,1,2,95.0,5535.8,0,1,5415.0
6840,1,0,1,1,14,1,0,0,2,2,0,0,0,2,2,1,0,61.4,815.55,0,3,859.6
6011,1,1,0,0,18,1,2,1,0,2,0,0,0,0,0,1,1,80.55,1411.65,0,3,1449.8999999999999
5104,0,1,1,0,72,1,2,1,2,0,0,0,0,0,2,0,0,78.5,5602.25,0,1,5652.0
5629,1,0,1,0,70,1,2,1,2,2,2,2,2,2,2,0,1,114.3,8244.3,0,1,8001.0
1578,0,0,0,0,38,1,0,2,1,1,1,1,1,1,2,0,3,20.05,741.5,0,0,761.9
2487,1,0,1,1,68,1,0,0,2,2,2,2,0,0,2,0,1,62.65,4375.8,0,1,4260.2
3716,1,0,0,0,13,1,0,1,0,0,0,0,0,2,0,1,2,80.85,1008.7,1,3,1051.05
4565,1,1,1,0,65,1,2,1,2,2,0,0,2,0,2,1,1,92.7,5968.4,0,1,6025.5
3524,0,0,0,0,30,1,2,1,0,0,2,0,2,2,0,0,2,100.45,3096.9,0,3,3013.5
6093,1,0,1,0,51,1,2,0,0,0,0,2,2,2,2,1,0,75.2,3901.25,0,1,3835.2000000000003
1685,0,0,0,0,31,1,2,1,2,0,2,0,0,0,0,1,1,84.75,2613.4,0,3,2627.25
5243,0,0,1,0,9,1,0,1,0,0,0,0,2,2,0,0,2,89.45,853.1,1,3,805.0500000000001
6668,0,0,1,1,72,1,2,0,2,2,2,2,0,2,2,1,0,79.5,5661.7,0,1,5724.0
4486,1,0,0,0,10,1,2,0,0,0,0,0,2,2,0,1,1,72.15,794.25,1,3,721.5
4255,0,0,0,0,37,1,0,2,1,1,1,1,1,1,1,1,2,19.8,695.05,0,0,732.6
1097,0,0,0,0,2,1,0,0,0,0,2,2,2,2,0,0,2,76.4,160.8,1,3,152.8
5598,1,0,0,0,55,1,0,1,2,2,0,0,2,2,1,1,3,100.9,5552.05,0,1,5549.5
6990,1,0,0,1,33,1,2,1,2,0,2,0,0,2,0,1,0,95.3,3275.15,0,3,3144.9
5271,0,0,1,1,46,1,0,1,0,0,2,2,0,2,1,0,0,90.95,4236.6,0,1,4183.7
5152,0,0,0,1,1,1,0,0,2,0,0,2,0,0,0,0,2,54.5,54.5,0,2,54.5
4978,0,1,0,0,20,1,2,0,0,0,0,0,0,2,0,1,3,61.6,1174.35,1,3,1232.0
498,1,0,1,0,9,1,0,1,0,2,2,0,0,0,0,1,2,79.9,741.7,1,3,719.1
4223,1,1,0,0,32,1,2,1,0,0,0,0,2,2,0,1,1,96.15,3019.25,1,3,3076.8
3109,0,0,1,1,19,1,0,0,0,0,2,0,0,0,0,1,0,49.6,962.9,0,2,942.4
2453,0,0,1,0,70,1,2,0,2,0,2,2,0,0,2,0,1,65.3,4759.75,1,1,4571.0
1705,0,0,0,1,61,1,2,2,1,1,1,1,1,1,2,1,1,25.0,1498.35,0,0,1525.0
5057,1,0,0,0,26,1,0,0,0,0,0,0,0,0,0,0,2,45.45,1233.15,0,2,1181.7
1235,1,0,1,0,45,1,2,1,0,2,2,0,2,2,0,1,0,107.75,4882.8,0,1,4848.75
1234,1,0,1,1,62,1,2,1,0,0,2,0,2,0,2,1,1,89.1,5411.65,0,1,5524.2
4357,1,0,0,0,1,1,0,2,1,1,1,1,1,1,0,0,3,19.65,19.65,1,2,19.65
6116,0,0,0,0,3,1,0,0,0,0,0,0,0,0,0,0,3,44.75,148.05,0,2,134.25
392,0,0,1,1,41,1,2,1,2,2,2,0,0,2,1,1,0,101.6,3930.55,0,1,4165.599999999999
4038,1,0,1,1,67,1,0,1,0,2,2,2,2,2,2,0,0,103.15,6895.5,0,1,6911.05
5312,1,0,0,0,1,1,2,1,0,0,0,0,2,0,0,1,3,84.65,84.65,1,3,84.65
1149,0,0,1,0,71,1,2,1,2,2,0,0,2,0,1,0,3,95.65,6856.95,0,1,6791.150000000001
2108,0,0,1,1,37,1,0,0,2,2,0,0,2,2,1,0,0,75.1,2658.8,0,3,2778.7
2821,1,0,1,0,60,1,0,0,2,2,0,2,0,0,2,1,3,61.35,3766.2,0,0,3681.0
1719,0,1,1,0,1,1,0,1,0,0,0,0,0,0,0,1,2,69.55,69.55,1,3,69.55
7026,0,0,0,0,6,1,0,2,1,1,1,1,1,1,0,0,1,19.7,129.55,0,2,118.19999999999999
6155,0,0,0,0,13,0,1,0,0,2,0,0,0,0,0,1,2,31.05,347.25,1,2,403.65000000000003
6680,0,0,1,1,11,1,0,0,2,0,0,0,0,0,0,0,0,51.0,581.7,0,2,561.0
1499,1,0,0,0,7,1,0,0,2,0,0,0,0,0,0,1,3,51.0,354.05,1,2,357.0
1821,0,0,1,1,10,1,0,1,0,0,0,0,2,2,0,1,2,88.85,929.45,0,3,888.5
4644,1,0,1,0,34,1,0,2,1,1,1,1,1,1,2,0,1,20.05,679.0,0,2,681.7
839,0,0,0,0,62,1,0,0,2,0,0,2,0,2,2,1,3,65.1,3846.75,0,1,4036.2
6543,1,0,1,0,64,1,2,0,0,2,0,2,0,2,1,1,3,70.15,4480.7,0,1,4489.6
4358,0,0,1,1,1,1,0,0,0,0,0,0,0,0,0,1,0,44.35,44.35,1,2,44.35
2417,1,0,0,0,25,1,0,2,1,1,1,1,1,1,2,1,3,20.75,499.4,0,2,518.75
4927,0,0,0,0,26,1,0,0,0,2,2,0,0,0,1,1,3,56.05,1553.2,0,3,1457.3
128,1,0,0,1,10,1,0,2,1,1,1,1,1,1,1,1,0,19.95,219.5,0,2,199.5
6877,0,0,0,0,53,1,2,1,2,2,2,0,2,0,1,0,3,98.6,5311.85,0,1,5225.799999999999
4567,0,0,0,0,7,1,0,1,0,0,0,0,2,0,0,1,2,79.7,586.05,1,3,557.9
4634,1,0,0,0,33,1,0,1,0,2,2,0,0,0,0,1,1,79.0,2576.8,0,3,2607.0
4778,0,1,1,0,71,1,0,1,0,2,2,0,0,2,2,0,1,89.45,6435.25,0,1,6350.95
2093,0,0,0,0,29,1,2,1,0,0,0,0,0,0,0,1,2,74.2,1993.25,0,3,2151.8
2985,1,0,1,1,24,1,2,0,2,0,0,2,2,2,0,0,0,81.0,1923.85,0,3,1944.0
827,1,0,1,1,20,1,0,0,0,0,2,0,0,0,0,1,2,49.6,939.8,0,2,992.0
3467,0,0,0,0,1,1,2,1,0,0,0,0,2,0,0,1,2,84.6,84.6,0,3,84.6
766,1,0,0,1,54,1,2,0,0,2,0,0,0,0,0,1,1,55.0,3092.65,1,0,2970.0
4299,0,1,0,0,5,1,0,1,0,0,2,0,2,0,0,1,3,84.85,415.55,1,3,424.25
1881,0,0,1,1,72,1,2,0,2,0,2,2,2,2,2,1,0,84.2,5986.55,0,1,6062.400000000001
2358,1,0,1,0,52,1,0,1,2,2,2,2,2,2,2,1,2,106.3,5487.0,0,1,5527.599999999999
6349,0,0,0,0,9,1,0,1,0,0,0,0,0,0,0,0,2,69.05,651.5,0,3,621.4499999999999
1564,0,0,0,0,1,1,0,0,0,0,0,0,0,0,0,1,3,45.4,45.4,0,2,45.4
6005,1,1,0,0,1,1,2,1,0,0,0,0,0,0,0,1,2,73.65,73.65,1,3,73.65
4462,1,0,1,1,33,1,0,0,0,0,2,2,2,2,1,1,3,73.9,2405.05,1,3,2438.7000000000003
3932,0,0,1,0,55,1,2,1,0,0,2,0,0,0,0,1,2,77.75,4458.15,1,1,4276.25
3083,1,0,1,1,69,1,2,1,0,0,0,2,2,2,2,1,2,99.35,6856.45,0,1,6855.15
5534,1,0,0,0,1,1,0,0,2,0,0,0,0,0,0,1,3,50.75,50.75,0,2,50.75
5400,1,0,0,0,54,1,2,0,2,0,2,2,2,2,2,0,0,87.1,4735.2,0,1,4703.4
3921,1,0,0,1,33,1,0,2,1,1,1,1,1,1,1,1,3,20.15,682.15,0,2,664.9499999999999
5581,1,1,1,0,45,1,2,1,0,2,2,2,2,0,1,1,0,98.7,4525.8,0,1,4441.5
544,0,0,0,1,11,0,1,0,0,0,0,0,0,0,0,0,2,25.2,321.05,0,2,277.2
1844,1,0,0,0,6,1,0,0,2,2,0,0,0,0,0,1,0,55.7,335.65,0,2,334.20000000000005
2589,1,0,0,0,21,1,0,0,2,0,2,0,2,0,0,0,0,65.35,1424.4,0,3,1372.35
1924,0,0,1,1,65,1,2,2,1,1,1,1,1,1,2,1,0,25.3,1748.55,0,0,1644.5
112,0,1,1,0,6,1,2,1,0,0,0,0,0,2,0,1,2,84.35,474.9,1,3,506.09999999999997
6246,0,0,0,0,8,1,0,1,2,0,0,0,2,0,0,0,2,84.95,668.4,1,3,679.6
1860,1,0,0,0,11,1,0,1,0,0,0,2,0,0,0,1,2,73.85,926.25,1,3,812.3499999999999
1503,1,0,1,1,43,1,2,2,1,1,1,1,1,1,2,0,3,24.25,1077.95,0,0,1042.75
5404,1,0,1,1,49,0,1,0,0,2,0,0,2,2,1,1,0,51.8,2541.25,1,0,2538.2
1328,0,1,1,0,1,1,0,0,0,0,0,0,0,0,0,0,2,46.0,46.0,1,2,46.0
3233,1,1,0,0,15,1,0,1,0,0,0,0,0,2,0,1,2,79.4,1156.1,1,3,1191.0
5083,1,0,1,1,60,1,0,0,2,2,2,0,0,0,2,0,0,60.5,3694.45,0,0,3630.0
3517,1,0,0,0,17,0,1,0,0,0,0,0,0,0,0,0,1,25.1,382.8,0,2,426.70000000000005
2643,1,1,1,0,16,1,0,1,0,0,0,0,0,0,0,1,0,71.8,1167.8,1,3,1148.8
1193,1,0,1,1,35,1,0,2,1,1,1,1,1,1,1,0,0,20.05,746.75,0,0,701.75
4500,1,1,1,0,44,1,2,1,0,2,0,0,0,2,1,0,3,88.4,3912.9,1,1,3889.6000000000004
3349,0,0,1,1,12,0,1,0,0,0,0,2,0,0,1,0,1,30.25,368.85,0,2,363.0
5713,1,0,0,0,1,1,0,2,1,1,1,1,1,1,0,0,3,20.2,20.2,0,2,20.2
4074,0,0,0,0,28,1,0,0,2,2,0,2,0,0,1,1,2,59.9,1654.7,0,3,1677.2
4268,1,0,1,0,70,1,2,2,1,1,1,1,1,1,2,0,0,25.15,1940.85,0,0,1760.5
1220,0,0,0,1,5,1,0,0,0,0,0,0,0,0,0,0,3,46.0,221.7,1,2,230.0
4755,1,0,0,0,18,1,0,1,0,2,2,0,2,2,0,0,1,101.3,1794.65,0,3,1823.3999999999999
4670,1,0,1,0,70,1,2,0,2,0,0,2,2,2,2,1,1,76.95,5289.8,0,1,5386.5
2216,0,0,1,1,9,1,2,0,0,2,0,0,0,0,0,1,3,55.3,501.2,0,2,497.7
150,0,1,0,0,67,1,0,1,2,2,0,2,2,0,2,1,0,92.45,6140.85,0,1,6194.150000000001
427,0,0,0,0,1,1,0,0,2,0,0,0,0,0,0,1,0,48.45,48.45,0,2,48.45
2005,0,0,1,1,18,1,0,2,1,1,1,1,1,1,2,0,3,19.35,309.25,0,2,348.3
4921,1,0,0,0,4,1,2,0,0,0,0,0,0,0,0,0,1,51.75,201.1,1,2,207.0
5293,1,1,1,1,71,1,0,1,2,2,2,0,0,0,1,1,0,86.7,6179.35,0,1,6155.7
6743,1,0,1,1,30,1,2,1,2,2,0,0,2,0,0,1,2,94.4,2838.7,1,3,2832.0
1382,1,0,1,0,1,1,0,0,2,0,2,0,0,0,0,0,3,55.7,55.7,0,2,55.7
5701,0,0,0,0,55,1,2,1,2,0,2,0,0,0,1,1,1,84.25,4589.85,0,1,4633.75
2713,1,0,0,0,59,1,0,0,0,0,2,2,2,0,0,1,2,64.65,3735.45,0,1,3814.3500000000004
1794,0,0,0,0,1,1,0,1,0,0,0,0,0,0,0,1,3,70.15,70.15,1,3,70.15
3558,0,0,1,0,7,1,0,1,0,0,0,0,0,0,0,1,0,69.2,477.55,0,3,484.40000000000003
1166,1,0,1,1,45,1,0,0,2,0,0,2,0,0,2,0,0,54.65,2553.7,0,0,2459.25
914,0,0,1,1,54,1,2,2,1,1,1,1,1,1,1,1,0,24.75,1342.15,0,0,1336.5
4639,1,0,1,1,51,1,2,2,1,1,1,1,1,1,1,1,3,23.95,1216.35,0,0,1221.45
4244,0,1,1,0,72,1,2,1,0,2,2,0,2,2,1,0,1,105.0,7578.05,0,1,7560.0
6446,1,0,1,0,44,1,0,0,2,2,0,2,0,0,1,1,0,59.85,2603.95,0,0,2633.4
4192,1,0,0,0,2,1,0,2,1,1,1,1,1,1,0,0,3,20.05,42.7,0,2,40.1
6796,0,0,0,0,66,1,2,1,0,0,2,0,2,0,1,1,0,92.15,6056.9,0,1,6081.900000000001
1447,1,0,1,1,68,0,1,0,2,2,0,0,2,0,1,0,3,44.8,2983.65,0,0,3046.3999999999996
5806,0,0,0,0,31,1,0,2,1,1,1,1,1,1,2,0,1,20.9,689.35,0,2,647.9
6535,0,1,0,0,21,1,2,1,0,0,0,0,2,2,0,1,0,95.4,2025.1,0,3,2003.4
5647,1,0,0,1,21,1,2,1,2,0,0,0,0,0,0,0,2,80.35,1747.2,0,3,1687.35
1655,0,0,1,1,55,1,2,0,2,0,2,2,2,2,2,1,0,85.1,4657.95,0,1,4680.5
529,1,0,0,0,9,0,1,0,0,0,0,0,2,0,0,1,1,34.7,296.1,1,2,312.3
5698,1,1,1,0,71,1,2,1,2,2,2,2,2,2,2,1,0,115.05,8016.6,0,1,8168.55
3217,0,0,0,0,1,1,0,1,0,0,0,0,0,2,0,1,2,81.1,81.1,1,3,81.1
3234,1,0,1,1,22,1,0,2,1,1,1,1,1,1,1,0,3,19.95,433.5,0,2,438.9
2679,0,0,1,1,1,1,0,2,1,1,1,1,1,1,0,0,3,20.55,20.55,1,2,20.55
4830,0,0,0,0,61,1,2,1,0,0,2,2,2,2,2,1,2,106.6,6428.4,1,1,6502.599999999999
2086,0,0,1,0,67,1,2,0,0,2,2,2,2,2,2,0,0,86.15,5883.85,0,1,5772.05
4715,0,1,0,0,14,1,0,1,2,2,0,0,0,0,0,0,2,78.85,1043.8,0,3,1103.8999999999999
6740,1,0,1,0,59,1,2,1,2,2,2,2,2,0,0,1,2,106.75,6252.9,1,1,6298.25
5439,1,1,1,0,21,1,0,1,0,0,2,0,2,0,0,0,0,86.55,1857.25,0,3,1817.55
5599,1,0,0,0,4,0,1,0,2,2,0,2,0,0,0,0,3,42.4,146.4,0,2,169.6
6769,0,0,0,0,3,1,0,1,0,0,0,0,2,2,0,1,2,89.45,240.45,1,3,268.35
3204,1,0,1,0,70,1,2,2,1,1,1,1,1,1,2,0,0,24.25,1724.15,0,0,1697.5
214,0,0,0,0,3,1,0,1,0,2,0,2,2,2,0,1,2,97.9,315.3,1,3,293.70000000000005
6178,1,1,0,0,21,1,0,2,1,1,1,1,1,1,1,0,0,20.5,429.55,0,2,430.5
5996,1,0,0,0,20,1,0,2,1,1,1,1,1,1,0,1,1,19.6,356.15,0,2,392.0
4306,1,0,1,1,22,1,0,2,1,1,1,1,1,1,1,0,0,20.25,488.25,0,2,445.5
4704,1,0,0,0,1,1,0,0,0,0,0,0,0,2,0,1,3,55.7,55.7,1,2,55.7
6247,0,0,0,0,63,1,0,2,1,1,1,1,1,1,2,1,3,20.6,1298.7,0,0,1297.8000000000002
6185,0,0,1,1,70,1,0,2,1,1,1,1,1,1,2,0,0,19.8,1378.75,0,0,1386.0
3813,1,0,0,0,13,1,0,1,0,2,2,0,0,0,0,1,2,79.8,973.45,1,3,1037.3999999999999
4916,0,0,0,0,5,1,0,1,0,0,0,0,2,0,0,0,2,80.2,384.25,0,3,401.0
462,0,0,1,1,72,1,2,1,2,2,2,2,2,2,2,1,1,116.4,8543.25,0,1,8380.800000000001
4490,0,0,0,0,13,0,1,0,0,2,0,0,0,0,0,1,2,31.65,389.95,0,2,411.45
927,1,0,1,0,61,1,0,1,0,2,2,2,0,2,0,0,1,94.15,5731.85,0,1,5743.150000000001
3589,1,0,0,0,1,1,0,2,1,1,1,1,1,1,0,0,2,20.65,20.65,0,2,20.65
5695,0,1,1,0,56,1,2,1,0,0,0,2,0,0,0,1,0,76.85,4275.75,0,1,4303.599999999999
3074,0,0,0,0,4,1,0,2,1,1,1,1,1,1,0,0,3,20.15,84.5,0,2,80.6
2127,1,0,0,0,35,1,2,0,2,0,0,0,0,0,2,0,3,55.25,1924.1,0,0,1933.75
3588,0,0,1,0,18,0,1,0,0,0,2,0,2,0,0,1,2,39.05,669.85,1,2,702.9
1580,1,0,1,0,72,1,2,0,0,2,2,0,2,2,2,0,0,82.15,5784.3,0,1,5914.8
5780,0,1,0,0,49,1,2,1,2,2,2,2,0,2,1,0,0,103.0,5166.2,0,1,5047.0
1557,0,0,1,0,44,1,2,1,2,2,2,2,0,0,0,1,1,95.1,4060.55,0,1,4184.4
4,0,1,1,0,3,1,0,1,0,0,0,2,2,0,0,1,3,83.9,267.4,1,3,251.70000000000002
4241,0,0,1,1,37,1,2,1,0,2,2,0,0,2,0,1,2,95.15,3532.85,0,1,3520.55
6432,1,0,1,0,61,1,2,0,0,2,2,0,2,2,1,1,2,79.8,4914.8,0,1,4867.8
3255,1,0,1,0,70,1,2,0,2,0,2,2,0,2,2,1,1,74.8,5315.8,0,1,5236.0
3943,0,1,0,0,1,1,0,1,0,0,0,0,0,0,0,1,2,69.85,69.85,1,3,69.85
3940,0,0,0,0,41,1,0,2,1,1,1,1,1,1,0,0,2,20.45,775.6,0,0,838.4499999999999
1031,1,0,1,1,70,1,2,0,2,2,2,2,0,2,1,0,0,78.35,5445.95,0,1,5484.5
3479,0,0,0,0,1,1,0,0,0,0,0,0,2,0,0,1,3,53.55,53.55,1,2,53.55
2919,1,0,0,0,51,1,0,2,1,1,1,1,1,1,1,0,2,19.1,1007.8,0,0,974.1
5840,0,0,1,1,42,1,0,2,1,1,1,1,1,1,2,0,3,20.0,833.55,0,0,840.0
1514,0,0,1,1,70,1,2,1,2,2,2,2,0,0,2,0,0,93.9,6579.05,1,1,6573.0
6261,1,0,0,0,48,1,0,2,1,1,1,1,1,1,1,0,0,19.95,1004.5,0,0,957.5999999999999
3742,1,0,1,1,68,1,2,1,2,2,2,2,2,2,2,1,2,113.15,7856.0,1,1,7694.200000000001
5388,0,0,0,0,48,1,2,2,1,1,1,1,1,1,2,0,1,24.0,1183.05,0,0,1152.0
1820,0,1,1,0,26,1,0,1,0,2,0,0,0,2,0,0,2,84.95,2169.75,1,3,2208.7000000000003
4484,1,0,1,0,11,1,2,1,0,2,0,0,0,0,0,1,0,80.5,896.9,1,3,885.5
3264,1,0,0,0,1,1,0,2,1,1,1,1,1,1,0,1,3,19.3,19.3,1,2,19.3
1341,0,0,0,0,27,1,0,2,1,1,1,1,1,1,1,0,3,19.15,501.35,0,2,517.05
1162,0,1,0,0,46,1,0,1,0,2,2,0,2,0,1,1,0,91.3,4126.35,0,1,4199.8
1132,1,0,0,0,1,1,0,0,0,0,2,0,0,0,0,1,3,49.65,49.65,1,2,49.65
5160,0,0,0,0,46,1,0,0,0,0,2,2,0,0,2,0,1,54.35,2460.15,1,0,2500.1
331,1,0,1,1,25,1,0,2,1,1,1,1,1,1,0,1,3,19.15,477.6,0,2,478.74999999999994
5133,1,0,0,0,4,1,0,1,0,0,0,0,2,2,0,1,2,88.45,370.65,1,3,353.8
3574,1,0,0,0,13,1,0,2,1,1,1,1,1,1,2,0,3,19.75,265.75,0,2,256.75
3141,1,0,1,0,31,1,0,0,2,2,2,2,0,2,1,1,1,75.5,2424.45,0,3,2340.5
22,0,0,1,1,23,1,2,1,0,0,0,0,2,0,0,1,2,83.75,1849.95,0,3,1926.25
1584,0,0,0,0,2,1,0,2,1,1,1,1,1,1,0,0,3,19.4,61.05,0,2,38.8
4243,0,0,0,0,65,1,2,2,1,1,1,1,1,1,2,0,0,26.5,1698.55,0,0,1722.5
4455,1,1,0,0,22,1,2,1,0,0,0,2,2,0,0,1,0,90.5,1910.6,1,3,1991.0
4298,0,0,1,1,55,1,0,2,1,1,1,1,1,1,1,0,1,19.15,998.1,0,0,1053.25
1608,1,0,1,0,9,1,0,1,0,2,2,2,2,0,0,1,3,94.85,890.6,1,3,853.65
2676,1,0,1,1,7,1,0,1,0,0,0,0,0,0,0,1,0,69.95,529.5,1,3,489.65000000000003
1991,0,0,1,1,35,0,1,0,0,0,0,2,2,0,1,0,3,40.9,1383.6,0,0,1431.5
6467,1,0,0,0,6,1,0,0,2,0,2,2,2,2,2,1,3,80.25,493.4,0,3,481.5
1216,0,0,0,0,1,1,0,0,2,0,0,0,0,0,0,1,1,48.6,48.6,1,2,48.6
6636,1,0,0,0,17,1,0,1,0,0,0,0,0,0,0,1,2,70.8,1207.0,0,3,1203.6
5714,1,0,1,1,10,1,0,0,0,0,2,0,2,0,0,0,3,60.2,563.5,0,3,602.0
4671,1,0,0,1,15,1,0,0,0,0,2,2,0,0,1,0,1,55.2,864.55,0,2,828.0
1687,0,1,0,0,40,0,1,0,2,2,0,0,2,2,0,1,2,55.8,2109.35,1,0,2232.0
6833,0,0,1,1,13,1,0,0,2,0,0,2,0,0,1,0,0,54.15,701.05,0,2,703.9499999999999
3388,1,0,1,0,29,1,2,1,0,2,0,0,0,0,0,1,0,80.15,2265.25,1,3,2324.3500000000004
906,0,0,0,0,3,1,2,1,0,0,0,0,0,0,0,1,2,75.5,220.6,1,3,226.5
4856,0,1,1,0,58,1,2,1,0,0,0,2,2,2,0,1,0,100.4,5749.8,0,1,5823.200000000001
6812,0,0,0,0,45,1,0,0,2,2,0,2,0,0,1,1,1,62.55,2796.45,0,0,2814.75
2750,0,0,1,1,72,1,2,0,2,2,2,2,0,0,2,1,0,70.45,5165.7,0,1,5072.400000000001
2306,1,0,1,1,68,1,2,1,2,2,0,0,0,0,1,1,0,85.5,5696.6,0,1,5814.0
1033,1,0,0,0,1,1,0,2,1,1,1,1,1,1,0,1,0,20.2,20.2,1,2,20.2
6729,0,0,1,1,38,1,0,0,2,2,0,0,0,0,0,0,2,54.5,2076.05,0,0,2071.0
553,1,0,0,0,2,1,0,2,1,1,1,1,1,1,0,0,3,20.75,44.2,0,2,41.5
7000,1,0,0,0,11,1,0,2,1,1,1,1,1,1,0,0,3,20.35,215.25,0,2,223.85000000000002
3221,0,1,1,0,20,1,0,1,0,0,0,0,2,2,1,1,0,91.0,1859.5,0,3,1820.0
3751,1,0,1,0,72,1,2,1,0,2,2,0,2,2,2,1,0,104.8,7470.1,0,1,7545.599999999999
4557,0,0,1,0,3,1,2,1,0,0,0,0,0,0,0,1,1,74.75,229.5,1,3,224.25
3068,1,0,0,0,23,1,2,1,0,0,2,2,2,2,0,1,3,104.05,2470.1,1,3,2393.15
6440,1,0,0,0,40,1,0,0,0,0,0,2,0,0,0,1,2,51.1,2092.9,0,0,2044.0
3112,1,1,1,0,62,1,2,1,0,2,0,0,0,2,0,1,0,89.8,5629.55,0,1,5567.599999999999
6329,0,0,0,1,22,1,0,2,1,1,1,1,1,1,0,1,2,20.55,469.85,0,2,452.1
1686,0,0,0,0,11,1,0,0,2,0,2,0,0,2,0,0,0,64.05,733.95,0,3,704.55
6567,1,1,1,0,7,1,2,1,0,0,0,0,0,0,0,1,2,74.85,485.25,0,3,523.9499999999999
4840,0,0,0,0,13,1,2,1,2,2,0,0,2,0,0,1,2,96.65,1244.5,1,3,1256.45
3550,1,1,0,0,1,1,0,2,1,1,1,1,1,1,0,0,3,20.05,20.05,1,2,20.05
6905,0,0,0,0,39,1,2,1,0,2,2,0,2,2,0,1,2,103.45,3994.45,1,1,4034.55
4635,1,0,1,0,3,0,1,0,0,0,0,0,0,0,0,0,3,25.0,78.25,0,2,75.0
3953,1,0,0,0,58,1,0,2,1,1,1,1,1,1,2,0,1,20.3,1131.5,0,0,1177.4
841,1,0,0,1,6,1,2,2,1,1,1,1,1,1,0,0,3,26.35,184.05,0,2,158.10000000000002
1589,0,0,1,1,1,1,0,2,1,1,1,1,1,1,0,1,2,19.9,19.9,1,2,19.9
1418,0,0,1,0,22,1,0,0,0,2,2,0,0,0,0,1,3,54.7,1178.75,0,3,1203.4
403,1,0,1,0,14,0,1,0,0,0,0,0,2,2,0,0,2,46.35,667.7,1,2,648.9
3085,1,0,1,1,64,1,2,1,0,0,2,0,0,2,1,0,1,90.25,5629.15,0,1,5776.0
3631,1,0,0,0,1,1,0,2,1,1,1,1,1,1,0,0,2,19.95,19.95,1,2,19.95
4604,1,0,0,0,6,1,0,2,1,1,1,1,1,1,0,0,3,20.65,109.3,0,2,123.89999999999999
3840,1,0,0,0,1,1,0,1,0,0,0,0,0,2,0,0,2,79.6,79.6,1,3,79.6
5282,1,0,0,1,39,1,2,2,1,1,1,1,1,1,1,0,0,25.45,958.45,0,0,992.55
1591,0,0,0,0,20,1,0,2,1,1,1,1,1,1,1,0,3,19.5,403.15,0,2,390.0
139,1,0,0,0,1,1,0,1,0,0,0,2,0,0,0,1,2,75.9,75.9,1,3,75.9
6642,1,0,1,0,1,1,0,1,0,0,2,0,0,0,0,0,2,76.2,76.2,1,3,76.2
3489,1,0,1,0,64,1,2,0,2,0,0,0,2,0,1,1,1,66.15,4392.5,0,1,4233.6
3914,1,0,0,1,1,1,0,2,1,1,1,1,1,1,0,0,3,19.25,19.25,1,2,19.25
5308,0,0,1,0,46,1,0,0,0,2,0,0,2,2,0,1,1,69.1,3168.0,0,0,3178.6
2996,0,1,1,1,28,0,1,0,0,2,0,0,0,2,1,1,2,39.1,1096.6,0,2,1094.8
4361,0,0,1,0,33,1,0,2,1,1,1,1,1,1,0,0,3,20.05,669.45,0,2,661.65
4291,1,0,1,1,39,1,0,0,2,2,2,0,0,0,1,0,2,59.8,2343.85,0,0,2332.2
3117,0,0,1,0,42,1,2,1,0,0,2,2,0,0,0,1,2,84.3,3588.4,1,1,3540.6
6864,0,0,0,0,1,1,0,0,0,2,0,0,0,0,0,1,2,48.6,48.6,0,2,48.6
5426,0,0,0,0,7,1,0,1,0,0,0,0,2,0,0,1,2,79.0,522.95,1,3,553.0
1083,1,1,1,0,70,1,0,1,2,2,2,0,2,2,2,0,1,105.35,7511.9,0,1,7374.5
4019,1,0,0,0,65,1,2,2,1,1,1,1,1,1,2,1,0,25.1,1725.0,0,0,1631.5
5196,1,0,0,0,1,1,0,0,2,0,0,0,0,0,0,0,2,49.75,49.75,0,2,49.75
2161,1,0,1,0,18,1,2,1,0,0,0,0,2,2,0,1,2,94.75,1691.9,0,3,1705.5
1629,1,0,1,0,24,1,2,1,0,0,0,0,2,2,0,1,2,93.0,2248.05,0,3,2232.0
461,1,0,0,0,63,1,2,0,2,0,2,2,0,2,2,1,0,71.9,4479.2,0,1,4529.700000000001
770,0,0,0,1,44,1,2,0,0,2,0,0,2,2,1,1,3,77.55,3471.1,0,1,3412.2
3073,1,0,0,0,4,1,0,2,1,1,1,1,1,1,0,1,2,19.85,63.0,0,2,79.4
2269,0,0,0,0,1,1,0,1,0,0,0,0,0,0,0,1,2,70.25,70.25,1,3,70.25
1947,0,0,1,1,37,1,2,1,0,0,0,0,2,2,0,1,2,95.25,3314.15,0,1,3524.25
598,0,1,0,0,10,1,0,1,0,0,2,0,0,2,0,1,1,84.6,865.55,1,3,846.0
4499,1,0,0,0,34,0,1,0,0,0,0,0,0,0,0,1,0,25.05,852.7,0,0,851.7
5910,1,0,1,0,35,0,1,0,2,0,2,0,2,2,1,0,1,53.15,1930.9,0,0,1860.25
4586,0,0,1,0,4,1,0,2,1,1,1,1,1,1,0,0,2,20.15,91.4,0,2,80.6
91,0,1,1,0,39,1,2,1,0,0,0,2,2,2,0,1,2,101.25,3949.15,0,1,3948.75
836,1,1,1,0,43,1,0,1,0,2,2,0,2,2,1,1,0,100.55,4304.0,0,1,4323.65
5546,0,0,1,1,17,1,2,2,1,1,1,1,1,1,0,0,3,24.1,409.9,1,2,409.70000000000005
4521,0,0,1,0,61,1,2,2,1,1,1,1,1,1,2,0,0,25.3,1554.9,0,0,1543.3
4186,0,0,1,0,49,1,2,0,2,2,2,0,0,2,1,0,2,71.8,3472.05,0,1,3518.2
4443,1,0,0,0,4,1,0,2,1,1,1,1,1,1,1,0,3,19.7,117.8,0,2,78.8
2489,0,0,1,1,64,0,1,0,0,2,2,2,0,2,2,0,2,49.85,3210.35,0,0,3190.4
3514,1,0,0,0,3,1,0,1,0,0,0,0,0,0,0,1,3,69.6,207.4,0,3,208.79999999999998
6430,1,0,1,1,1,1,0,2,1,1,1,1,1,1,0,0,2,19.75,19.75,0,2,19.75
2007,1,0,1,0,40,1,0,1,0,2,2,0,0,0,1,0,2,80.8,3132.75,0,3,3232.0
3363,0,0,0,1,1,1,0,0,2,2,0,2,0,0,0,1,2,60.0,60.0,1,2,60.0
3718,1,0,0,0,8,1,2,1,0,0,0,0,0,2,0,1,2,86.55,649.65,1,3,692.4
4961,0,1,1,0,1,1,0,2,1,1,1,1,1,1,0,1,3,20.85,20.85,1,2,20.85
1734,0,1,1,0,34,1,0,0,0,0,2,2,2,0,1,0,0,64.2,2106.3,0,3,2182.8
2699,0,0,1,0,1,0,1,0,0,0,0,0,0,2,0,0,2,35.0,35.0,0,2,35.0
3569,0,0,0,0,39,0,1,0,0,0,2,0,2,2,0,1,2,50.75,2011.4,1,0,1979.25
109,0,1,1,0,58,1,0,1,2,2,0,2,2,2,1,1,1,105.5,6205.5,1,1,6119.0
3120,1,0,1,1,45,1,0,2,1,1,1,1,1,1,2,0,2,19.2,903.7,0,0,864.0
3053,1,1,0,0,6,1,0,1,2,0,0,0,2,0,0,1,0,85.15,503.6,1,3,510.90000000000003
6603,1,0,0,0,43,1,0,1,2,2,2,2,0,0,1,1,1,90.65,3882.3,0,1,3897.9500000000003
6752,1,0,1,1,41,1,0,2,1,1,1,1,1,1,2,1,3,20.0,879.8,0,0,820.0
3846,1,0,0,0,5,1,0,1,0,2,0,0,0,0,0,1,2,74.65,383.65,0,3,373.25
219,1,0,0,0,72,0,1,0,2,0,2,2,2,2,2,1,1,61.2,4390.25,0,1,4406.400000000001
3986,1,0,0,0,4,1,0,2,1,1,1,1,1,1,1,0,3,19.95,68.2,0,2,79.8
2773,1,0,1,1,9,1,0,0,0,2,0,2,0,0,0,0,3,54.8,452.8,0,2,493.2
3789,1,1,1,0,72,1,2,0,0,0,2,0,2,2,2,1,1,73.45,5329.0,0,1,5288.400000000001
673,0,0,1,0,33,1,0,0,0,0,0,2,0,0,1,1,3,51.45,1758.9,0,0,1697.8500000000001
1224,0,0,1,0,72,1,2,1,2,0,0,0,0,0,2,0,0,80.45,5737.6,0,1,5792.400000000001
94,1,0,1,0,22,1,0,0,2,0,0,2,0,0,0,1,2,54.2,1152.7,1,3,1192.4
1333,0,0,1,0,70,1,2,1,0,2,2,2,2,2,1,1,2,109.5,7674.55,1,1,7665.0
443,1,0,1,1,21,1,2,1,0,2,2,0,2,2,0,0,2,104.4,2157.95,1,3,2192.4
4774,1,0,0,0,15,1,0,1,0,0,2,0,2,0,0,0,2,85.3,1219.85,0,3,1279.5
2312,1,1,1,0,29,1,2,1,0,0,0,2,0,0,0,1,2,79.3,2414.55,0,3,2299.7
4591,0,0,1,1,15,1,0,0,0,2,2,2,2,2,0,0,0,76.5,1155.6,0,3,1147.5
3752,1,1,1,1,71,1,2,1,2,2,0,0,2,2,0,1,1,105.1,7548.1,1,1,7462.099999999999
542,1,1,0,0,72,1,2,2,1,1,1,1,1,1,2,0,0,25.4,1809.35,0,0,1828.8
97,0,0,1,0,19,1,2,1,0,0,0,0,2,0,0,1,2,86.85,1564.4,0,3,1650.1499999999999
2664,1,0,0,0,1,1,0,2,1,1,1,1,1,1,0,0,3,19.65,19.65,0,2,19.65
3684,0,0,0,0,1,1,0,1,0,2,0,0,0,0,0,1,2,75.7,75.7,1,3,75.7
3164,0,0,0,0,2,1,0,0,0,0,0,0,0,0,0,0,2,45.55,84.4,0,2,91.1
5029,0,1,1,1,11,1,2,1,0,0,2,0,0,0,0,1,1,78.1,864.85,0,3,859.0999999999999
3977,0,0,0,0,12,1,0,2,1,1,1,1,1,1,1,0,3,19.3,228.75,0,2,231.60000000000002
4466,0,0,1,0,70,1,2,1,0,2,2,2,2,2,2,1,2,110.5,7752.05,0,1,7735.0
1273,0,1,1,0,20,1,2,1,0,0,2,0,2,0,0,0,2,90.8,1951.0,1,3,1816.0
5829,0,0,0,0,23,1,0,2,1,1,1,1,1,1,0,1,0,20.3,470.6,0,2,466.90000000000003
5715,1,1,0,0,49,1,2,0,2,2,2,2,0,2,2,0,1,81.35,4060.9,0,1,3986.1499999999996
4329,0,0,1,1,4,1,2,1,0,2,0,0,2,2,0,1,2,97.95,384.5,1,3,391.8
235,1,0,0,0,32,1,2,1,2,2,0,2,2,2,0,1,1,108.15,3432.9,1,3,3460.8
6293,1,0,0,1,2,1,0,0,0,0,0,0,0,2,0,1,2,55.3,108.65,0,2,110.6
5804,1,1,1,0,69,0,1,0,2,2,0,0,2,2,2,0,1,56.55,3952.65,0,0,3901.95
6937,1,0,0,0,6,1,0,1,0,0,0,0,2,0,0,1,1,80.5,463.05,1,3,483.0
742,0,0,1,1,24,1,0,2,1,1,1,1,1,1,2,1,3,19.7,494.05,0,2,472.79999999999995
1599,0,0,0,0,32,1,2,1,0,2,2,0,2,2,1,1,1,104.05,3416.85,0,3,3329.6
4304,0,0,0,0,27,1,0,0,2,2,0,0,0,0,2,0,0,52.85,1498.65,0,3,1426.95
2163,0,1,1,0,27,1,2,1,2,0,0,2,2,2,0,1,0,104.3,2867.75,1,3,2816.1
5557,1,0,0,0,58,1,2,1,0,0,0,2,0,0,0,0,0,80.65,4807.35,0,1,4677.700000000001
5708,1,0,0,0,1,1,0,1,0,0,0,0,0,0,0,1,3,71.35,71.35,1,3,71.35
6800,0,0,1,1,18,1,2,2,1,1,1,1,1,1,2,1,1,24.65,471.35,0,2,443.7
2002,0,0,1,1,47,1,0,2,1,1,1,1,1,1,2,1,0,21.3,1041.8,0,0,1001.1
6144,0,0,1,1,70,1,2,1,0,2,2,2,2,2,2,1,2,110.2,7689.8,0,1,7714.0
2356,0,0,0,0,13,1,2,1,0,2,2,2,0,0,0,0,2,89.4,1132.35,1,3,1162.2
2852,0,0,1,1,36,1,0,0,2,0,0,0,0,0,0,0,1,51.05,1815.0,0,0,1837.8
5101,1,0,0,0,67,1,0,2,1,1,1,1,1,1,2,1,3,19.8,1311.3,0,0,1326.6000000000001
3485,0,0,0,0,10,1,0,2,1,1,1,1,1,1,0,1,3,19.9,199.45,0,2,199.0
1086,1,1,0,0,19,1,0,1,2,0,0,0,0,2,0,1,2,87.3,1637.3,0,3,1658.7
3385,0,0,1,1,71,1,0,2,1,1,1,1,1,1,2,0,0,19.85,1326.35,0,0,1409.3500000000001
4547,1,0,1,1,72,1,2,0,2,2,2,2,2,2,2,1,3,89.4,6376.55,0,1,6436.8
6519,0,0,1,1,48,1,0,2,1,1,1,1,1,1,2,0,3,20.0,935.9,0,0,960.0
6182,1,0,0,0,1,1,0,2,1,1,1,1,1,1,0,0,3,20.05,20.05,0,2,20.05
5667,1,0,1,1,18,1,0,0,2,0,2,2,2,2,0,0,2,83.25,1611.15,0,3,1498.5
3562,1,0,0,0,1,1,0,2,1,1,1,1,1,1,0,0,3,20.6,20.6,1,2,20.6
2948,1,1,1,0,67,1,2,1,0,2,0,2,2,2,2,0,0,102.9,6989.7,0,1,6894.3
6277,1,0,1,1,69,0,1,0,2,0,2,2,0,0,2,0,3,39.1,2779.5,0,0,2697.9
4160,1,0,0,0,19,1,2,1,0,2,0,0,2,2,0,1,2,99.95,1931.75,1,3,1899.05
3622,1,1,1,0,72,1,2,1,2,2,2,2,2,2,2,1,3,114.5,8331.95,0,1,8244.0
1641,0,1,0,0,38,1,0,2,1,1,1,1,1,1,2,0,3,20.2,735.9,0,0,767.6
947,1,1,1,0,40,1,0,0,0,0,0,0,0,2,1,0,2,55.8,2283.3,0,0,2232.0
2502,0,0,1,1,61,1,2,2,1,1,1,1,1,1,2,1,3,24.2,1445.2,0,0,1476.2
3386,0,0,0,0,10,1,2,1,0,2,0,0,0,0,0,1,1,81.0,818.05,1,3,810.0
6848,1,0,1,0,32,1,2,0,2,0,0,2,2,0,1,1,1,72.8,2333.05,0,3,2329.6
3281,0,0,0,0,21,1,2,1,0,2,0,0,2,2,0,1,1,99.85,1992.55,0,3,2096.85
2340,0,1,0,0,59,1,2,1,0,0,2,0,2,2,1,1,2,99.5,5890.0,0,1,5870.5
1650,0,1,1,0,13,1,0,1,0,0,0,0,0,0,0,1,2,70.15,916.75,1,3,911.95
638,0,0,0,0,47,1,0,2,1,1,1,1,1,1,2,0,1,20.25,1029.8,0,0,951.75
5297,1,0,1,1,69,1,2,2,1,1,1,1,1,1,2,1,0,26.0,1796.55,0,0,1794.0
5425,1,0,0,0,2,1,0,2,1,1,1,1,1,1,0,1,1,19.9,33.7,0,2,39.8
988,0,0,1,1,22,1,0,2,1,1,1,1,1,1,0,0,0,19.05,454.05,0,2,419.1
4204,1,1,1,0,15,1,2,1,2,0,2,0,2,0,0,1,2,96.5,1392.25,0,3,1447.5
4503,0,0,0,0,53,1,0,2,1,1,1,1,1,1,2,0,1,19.85,1049.6,0,0,1052.0500000000002
3934,0,1,1,0,28,1,2,2,1,1,1,1,1,1,0,0,3,25.7,734.6,0,2,719.6
4137,1,0,0,0,22,1,0,2,1,1,1,1,1,1,1,0,3,20.3,475.1,0,2,446.6
7036,0,0,0,0,1,1,0,1,0,0,0,0,0,0,0,1,3,70.15,70.15,1,3,70.15
3198,1,1,1,0,16,1,0,1,0,0,2,2,0,2,0,1,2,91.55,1540.05,0,3,1464.8
768,0,0,1,1,48,0,1,0,2,2,0,2,0,0,2,0,3,39.4,1978.65,0,0,1891.1999999999998
979,1,1,1,0,30,1,2,1,2,2,2,2,2,0,0,1,0,105.7,3181.8,0,3,3171.0
6788,0,0,0,0,3,1,0,1,0,0,0,0,0,0,0,1,2,70.25,229.7,0,3,210.75
488,1,1,0,0,57,1,2,1,2,0,0,2,0,2,2,0,2,93.75,5625.55,0,1,5343.75
873,0,1,1,0,68,1,2,1,2,2,0,0,0,2,1,1,1,96.55,6581.9,1,1,6565.4
811,0,0,1,0,23,1,0,0,0,0,0,2,2,0,1,0,0,60.0,1347.15,0,3,1380.0
1326,0,0,1,0,65,1,0,0,0,0,0,2,2,0,2,1,1,59.8,3808.2,0,0,3887.0
6129,1,0,1,0,44,1,0,1,0,0,0,0,2,2,1,1,0,90.65,3974.15,0,1,3988.6000000000004
2379,0,0,1,1,71,1,2,1,2,2,2,0,2,2,2,1,0,109.0,7661.8,0,1,7739.0
4434,0,0,1,0,37,1,2,0,2,0,2,2,0,0,1,0,1,68.1,2479.25,0,3,2519.7
1053,0,0,0,0,12,1,0,2,1,1,1,1,1,1,0,0,3,20.4,266.6,0,2,244.79999999999998
6105,1,0,1,1,69,1,2,0,0,2,2,2,2,2,2,1,0,81.95,5601.4,0,1,5654.55
178,0,0,0,0,35,1,0,0,2,2,2,0,0,0,0,0,2,60.55,1982.6,0,3,2119.25
6869,1,0,0,0,5,1,0,0,0,2,0,2,0,2,0,1,0,65.6,339.9,0,3,328.0
2843,1,0,1,1,58,1,2,1,0,0,0,0,2,0,2,0,0,82.5,4828.05,0,1,4785.0
2998,1,0,1,0,72,1,2,0,2,2,2,2,0,2,2,1,0,82.3,5980.55,0,1,5925.599999999999
4317,1,0,1,0,72,1,2,0,2,2,2,2,0,0,2,0,3,68.15,4808.7,0,1,4906.8
2157,0,0,0,0,1,1,0,2,1,1,1,1,1,1,0,0,1,20.3,20.3,0,2,20.3
1530,0,0,0,0,39,1,0,1,2,0,2,2,2,0,1,1,2,95.55,3692.85,1,1,3726.45
1167,1,0,1,1,53,1,0,2,1,1,1,1,1,1,1,0,1,20.2,1068.15,0,0,1070.6
1228,0,0,0,0,27,1,0,1,0,0,2,2,0,2,0,1,2,89.2,2383.6,0,3,2408.4
3434,0,1,0,0,1,1,0,1,0,0,0,0,0,0,0,1,2,69.65,69.65,1,3,69.65
978,0,1,0,0,1,1,0,1,0,0,0,0,2,2,0,1,2,89.3,89.3,1,3,89.3
5253,0,0,1,0,18,1,0,1,2,0,0,0,0,0,0,0,2,74.8,1438.05,0,3,1346.3999999999999
341,1,0,1,1,46,1,0,2,1,1,1,1,1,1,2,1,3,20.2,917.45,0,0,929.1999999999999
6117,0,0,1,0,72,1,2,0,2,0,2,2,2,2,2,1,1,84.4,6096.45,0,1,6076.8
4768,0,0,0,0,36,1,0,1,0,0,2,2,0,2,0,1,2,87.55,3078.1,1,3,3151.7999999999997
3379,0,0,1,0,4,0,1,0,0,0,0,0,0,0,0,1,2,25.15,99.95,0,2,100.6
1929,0,0,0,0,25,1,0,2,1,1,1,1,1,1,2,0,1,19.8,475.2,0,2,495.0
672,0,0,1,1,40,0,1,0,0,2,0,0,2,2,0,1,2,50.85,2036.55,0,0,2034.0
5135,1,0,1,0,63,1,2,1,0,2,2,0,2,2,0,1,2,102.4,6444.05,0,1,6451.200000000001
2443,0,1,0,0,15,1,0,1,2,0,2,2,0,2,0,1,3,96.3,1426.75,1,3,1444.5
2722,1,0,0,0,14,1,2,0,0,2,0,0,0,0,0,1,1,55.5,767.55,0,2,777.0
795,1,1,1,0,72,1,2,1,0,2,2,2,2,2,2,1,0,109.75,7932.5,0,1,7902.0
5015,1,0,0,0,39,1,2,1,2,2,0,0,2,2,0,1,2,106.4,4040.65,0,1,4149.6
6050,0,0,1,1,47,0,1,0,2,2,2,0,2,2,2,1,1,60.0,2768.65,0,0,2820.0
801,1,0,1,0,19,1,2,1,2,2,0,2,0,0,0,1,1,88.8,1672.35,0,3,1687.2
3172,0,0,0,0,5,1,2,1,0,0,0,0,2,0,0,1,2,85.2,474.8,1,3,426.0
5732,0,0,0,0,13,0,1,0,0,0,0,0,0,2,0,1,2,35.1,446.1,1,2,456.3
5070,0,0,0,0,17,1,2,1,0,0,2,0,0,0,0,0,0,80.05,1345.65,0,3,1360.85
6136,1,1,1,0,34,1,2,1,0,0,0,0,0,0,0,1,2,75.55,2425.4,0,3,2568.7
2496,0,0,0,0,42,1,0,0,0,2,0,0,0,0,0,1,2,49.55,2077.95,0,0,2081.1
2913,1,0,1,0,5,1,2,1,0,2,0,0,0,0,0,1,2,81.3,416.3,1,3,406.5
1067,0,0,1,1,71,1,2,2,1,1,1,1,1,1,2,0,1,23.9,1663.5,0,0,1696.8999999999999
1153,1,1,1,0,19,1,0,0,2,0,2,0,2,0,0,0,0,66.4,1286.05,0,3,1261.6000000000001
5578,0,0,0,1,2,1,0,2,1,1,1,1,1,1,0,1,2,19.6,35.85,1,2,39.2
5998,1,0,0,0,57,1,0,2,1,1,1,1,1,1,2,0,1,18.8,1094.35,0,0,1071.6000000000001
1662,1,0,1,0,72,1,2,1,0,2,2,2,2,2,2,1,2,108.4,7719.5,0,1,7804.8
5779,0,0,0,0,6,1,0,1,0,2,0,0,0,2,0,1,3,85.95,514.6,0,3,515.7
6428,0,0,1,1,17,1,2,1,0,0,0,0,0,2,0,1,2,85.45,1451.6,1,3,1452.65
4804,1,0,1,0,61,1,2,0,0,2,2,0,2,2,2,0,0,80.9,4932.5,0,1,4934.900000000001
2393,1,0,1,1,1,1,0,1,0,0,0,0,0,0,0,1,2,71.0,71.0,1,3,71.0
5759,1,0,1,1,48,1,2,1,2,2,2,2,2,2,2,0,1,111.8,5443.65,0,1,5366.4
536,1,0,0,0,16,1,0,2,1,1,1,1,1,1,0,1,1,20.6,330.25,0,2,329.6
1811,1,1,0,0,9,1,2,1,0,0,0,0,0,2,0,1,2,85.05,746.5,1,3,765.4499999999999
245,0,0,0,0,3,1,0,0,0,0,0,0,0,0,0,0,2,44.6,122.7,0,2,133.8
3048,1,0,0,1,1,1,0,0,0,0,0,0,0,0,0,1,2,44.4,44.4,1,2,44.4
2238,1,0,0,0,65,1,2,1,0,2,2,0,2,2,2,0,1,105.1,6631.85,0,1,6831.5
2369,0,0,1,1,70,1,2,1,2,2,2,2,2,2,2,1,1,115.15,8250.0,0,1,8060.5
1189,1,0,1,0,60,1,0,0,2,0,0,0,2,0,1,1,3,59.8,3561.15,0,0,3588.0
6401,0,0,1,0,69,1,2,2,1,1,1,1,1,1,1,1,2,26.3,1763.55,0,0,1814.7
6436,0,1,0,0,35,1,0,1,0,0,0,0,0,0,0,0,2,70.55,2419.0,0,3,2469.25
6957,0,0,0,0,22,1,0,2,1,1,1,1,1,1,0,1,3,20.05,470.2,0,2,441.1
3783,1,0,1,1,66,1,2,0,0,2,2,0,2,2,2,0,0,79.85,5234.95,0,1,5270.099999999999
943,1,1,1,0,1,1,0,1,0,0,0,0,0,0,0,1,2,70.3,70.3,1,3,70.3
6693,0,0,1,0,1,1,0,1,0,0,0,0,2,0,0,1,0,79.35,79.35,1,3,79.35
2205,1,0,1,1,34,1,2,1,0,0,2,0,0,2,0,1,1,90.05,3097.0,0,3,3061.7
272,0,0,1,1,72,1,2,2,1,1,1,1,1,1,2,0,0,24.45,1709.1,0,0,1760.3999999999999
4928,1,0,1,1,31,0,1,0,2,0,2,2,2,2,1,0,2,59.95,1848.8,0,3,1858.45
4805,1,0,0,1,30,1,2,2,1,1,1,1,1,1,1,0,0,25.35,723.3,0,2,760.5
6943,0,0,0,0,9,1,0,1,0,0,0,0,2,2,0,1,0,90.8,809.75,1,3,817.1999999999999
4273,1,0,1,1,20,1,0,1,0,0,0,0,0,0,0,1,2,70.45,1470.95,1,3,1409.0
3510,1,1,1,0,19,0,1,0,0,2,2,0,0,0,0,1,1,34.3,577.15,0,2,651.6999999999999
3567,0,0,1,0,65,1,2,1,2,0,2,0,2,2,0,1,2,105.05,6914.95,0,1,6828.25
3244,0,0,1,1,30,1,0,2,1,1,1,1,1,1,2,0,3,19.3,602.9,0,2,579.0
1977,1,0,0,0,6,1,0,2,1,1,1,1,1,1,1,0,3,19.15,124.4,0,2,114.89999999999999
2062,0,0,0,0,2,0,1,0,0,2,0,0,2,2,0,0,2,51.4,96.8,0,2,102.8
6920,1,0,1,1,53,1,2,0,2,0,0,2,0,2,0,0,2,71.85,3827.9,0,1,3808.0499999999997
1407,1,1,1,0,7,1,2,1,0,0,0,0,0,0,0,1,2,75.4,533.05,0,3,527.8000000000001
1049,0,0,1,1,61,1,0,0,2,0,0,0,0,0,1,1,0,49.7,2961.4,0,0,3031.7000000000003
5079,1,1,0,0,70,0,1,0,0,0,0,0,2,2,1,1,2,45.25,3264.45,1,0,3167.5
2065,0,0,0,0,13,1,2,0,2,0,2,0,2,2,0,1,2,78.75,995.35,0,3,1023.75
1025,1,1,1,0,35,1,2,1,0,0,2,0,0,0,1,1,0,81.6,2815.25,0,3,2856.0
2014,0,0,1,0,2,1,0,1,0,0,0,0,0,0,0,1,1,70.4,154.8,0,3,140.8
3197,0,0,0,0,3,1,2,1,0,0,0,0,0,0,0,1,2,75.8,246.3,1,3,227.39999999999998
2351,0,0,0,0,3,1,2,1,0,0,0,0,0,0,0,0,2,76.1,257.6,0,3,228.29999999999998
6610,0,0,0,0,62,1,2,1,0,0,0,0,2,2,1,1,0,94.0,5757.2,0,1,5828.0
7018,1,0,1,1,72,1,2,1,2,2,2,2,0,2,2,0,1,103.95,7517.7,0,1,7484.400000000001
175,1,0,1,0,63,1,0,2,1,1,1,1,1,1,2,1,0,19.95,1234.8,0,0,1256.85
4925,1,1,0,0,20,1,0,1,0,0,0,0,0,0,0,0,1,71.3,1389.2,1,3,1426.0
2891,0,1,0,0,35,1,2,1,2,2,2,2,2,2,1,1,0,110.8,3836.3,0,1,3878.0
2373,1,1,1,0,21,1,0,1,0,0,0,0,0,0,0,1,2,69.1,1474.75,1,3,1451.1
6439,1,0,1,0,62,1,2,1,2,2,0,0,0,2,1,0,2,96.1,6001.45,0,1,5958.2
5594,0,0,0,0,15,1,2,0,0,0,0,0,0,0,0,1,3,48.8,720.1,0,2,732.0
1606,0,0,0,0,55,1,0,0,2,0,0,0,0,0,0,1,1,50.55,2832.75,0,0,2780.25
6960,0,0,0,0,11,1,0,0,0,0,0,0,0,0,0,1,3,44.65,472.25,0,2,491.15
251,0,0,1,1,17,1,2,1,0,0,2,0,2,0,0,0,2,88.25,1460.65,1,3,1500.25
5862,0,0,0,0,61,1,0,2,1,1,1,1,1,1,1,0,0,19.45,1336.35,0,0,1186.45
1488,0,0,1,0,71,1,2,0,2,2,2,2,2,2,2,0,1,89.3,6388.65,0,1,6340.3
3144,0,0,0,0,2,1,0,1,0,0,0,0,0,0,0,0,0,70.0,153.05,1,3,140.0
6785,1,0,0,0,35,1,0,2,1,1,1,1,1,1,2,0,3,19.25,677.9,0,0,673.75
6751,0,0,0,0,17,1,0,1,0,0,0,0,0,0,0,0,0,70.5,1165.6,0,3,1198.5
5653,0,0,0,0,21,1,2,1,0,0,0,0,2,2,0,1,2,97.35,2119.5,1,3,2044.35
3594,0,0,1,0,47,1,0,2,1,1,1,1,1,1,2,0,0,19.65,921.55,0,0,923.55
1795,0,0,1,0,3,1,0,2,1,1,1,1,1,1,0,0,3,20.85,72.0,0,2,62.550000000000004
5329,1,0,0,0,3,1,0,2,1,1,1,1,1,1,0,1,3,19.65,68.35,0,2,58.949999999999996
1664,1,1,1,0,44,1,0,2,1,1,1,1,1,1,2,1,1,19.35,847.25,0,0,851.4000000000001
6497,0,0,0,0,1,1,0,0,0,0,0,0,0,0,0,1,3,44.0,44.0,0,2,44.0
2381,0,0,1,1,44,1,2,1,0,2,2,0,0,2,1,0,2,94.4,4295.35,0,1,4153.6
385,1,0,1,1,5,1,2,2,1,1,1,1,1,1,0,1,0,25.9,135.0,1,2,129.5
503,1,0,0,0,24,1,2,0,2,0,0,0,0,0,0,1,0,55.65,1400.55,1,3,1335.6
3174,0,0,0,1,1,1,0,1,0,0,0,0,0,0,0,1,2,69.65,69.65,1,3,69.65
1439,0,0,0,0,18,1,0,1,2,0,0,0,0,0,0,1,2,75.4,1380.4,0,3,1357.2
2061,0,0,0,0,10,1,2,1,0,0,2,0,2,2,0,1,2,100.6,1060.2,1,3,1006.0
1577,0,0,1,0,65,1,0,0,2,2,2,0,0,2,2,0,0,71.0,4386.2,0,1,4615.0
3418,0,1,0,0,1,1,0,1,0,2,0,0,0,2,0,1,2,86.0,86.0,1,3,86.0
4819,0,0,0,0,53,1,2,1,2,0,2,0,2,2,1,1,1,106.95,5785.5,1,1,5668.35
6298,1,0,0,0,3,1,0,2,1,1,1,1,1,1,1,0,3,21.2,52.05,0,2,63.599999999999994
4682,1,0,1,0,33,1,0,0,2,2,0,2,0,0,2,1,3,61.05,2018.4,0,3,2014.6499999999999
2473,1,0,0,0,3,0,1,0,0,2,0,0,0,0,0,1,2,29.6,79.45,1,2,88.80000000000001
2259,0,0,0,0,34,1,0,0,2,0,2,2,2,2,1,1,0,79.95,2727.3,0,3,2718.3
1448,0,0,1,1,14,1,0,2,1,1,1,1,1,1,2,1,3,19.7,263.65,0,2,275.8
4349,0,0,0,0,13,1,0,2,1,1,1,1,1,1,0,1,3,20.3,275.4,0,2,263.90000000000003
3356,1,1,1,0,46,0,1,0,0,2,2,2,2,2,1,1,0,59.9,2816.65,1,0,2755.4
168,1,0,1,1,23,1,2,2,1,1,1,1,1,1,1,0,3,24.35,538.5,0,2,560.0500000000001
1164,0,0,1,1,47,1,0,2,1,1,1,1,1,1,2,0,3,19.75,948.9,0,0,928.25
3016,1,0,0,1,17,1,0,0,2,0,0,0,0,0,0,1,3,50.3,846.8,0,2,855.0999999999999
6074,0,0,1,1,49,1,2,1,0,0,0,0,2,2,0,1,2,95.6,4783.5,1,1,4684.4
6824,1,1,1,0,59,0,1,0,0,2,0,0,2,2,0,1,2,50.25,2997.45,0,0,2964.75
257,0,0,0,0,69,1,2,0,2,0,2,2,2,2,2,1,1,85.35,5897.4,0,1,5889.15
3460,1,0,0,0,11,0,1,0,0,0,2,0,2,0,1,1,2,41.6,470.6,1,2,457.6
1866,1,0,0,0,10,1,0,0,2,0,0,0,0,0,0,1,3,51.65,524.5,0,2,516.5
2480,1,0,1,1,12,1,2,2,1,1,1,1,1,1,2,1,0,24.0,269.65,0,2,288.0
5601,1,0,0,0,45,1,2,1,0,2,0,0,2,2,0,1,1,100.85,4740.0,1,1,4538.25
5699,0,0,1,1,39,1,0,0,0,0,2,0,2,0,0,1,3,59.85,2341.5,0,0,2334.15
1120,1,1,1,0,71,1,2,2,1,1,1,1,1,1,2,0,1,25.45,1789.65,0,0,1806.95
377,1,0,1,1,71,1,2,2,1,1,1,1,1,1,2,0,1,23.9,1626.4,0,0,1696.8999999999999
5888,0,0,1,1,33,1,2,2,1,1,1,1,1,1,1,0,1,24.15,800.3,0,2,796.9499999999999
7008,1,1,0,0,67,1,2,1,0,0,0,0,0,0,0,1,3,75.7,5060.85,0,1,5071.900000000001
72,1,0,1,1,37,0,1,0,2,2,2,0,0,0,0,0,0,40.2,1448.8,1,0,1487.4
4377,1,0,1,1,49,1,2,1,0,0,0,0,2,0,0,0,2,84.5,4254.85,1,1,4140.5
5018,0,0,1,0,9,1,0,0,0,2,0,0,0,0,0,0,3,50.85,466.6,0,2,457.65000000000003
1008,1,0,1,0,52,1,2,1,2,0,2,2,0,0,2,1,1,91.6,4627.8,0,1,4763.2
6616,0,0,0,0,70,1,2,1,0,2,0,0,2,2,1,0,2,98.9,6838.6,0,1,6923.0
1116,1,0,0,0,1,1,0,1,0,2,0,0,0,2,0,1,2,85.0,85.0,0,3,85.0
1322,0,1,0,0,14,1,2,1,0,2,0,0,0,0,0,1,2,78.95,1101.85,1,3,1105.3
48,1,0,0,0,1,1,0,0,0,0,0,0,0,0,0,1,3,44.3,44.3,0,2,44.3
3357,1,0,0,0,1,1,0,2,1,1,1,1,1,1,0,0,3,20.2,20.2,1,2,20.2
3799,0,0,0,0,52,1,2,1,0,2,0,0,0,0,1,1,3,80.2,4297.6,0,1,4170.400000000001
583,1,0,0,0,6,1,0,0,0,0,2,0,2,0,0,0,3,60.9,414.1,0,3,365.4
1327,1,0,1,0,7,0,1,0,2,2,0,0,0,0,0,0,3,34.2,256.6,0,2,239.40000000000003
5154,0,1,0,0,47,1,2,1,0,2,2,0,0,0,0,1,0,85.2,3969.35,1,1,4004.4
4363,0,0,0,0,26,1,0,1,2,0,2,2,0,0,1,1,1,87.15,2274.1,0,3,2265.9
2171,1,0,1,1,25,1,0,0,2,0,0,2,0,0,0,0,2,54.3,1296.8,0,3,1357.5
6686,1,0,0,0,69,1,0,2,1,1,1,1,1,1,2,1,3,19.1,1268.85,0,0,1317.9
3675,0,0,0,0,72,1,2,1,2,2,2,2,2,2,2,1,1,112.75,8192.6,0,1,8118.0
3632,1,0,0,0,4,1,0,2,1,1,1,1,1,1,0,1,3,19.95,59.25,0,2,79.8
6023,1,0,1,1,59,1,0,2,1,1,1,1,1,1,2,0,3,19.5,1147.85,0,0,1150.5
4701,1,0,0,0,67,1,0,0,2,0,2,0,0,2,2,0,0,65.55,4361.55,0,1,4391.849999999999
6578,0,1,0,0,26,1,0,1,0,0,0,0,0,2,0,1,2,78.8,2006.1,0,3,2048.7999999999997
41,0,0,0,0,27,1,0,0,0,2,2,2,2,2,1,0,3,78.2,2078.95,0,3,2111.4
4227,1,0,1,1,72,1,2,1,2,0,2,0,2,2,2,0,0,105.25,7609.75,0,1,7578.0
5703,0,0,0,0,6,1,0,1,0,0,2,2,0,2,0,1,2,89.25,487.05,0,3,535.5
1529,1,0,1,1,62,1,0,2,1,1,1,1,1,1,2,0,1,20.65,1218.45,0,0,1280.3
1242,1,0,0,0,20,1,2,0,0,2,0,2,2,0,1,1,2,68.7,1416.2,0,3,1374.0
937,1,0,0,0,6,1,0,0,2,0,2,2,2,2,0,0,1,78.65,483.3,0,3,471.90000000000003
4311,1,0,0,0,51,1,2,2,1,1,1,1,1,1,2,0,3,24.75,1234.6,0,0,1262.25
1233,0,0,1,1,61,1,0,2,1,1,1,1,1,1,2,0,1,19.75,1311.6,0,0,1204.75
4120,1,1,1,0,62,1,2,1,2,2,2,0,0,0,0,1,2,89.1,5618.3,0,1,5524.2
5956,0,0,0,0,72,1,2,1,2,0,0,2,0,0,2,1,0,84.7,6185.15,0,1,6098.400000000001
3,1,1,1,0,13,1,0,1,0,2,2,0,2,2,0,1,2,98.0,1237.85,1,3,1274.0
2939,1,0,1,0,5,1,0,1,0,0,2,0,2,2,0,1,2,94.45,498.1,1,3,472.25
4606,1,1,0,0,3,1,2,1,0,2,2,0,2,2,0,1,2,105.0,294.45,1,3,315.0
6983,0,1,1,0,26,1,2,1,0,2,2,0,0,2,0,1,2,93.85,2381.55,1,3,2440.1
2036,1,1,0,0,13,1,0,0,0,2,0,0,2,0,0,1,2,59.9,788.35,0,3,778.6999999999999
6628,0,0,1,1,38,1,0,2,1,1,1,1,1,1,2,1,3,19.95,756.4,0,0,758.1
3832,0,1,1,0,8,1,2,1,0,0,0,0,0,2,0,1,2,84.0,613.4,1,3,672.0
7027,1,1,1,1,34,1,2,1,0,2,2,2,2,2,0,1,2,108.9,3625.2,0,1,3702.6000000000004
3306,1,0,0,0,18,0,1,0,2,0,2,0,0,0,0,0,3,33.6,550.35,0,2,604.8000000000001
6838,1,0,1,1,56,1,0,1,0,2,2,2,0,0,1,1,3,85.85,4793.8,0,1,4807.599999999999
2017,0,0,0,0,36,0,1,0,0,2,0,2,0,0,0,1,0,34.85,1267.2,0,0,1254.6000000000001
5142,0,0,1,0,9,0,1,0,0,0,2,0,2,2,0,1,2,48.75,442.2,1,2,438.75
1493,1,0,0,0,1,1,0,1,0,0,2,0,2,0,0,1,2,84.85,84.85,1,3,84.85
4253,1,0,0,0,12,1,0,0,2,0,0,2,0,0,0,0,3,56.65,654.85,1,2,679.8
5976,0,1,1,1,57,1,0,1,0,2,2,2,2,0,0,1,1,95.3,5567.45,0,1,5432.099999999999
4445,0,0,0,0,42,1,0,0,2,2,2,2,0,2,1,0,1,73.9,3160.55,1,3,3103.8
5639,0,0,1,1,33,1,2,2,1,1,1,1,1,1,2,1,3,24.5,740.3,1,2,808.5
977,1,0,1,0,70,1,0,1,2,2,0,2,0,0,2,0,0,84.6,5706.2,0,1,5922.0
6192,0,0,0,0,68,0,1,0,0,2,0,2,0,2,0,0,2,44.95,3085.35,0,0,3056.6000000000004
1978,1,0,0,1,1,0,1,0,0,0,0,0,0,0,0,1,2,24.7,24.7,0,2,24.7
4113,0,0,0,0,37,1,2,1,0,0,0,2,2,2,0,0,1,100.3,3541.4,0,1,3711.1
3091,0,0,0,1,4,1,2,2,1,1,1,1,1,1,0,1,3,25.45,84.2,0,2,101.8
4886,1,0,0,0,1,1,0,0,2,0,0,0,0,0,0,1,3,50.7,50.7,0,2,50.7
5246,1,0,0,0,20,0,1,0,2,2,2,2,2,0,0,1,1,55.0,1165.55,0,3,1100.0
5103,1,0,1,1,72,1,0,0,2,2,0,2,2,0,2,0,0,68.4,4855.35,0,1,4924.8
2544,0,0,0,0,31,1,2,1,0,0,2,0,0,2,0,1,2,89.9,2806.9,1,3,2786.9
4882,1,1,1,0,18,1,0,1,0,0,0,0,0,2,0,0,2,78.55,1422.65,1,3,1413.8999999999999
4868,1,0,1,0,11,1,0,0,0,0,0,0,2,0,0,1,0,55.05,608.15,0,2,605.55
1882,0,0,1,1,33,1,0,2,1,1,1,1,1,1,2,0,1,19.8,641.35,0,2,653.4
2051,0,1,0,0,62,1,2,1,0,0,0,0,2,0,1,0,2,84.45,4959.15,0,1,5235.900000000001
1384,0,0,0,0,1,0,1,0,0,0,2,2,0,0,0,0,3,35.9,35.9,0,2,35.9
2702,1,0,1,0,16,1,0,1,2,2,0,0,0,0,0,0,0,80.75,1321.3,0,3,1292.0
5099,1,0,1,1,22,1,2,0,0,0,2,2,2,2,1,1,3,78.65,1663.75,0,3,1730.3000000000002
6888,0,0,1,1,49,1,0,0,2,0,2,2,0,0,0,0,0,61.75,3024.15,0,0,3025.75
4234,1,0,1,1,36,1,0,0,2,0,2,0,0,2,1,1,1,63.7,2188.5,0,3,2293.2000000000003
5692,1,0,1,0,42,1,2,1,0,2,2,2,0,2,0,1,2,99.45,4138.05,1,1,4176.900000000001
3654,1,1,0,0,4,0,1,0,0,0,0,0,0,0,0,1,0,25.2,102.5,1,2,100.8
6376,0,0,0,0,12,1,2,0,0,0,0,2,2,2,1,0,3,74.05,872.65,1,3,888.5999999999999
3270,0,0,0,0,31,1,0,1,2,0,2,2,0,0,0,0,2,87.6,2724.25,0,3,2715.6
3424,1,0,1,0,5,1,2,1,2,0,0,0,0,2,0,1,2,89.15,413.25,0,3,445.75
6904,1,0,1,1,66,1,0,2,1,1,1,1,1,1,2,0,1,20.0,1374.2,0,0,1320.0
910,0,1,0,0,15,1,2,0,0,0,0,2,0,0,0,0,1,55.0,757.1,1,2,825.0
1597,1,0,0,0,64,1,2,1,0,2,2,0,2,2,2,1,0,104.4,6692.65,0,1,6681.6
5044,1,0,1,1,10,1,0,2,1,1,1,1,1,1,0,1,1,20.05,218.5,0,2,200.5
1045,1,0,1,1,7,1,0,1,0,2,0,2,2,0,0,1,2,89.75,608.8,1,3,628.25
4907,1,0,0,0,29,0,1,0,0,2,0,2,0,0,0,0,2,34.3,1004.75,0,2,994.6999999999999
530,1,0,0,0,57,1,0,2,1,1,1,1,1,1,2,0,0,20.65,1125.6,0,0,1177.05
146,0,0,0,0,46,1,2,1,2,2,0,0,0,0,0,0,3,84.25,3847.6,0,1,3875.5
1841,1,0,0,0,53,1,0,2,1,1,1,1,1,1,2,0,0,19.65,978.0,0,0,1041.4499999999998
5016,0,0,0,0,17,1,0,0,2,2,0,2,2,2,1,0,1,79.85,1387.35,0,3,1357.4499999999998
6053,0,0,1,1,38,1,0,2,1,1,1,1,1,1,2,1,3,20.2,746.05,0,0,767.6
2611,1,0,0,0,15,1,0,2,1,1,1,1,1,1,1,0,3,19.8,304.6,0,2,297.0
121,0,0,0,0,22,0,1,0,0,2,0,0,2,2,0,1,2,50.35,1098.85,0,2,1107.7
6485,1,0,1,0,14,1,2,1,0,0,0,0,0,2,0,1,2,85.15,1139.2,1,3,1192.1000000000001
2509,0,0,1,0,57,1,2,0,0,2,2,2,2,0,1,0,0,74.6,4368.95,0,1,4252.2
3741,1,1,0,0,11,1,0,1,0,0,0,0,0,2,0,1,1,79.15,827.7,0,3,870.6500000000001
757,0,0,1,1,1,1,0,2,1,1,1,1,1,1,2,0,3,20.35,20.35,0,2,20.35
4845,1,0,1,1,12,1,0,2,1,1,1,1,1,1,2,0,0,21.05,262.05,0,2,252.60000000000002
3954,1,1,1,0,3,1,2,1,0,0,0,0,2,2,0,1,2,94.6,279.55,1,3,283.79999999999995
1020,1,0,0,1,36,1,0,1,0,2,0,0,2,2,0,1,2,94.7,3512.5,0,1,3409.2000000000003
5727,1,0,0,0,16,1,0,1,2,0,0,0,2,2,0,1,2,94.25,1483.25,1,3,1508.0
470,1,0,1,1,65,1,2,0,2,2,2,0,0,2,1,0,1,72.45,4653.85,1,1,4709.25
1410,1,0,0,0,2,1,0,1,0,2,0,0,0,0,0,0,2,74.95,151.75,0,3,149.9
6806,0,0,0,0,42,1,2,1,2,0,2,0,2,2,0,1,2,105.2,4400.75,1,1,4418.400000000001
1487,1,0,1,1,72,1,0,1,2,2,2,2,2,2,2,0,0,111.95,8033.1,0,1,8060.400000000001
4015,1,0,0,0,62,1,0,2,1,1,1,1,1,1,2,0,0,19.85,1253.65,0,0,1230.7
2419,0,0,0,0,6,1,2,1,0,2,0,0,2,0,0,1,2,89.75,552.65,0,3,538.5
302,1,0,1,0,48,1,0,2,1,1,1,1,1,1,2,1,3,20.05,1036.0,0,0,962.4000000000001
4789,1,0,0,0,35,1,2,1,2,0,2,2,2,2,2,1,2,108.95,4025.5,0,1,3813.25
6688,1,0,0,1,52,1,0,2,1,1,1,1,1,1,1,0,1,19.65,928.4,0,0,1021.8
3051,0,0,0,0,1,0,1,0,0,0,0,0,0,0,0,1,3,24.9,24.9,0,2,24.9
2621,1,0,1,0,6,1,2,1,0,0,0,0,2,0,0,1,2,82.85,460.25,1,3,497.09999999999997
2660,0,0,1,0,71,1,2,0,2,2,2,2,2,2,2,0,1,93.2,6506.15,0,1,6617.2
4795,0,0,1,1,67,1,0,1,2,2,2,0,0,0,1,0,0,84.8,5598.3,0,1,5681.599999999999
2753,1,1,0,0,60,1,2,0,2,2,0,0,0,2,1,1,2,71.75,4374.55,0,1,4305.0
941,1,0,1,1,23,0,1,0,0,0,0,2,0,0,0,1,0,30.35,678.75,0,2,698.0500000000001
1878,1,0,0,1,39,0,1,0,0,0,2,2,2,2,1,0,0,54.85,2191.7,0,0,2139.15
3105,1,0,1,1,15,1,0,2,1,1,1,1,1,1,1,1,3,19.5,239.75,0,2,292.5
4717,1,1,1,0,53,1,2,1,0,2,2,0,2,2,0,1,2,103.85,5485.5,1,1,5504.049999999999
2418,1,0,1,1,24,1,2,2,1,1,1,1,1,1,2,0,3,24.2,609.05,0,2,580.8
4188,0,0,1,1,37,1,0,2,1,1,1,1,1,1,0,0,2,19.35,683.75,0,0,715.95
4031,0,0,1,1,5,1,0,1,0,2,0,0,0,2,0,1,2,83.6,404.2,1,3,418.0
4023,0,1,1,0,50,1,2,1,0,0,0,2,2,2,1,1,2,100.65,5189.75,0,1,5032.5
652,0,0,0,0,54,1,0,1,0,0,2,0,2,2,1,1,1,94.1,5060.9,0,1,5081.4
1598,0,0,0,0,3,1,0,1,2,0,0,0,0,0,0,1,2,74.55,233.65,0,3,223.64999999999998
2975,1,0,0,0,68,1,2,1,0,2,2,2,2,2,1,0,2,108.45,7176.55,1,1,7374.6
3125,1,0,0,0,5,1,0,0,0,0,2,2,0,0,0,0,2,56.15,291.45,0,2,280.75
6260,1,0,0,0,33,1,0,2,1,1,1,1,1,1,2,0,3,20.35,689.75,0,2,671.5500000000001
299,0,0,0,0,41,1,2,0,0,2,2,0,2,2,1,1,2,80.55,3263.9,0,1,3302.5499999999997
16,0,0,1,1,34,0,1,0,2,0,2,2,2,2,1,0,3,61.25,1993.2,0,3,2082.5
2640,0,0,1,1,13,1,0,2,1,1,1,1,1,1,0,1,3,20.45,254.5,0,2,265.84999999999997
3545,0,0,0,0,20,1,0,2,1,1,1,1,1,1,0,1,1,18.9,347.65,0,2,378.0
3290,0,1,0,0,51,1,0,2,1,1,1,1,1,1,2,0,1,19.6,967.9,0,0,999.6
3595,0,0,1,0,3,1,2,1,0,2,0,0,0,2,0,1,1,91.5,242.95,1,3,274.5
2001,0,0,0,1,41,1,0,0,0,0,0,0,0,0,0,0,0,45.2,1841.9,0,0,1853.2
3346,0,0,0,0,13,1,0,2,1,1,1,1,1,1,0,0,1,19.45,232.1,0,2,252.85
3454,1,0,1,1,35,1,2,2,1,1,1,1,1,1,2,0,0,25.45,809.25,0,0,890.75
1267,1,0,1,0,12,1,0,1,2,0,0,2,0,0,0,0,0,80.85,866.45,1,3,970.1999999999999
6839,1,0,0,0,4,1,0,1,2,2,0,2,0,2,0,1,3,94.9,360.55,0,3,379.6
1366,0,0,0,0,43,0,1,0,0,0,2,0,2,2,0,1,0,49.05,2076.2,1,0,2109.15
176,0,1,1,1,12,0,1,0,0,0,0,2,0,0,0,1,3,29.3,355.9,0,2,351.6
6418,1,1,1,0,68,1,2,1,0,2,2,0,2,2,0,1,2,105.3,7299.65,1,1,7160.4
4674,1,1,0,0,25,1,2,1,0,2,0,0,2,0,0,1,2,88.95,2291.2,1,3,2223.75
5224,0,0,0,0,7,1,0,2,1,1,1,1,1,1,1,0,3,20.25,129.15,0,2,141.75
6932,1,1,1,0,66,1,2,1,0,2,2,2,2,2,1,1,2,110.85,7491.75,1,1,7316.099999999999
5682,0,0,1,0,53,1,0,1,2,2,2,2,2,2,1,0,2,110.5,5835.5,0,1,5856.5
5335,1,1,0,0,63,1,2,1,2,2,2,0,2,2,0,1,0,109.4,7031.45,0,1,6892.200000000001
1066,0,0,1,1,70,1,2,1,2,2,2,2,2,2,2,1,0,114.2,7723.9,1,1,7994.0
4005,1,1,1,0,27,0,1,0,0,0,0,0,0,2,0,0,0,36.5,1032.0,1,2,985.5
354,0,0,0,0,1,1,0,1,0,0,0,0,0,0,0,0,3,70.75,70.75,1,3,70.75
2348,0,0,0,0,5,1,0,2,1,1,1,1,1,1,0,0,3,19.95,109.6,0,2,99.75
3335,0,1,1,0,37,1,0,2,1,1,1,1,1,1,1,0,3,19.6,727.8,0,0,725.2
4489,1,0,0,0,3,0,1,0,0,0,2,0,2,0,0,1,3,40.15,130.75,1,2,120.44999999999999
1148,0,0,0,1,12,1,2,1,0,0,0,0,0,0,0,1,2,76.6,893.0,0,3,919.1999999999999
3129,0,0,1,1,38,1,0,2,1,1,1,1,1,1,1,0,1,19.6,763.1,0,0,744.8000000000001
2055,0,0,0,0,9,1,0,1,0,0,2,0,0,2,0,1,1,85.3,781.4,0,3,767.6999999999999
485,1,0,1,0,13,1,2,0,2,0,0,0,0,2,0,1,2,65.85,902.25,0,3,856.05
6521,1,1,1,0,29,1,2,1,0,0,0,0,2,2,0,1,2,94.45,2653.65,1,3,2739.05
5421,0,0,1,1,47,1,0,2,1,1,1,1,1,1,2,0,1,20.05,1016.7,0,0,942.35
330,1,0,1,0,61,1,2,1,2,0,2,2,2,0,0,0,0,99.4,5943.65,0,1,6063.400000000001
2859,1,0,0,0,16,1,0,2,1,1,1,1,1,1,0,0,3,20.0,275.7,0,2,320.0
1726,0,0,1,1,41,1,0,0,2,2,0,2,2,2,2,0,2,78.45,3126.45,0,3,3216.4500000000003
35,0,0,0,1,43,1,2,2,1,1,1,1,1,1,2,1,2,25.1,1070.15,0,0,1079.3
6643,0,0,1,1,36,1,2,1,0,2,2,0,2,0,0,1,0,97.35,3457.9,1,1,3504.6
4680,0,0,0,0,6,1,0,0,0,0,0,0,0,2,0,1,2,55.0,340.4,0,2,330.0
5919,0,0,0,0,58,1,2,0,2,2,2,2,0,0,1,1,1,71.1,4299.2,0,1,4123.799999999999
2814,1,0,0,0,19,1,0,0,0,0,0,2,2,0,0,1,1,61.55,1093.2,0,3,1169.45
229,1,0,1,0,11,1,0,0,0,0,0,0,0,0,0,1,0,45.9,521.9,0,2,504.9
5208,0,0,0,0,39,0,1,0,2,2,0,2,0,0,1,1,0,40.3,1630.4,0,0,1571.6999999999998
3448,0,1,0,0,8,1,0,1,0,2,0,0,2,0,0,1,2,87.1,713.6,0,3,696.8
2755,0,0,0,1,26,1,2,0,0,0,0,0,0,0,0,1,3,49.5,1265.65,0,2,1287.0
2125,0,1,0,0,53,1,0,1,0,2,0,0,0,0,0,1,1,73.8,4003.85,0,1,3911.3999999999996
413,0,0,1,1,70,1,0,2,1,1,1,1,1,1,2,1,3,19.2,1401.4,0,0,1344.0
5359,1,0,0,0,1,0,1,0,0,0,0,0,2,2,0,1,3,45.3,45.3,1,2,45.3
3110,1,0,0,0,59,1,2,2,1,1,1,1,1,1,2,0,3,25.0,1510.5,0,0,1475.0
3804,1,0,0,0,2,1,0,1,0,0,2,0,2,2,0,0,2,94.95,178.1,1,3,189.9
964,1,0,0,0,7,0,1,0,2,0,2,0,0,0,1,0,3,35.3,264.8,0,2,247.09999999999997
2770,0,0,0,1,12,1,0,0,0,0,0,0,0,0,0,1,2,44.55,480.6,1,2,534.5999999999999
5755,1,0,1,1,59,1,0,0,0,2,2,2,2,2,1,0,1,76.75,4541.9,0,1,4528.25
4269,1,0,1,1,61,1,2,0,0,0,2,2,2,2,2,1,0,81.0,4976.15,0,1,4941.0
270,1,0,1,1,72,1,2,1,2,0,2,0,2,2,2,1,0,105.55,7542.25,0,1,7599.599999999999
2362,0,0,1,1,13,1,0,2,1,1,1,1,1,1,0,0,3,18.8,251.25,0,2,244.4
4321,0,0,1,1,64,1,2,2,1,1,1,1,1,1,1,0,3,24.9,1595.5,0,0,1593.6
2674,1,0,1,0,1,0,1,0,0,0,0,0,0,0,0,1,2,23.45,23.45,1,2,23.45
3586,0,0,0,0,10,1,0,0,0,2,0,2,0,2,1,0,3,64.9,685.55,0,3,649.0
1765,0,0,1,1,65,1,0,0,2,2,2,0,0,0,1,0,0,61.35,3874.1,0,1,3987.75
5747,0,0,1,0,62,1,2,1,2,2,2,2,2,2,2,0,3,113.95,6891.4,0,1,7064.900000000001
6822,0,0,1,0,55,1,2,0,2,2,2,2,2,2,1,1,2,90.15,4916.95,0,1,4958.25
6964,0,0,1,0,25,1,2,0,0,2,0,0,0,0,0,0,2,54.1,1373.0,0,3,1352.5
6707,1,0,0,0,1,0,1,0,2,0,0,0,0,0,0,0,3,29.7,29.7,1,2,29.7
6193,1,0,0,0,1,1,0,0,2,0,0,0,0,0,0,1,1,49.8,49.8,0,2,49.8
3152,0,0,1,0,59,1,2,1,0,2,0,0,2,2,0,0,2,101.1,6039.9,1,1,5964.9
1016,1,1,1,1,64,1,2,2,1,1,1,1,1,1,2,1,0,24.4,1548.65,0,0,1561.6
3606,1,0,1,0,36,1,2,1,0,0,0,0,2,2,0,1,0,95.0,3440.25,0,1,3420.0
5935,0,0,0,0,3,1,2,0,0,0,0,0,0,0,0,1,3,50.65,151.3,1,2,151.95
623,1,0,1,0,61,1,2,0,2,0,2,0,0,2,2,1,3,69.9,4226.7,0,1,4263.900000000001
5911,1,0,0,1,26,0,1,0,0,2,0,0,2,0,1,1,0,39.95,1023.75,0,2,1038.7
2133,0,0,0,0,1,1,0,0,0,0,0,0,0,2,0,1,2,55.4,55.4,1,2,55.4
6203,0,1,1,0,1,1,2,1,0,2,0,0,2,0,0,1,2,90.6,90.6,1,3,90.6
6779,1,0,1,1,68,1,0,1,2,2,2,0,2,2,2,1,1,103.25,7074.4,0,1,7021.0
2169,1,1,1,0,2,1,2,1,0,0,0,0,2,0,0,1,3,86.85,156.35,1,3,173.7
2832,0,0,1,0,72,1,2,1,2,2,2,2,0,0,2,1,0,94.25,6849.75,0,1,6786.0
5058,0,0,1,0,71,0,1,0,0,0,2,2,0,2,2,1,2,47.05,3263.6,0,0,3340.5499999999997
5303,1,0,0,0,57,1,0,2,1,1,1,1,1,1,2,0,1,20.55,1252.85,0,0,1171.3500000000001
473,1,0,0,0,4,1,0,2,1,1,1,1,1,1,0,1,3,19.65,67.55,0,2,78.6
6765,0,1,0,0,1,1,0,1,0,0,0,0,0,0,0,1,2,70.2,70.2,0,3,70.2
6438,1,0,1,1,72,1,2,0,2,2,2,2,0,2,2,0,1,81.0,5750.0,0,1,5832.0
3291,1,0,1,1,21,1,2,0,2,0,0,0,2,2,1,1,0,75.9,1549.75,0,3,1593.9
5478,0,0,1,1,71,1,2,2,1,1,1,1,1,1,2,0,0,24.7,1810.55,0,0,1753.7
2488,0,1,1,0,29,1,2,1,0,0,2,0,2,2,0,1,0,99.05,2952.85,1,3,2872.45
3229,0,1,0,0,69,1,2,1,2,0,2,2,2,2,2,0,1,110.25,7467.55,0,1,7607.25
6895,0,0,1,0,64,1,2,0,2,0,2,2,2,2,2,1,1,85.0,5484.4,0,1,5440.0
6051,1,0,0,0,16,1,0,2,1,1,1,1,1,1,0,0,1,19.75,294.9,0,2,316.0
5226,0,0,0,0,4,1,2,2,1,1,1,1,1,1,1,0,2,23.9,97.5,0,2,95.6
6517,0,0,0,0,52,1,2,1,2,2,0,2,2,2,1,1,1,111.25,5916.45,1,1,5785.0
3903,1,0,0,0,2,1,0,0,2,0,2,0,0,0,0,1,3,55.1,113.35,1,2,110.2
4458,1,0,0,0,1,1,0,2,1,1,1,1,1,1,0,0,3,19.95,19.95,0,2,19.95
3390,1,0,0,0,18,0,1,0,0,0,0,0,0,0,0,0,3,25.15,476.8,0,2,452.7
6113,0,0,0,0,2,1,2,0,0,2,0,0,0,0,0,0,3,54.15,101.65,0,2,108.3
3860,0,0,1,0,19,1,0,0,0,2,0,0,0,2,0,1,3,59.8,1130.85,0,3,1136.2
6912,0,0,0,0,40,1,2,1,0,0,0,0,0,2,0,0,0,83.85,3532.25,0,1,3354.0
3945,0,1,1,1,66,1,2,1,0,2,2,0,2,2,1,1,2,104.9,6891.45,0,1,6923.400000000001
848,1,0,0,0,21,1,2,1,0,0,0,0,0,0,0,0,3,75.3,1570.7,0,3,1581.3
2958,1,0,0,0,8,1,0,0,0,2,0,2,2,0,0,1,2,66.65,520.95,0,3,533.2
2695,0,0,1,1,72,1,0,1,2,2,2,2,2,2,2,1,1,109.5,7854.9,0,1,7884.0
5276,0,0,0,0,48,1,2,0,0,2,2,2,2,0,1,1,0,73.85,3581.4,0,1,3544.7999999999997
2308,1,0,0,0,69,1,0,2,1,1,1,1,1,1,2,1,0,19.3,1447.9,0,0,1331.7
6993,1,0,0,0,72,1,2,1,2,2,2,2,2,2,2,1,2,118.2,8547.15,0,1,8510.4
46,0,0,0,0,14,1,0,0,0,2,0,0,0,0,1,0,1,51.45,727.85,0,2,720.3000000000001
4412,1,0,0,0,6,1,0,0,0,2,0,0,2,0,0,0,2,59.45,357.6,0,3,356.70000000000005
5214,0,0,1,1,8,1,0,2,1,1,1,1,1,1,2,0,0,19.5,159.35,0,2,156.0
5399,0,0,0,0,17,1,0,2,1,1,1,1,1,1,1,0,3,19.55,280.85,0,2,332.35
426,1,0,0,0,65,1,2,1,2,0,0,2,0,2,1,0,2,93.55,6069.25,0,1,6080.75
5090,0,0,1,1,57,1,0,0,2,0,2,2,0,0,1,1,3,59.3,3274.35,0,0,3380.1
594,1,0,1,0,13,1,2,1,0,0,2,0,2,2,0,1,1,102.25,1359.0,1,3,1329.25
6487,1,1,0,0,19,1,0,1,0,0,2,0,2,2,0,1,1,95.9,1777.9,1,3,1822.1000000000001
4394,0,0,1,0,56,1,2,1,2,2,2,0,2,2,1,0,0,109.8,6109.65,0,1,6148.8
2318,0,0,1,0,14,1,0,1,0,0,0,0,0,2,0,1,2,78.1,1122.4,0,3,1093.3999999999999
2901,1,0,1,0,52,0,1,0,2,0,0,0,0,2,0,1,2,39.9,2020.9,0,0,2074.7999999999997
3983,0,0,0,0,58,1,0,0,2,2,2,2,0,0,2,1,1,64.9,3795.45,0,1,3764.2000000000003
750,0,1,0,0,47,1,2,1,0,2,0,2,2,0,0,1,2,95.05,4504.55,1,1,4467.349999999999
2738,0,0,0,0,67,0,1,0,0,0,2,2,2,2,0,1,1,53.4,3579.15,0,0,3577.7999999999997
6791,1,0,0,0,2,0,1,0,0,0,0,0,0,0,0,1,1,24.9,49.7,0,2,49.8
2279,1,1,0,0,6,1,0,0,0,0,0,0,0,0,0,0,1,44.7,276.5,0,2,268.20000000000005
2617,1,0,1,1,71,1,2,1,2,2,2,2,2,2,2,1,0,114.0,8175.9,0,1,8094.0
2229,0,0,1,1,46,1,0,2,1,1,1,1,1,1,2,0,0,20.25,890.35,0,0,931.5
592,0,0,0,0,5,1,0,0,2,0,0,2,0,0,0,0,1,53.85,259.8,1,2,269.25
3412,1,1,1,0,67,1,2,1,2,2,0,0,0,0,0,0,0,83.85,5588.8,0,1,5617.95
2116,1,0,0,1,3,1,0,2,1,1,1,1,1,1,0,0,0,20.2,50.6,0,2,60.599999999999994
100,0,0,0,0,3,1,0,2,1,1,1,1,1,1,0,0,3,19.95,58.0,0,2,59.849999999999994
3834,1,1,1,0,52,1,2,1,2,0,2,0,2,2,0,1,2,104.2,5568.35,1,1,5418.400000000001
2801,0,0,1,0,42,1,2,0,0,0,0,0,0,0,0,1,2,50.25,2203.65,1,0,2110.5
4085,1,0,1,1,50,1,0,2,1,1,1,1,1,1,1,1,3,20.35,938.95,0,0,1017.5000000000001
1594,1,1,1,0,23,1,0,1,2,2,0,0,0,2,0,1,2,90.0,2024.1,0,3,2070.0
3530,0,0,1,1,67,0,1,0,2,2,2,2,2,0,2,0,1,54.2,3623.95,0,0,3631.4
2818,0,0,0,0,25,1,0,1,0,2,2,0,2,2,0,1,2,99.5,2369.05,1,3,2487.5
4531,0,1,1,0,39,1,0,1,2,2,0,0,2,2,1,0,3,99.1,3877.95,0,1,3864.8999999999996
6348,0,0,0,0,69,1,2,0,2,2,0,2,0,0,2,1,3,66.9,4577.9,0,1,4616.1
2137,0,0,0,0,1,0,1,0,0,0,0,0,0,0,1,0,3,25.85,25.85,0,2,25.85
3711,1,0,0,0,32,1,0,1,0,0,0,0,2,2,0,0,2,91.05,2871.5,0,3,2913.6
2532,0,0,0,0,9,1,0,1,0,0,0,0,0,0,0,0,2,71.0,672.55,1,3,639.0
5353,0,0,0,0,16,1,0,1,0,2,2,0,0,2,0,1,1,93.2,1573.7,1,3,1491.2
4745,1,0,1,1,60,1,0,2,1,1,1,1,1,1,2,1,0,20.95,1270.55,0,0,1257.0
6290,0,0,1,1,72,1,2,1,0,2,2,2,2,2,2,1,0,109.2,7711.45,0,1,7862.400000000001
3459,1,0,1,0,5,1,0,2,1,1,1,1,1,1,0,0,3,19.35,126.05,1,2,96.75
73,0,1,0,0,26,1,0,1,2,0,0,0,2,0,0,1,1,85.8,2193.65,0,3,2230.7999999999997
4818,1,0,0,0,3,1,0,2,1,1,1,1,1,1,0,0,3,19.85,64.55,1,2,59.550000000000004
2703,1,0,0,0,2,1,0,2,1,1,1,1,1,1,0,1,2,19.65,31.2,0,2,39.3
4144,0,0,0,1,2,1,0,2,1,1,1,1,1,1,1,0,0,20.5,38.25,0,2,41.0
495,0,0,0,0,36,1,2,0,2,0,2,2,2,2,1,1,1,89.65,3348.1,0,3,3227.4
3036,1,0,0,0,7,1,0,1,2,0,0,0,0,0,0,0,3,74.35,533.6,0,3,520.4499999999999
6361,0,1,1,0,60,0,1,0,0,2,0,0,2,2,2,1,1,49.45,2907.55,0,0,2967.0
2398,0,0,1,0,19,1,2,1,0,2,0,0,0,2,0,1,2,89.1,1620.8,0,3,1692.8999999999999
5524,1,1,1,0,45,1,2,0,2,0,2,2,0,2,2,0,1,75.15,3480.35,0,1,3381.7500000000005
441,1,1,0,0,4,1,0,1,0,0,0,0,0,0,0,1,2,70.65,293.85,0,3,282.6
2856,0,0,1,1,31,1,2,1,0,0,2,2,2,2,0,1,2,104.2,3243.45,1,3,3230.2000000000003
2200,1,0,1,1,47,1,0,1,2,0,2,0,0,2,0,0,2,90.05,4137.2,0,1,4232.349999999999
1984,1,0,0,0,1,1,0,1,0,0,0,0,0,2,0,1,2,79.25,79.25,1,3,79.25
3420,0,0,0,0,1,1,0,0,0,0,0,0,0,0,0,1,0,44.9,44.9,1,2,44.9
1511,0,0,0,0,1,1,0,2,1,1,1,1,1,1,0,0,1,19.4,19.4,0,2,19.4
1131,0,1,1,1,59,1,2,1,0,0,2,0,0,2,0,1,1,88.75,5348.65,0,1,5236.25
4529,1,0,1,0,10,1,0,1,0,0,0,0,0,0,0,1,2,70.1,659.65,1,3,701.0
1634,1,1,0,0,35,1,2,1,2,0,0,0,0,2,0,0,1,91.0,3180.5,0,3,3185.0
6110,1,0,0,0,4,0,1,0,0,0,2,0,0,0,0,1,2,29.65,118.5,1,2,118.6
3059,1,0,1,1,32,1,0,1,2,2,0,0,0,2,1,1,2,90.8,3023.85,0,3,2905.6
319,1,0,0,0,43,1,2,1,0,2,0,0,0,0,0,1,2,77.85,3365.85,1,1,3347.5499999999997
866,1,0,0,0,4,1,0,0,0,0,0,0,0,2,0,0,2,54.3,195.3,1,2,217.2
2608,0,1,1,0,54,1,0,2,1,1,1,1,1,1,2,1,3,18.95,1031.1,0,0,1023.3
4483,0,1,0,0,11,1,2,1,0,0,0,0,2,2,0,1,0,95.15,997.65,1,3,1046.65
114,0,1,0,0,66,1,2,1,2,0,0,0,2,2,2,1,0,102.4,6471.85,0,1,6758.400000000001
3486,1,0,1,1,61,1,2,1,0,0,2,0,2,2,1,1,2,99.9,6241.35,0,1,6093.900000000001
2028,1,0,1,1,72,1,2,0,2,2,2,2,2,2,2,0,1,88.7,6501.35,0,1,6386.400000000001
4959,1,0,1,1,44,0,1,0,0,0,2,2,2,2,1,1,2,54.3,2317.1,0,0,2389.2
2385,1,0,0,0,41,1,2,0,0,0,2,0,0,0,0,1,0,55.7,2237.55,0,0,2283.7000000000003
5700,1,0,1,0,50,1,2,1,2,0,2,0,2,2,1,1,2,103.95,5231.3,0,1,5197.5
3358,1,0,1,0,47,1,2,1,2,0,2,2,2,2,1,1,1,110.85,5275.8,1,1,5209.95
132,1,0,1,1,8,1,0,2,1,1,1,1,1,1,2,0,3,20.15,165.5,0,2,161.2
5339,1,0,0,0,18,1,0,2,1,1,1,1,1,1,0,0,3,20.05,358.5,0,2,360.90000000000003
3314,1,0,1,1,72,1,2,0,2,2,2,2,2,2,2,1,1,91.95,6614.9,0,1,6620.400000000001
1982,1,0,0,0,1,1,0,1,0,0,0,0,0,2,0,0,2,80.5,80.5,1,3,80.5
6013,0,1,0,0,42,1,2,0,0,0,2,0,0,0,0,0,2,55.65,2421.75,0,0,2337.2999999999997
297,0,1,0,0,18,1,0,1,0,2,0,0,0,0,0,1,2,74.7,1294.6,0,3,1344.6000000000001
4059,0,0,0,1,13,1,2,1,0,2,2,0,2,2,1,1,1,104.15,1299.1,0,3,1353.95
1983,0,0,1,1,68,1,2,1,0,2,0,2,0,0,1,1,0,83.65,5733.4,0,1,5688.200000000001
5769,1,0,0,0,4,1,2,1,0,0,0,0,0,0,0,1,0,72.2,305.55,1,3,288.8
2083,1,0,0,0,69,1,2,1,2,2,2,0,2,2,2,1,1,110.05,7430.75,0,1,7593.45
1089,1,0,0,0,17,1,0,0,0,0,0,2,0,0,0,0,3,51.5,900.5,1,2,875.5
42,1,0,1,1,25,1,2,2,1,1,1,1,1,1,2,0,1,25.5,630.6,0,2,637.5
1973,1,1,0,0,43,1,0,1,0,0,0,0,2,2,0,1,3,89.55,3856.75,1,1,3850.65
5211,0,0,1,1,59,1,0,2,1,1,1,1,1,1,2,0,1,19.5,1222.65,0,0,1150.5
4577,0,1,0,0,5,1,0,1,2,2,0,0,0,0,0,0,2,80.7,374.8,0,3,403.5
6038,1,0,1,1,21,1,2,0,2,2,0,2,2,0,1,0,3,77.5,1625.0,1,3,1627.5
744,0,0,1,1,69,1,2,1,2,2,2,2,2,0,1,1,1,105.1,7234.8,0,1,7251.9
2129,1,0,0,0,13,0,1,0,0,0,0,0,0,0,0,1,0,25.15,331.85,0,2,326.95
5341,1,0,1,0,42,1,2,1,0,2,2,0,2,0,0,1,0,95.25,3959.35,1,1,4000.5
1570,1,0,1,0,52,1,2,1,0,2,0,2,0,2,0,1,1,95.65,5088.4,0,1,4973.8
4811,1,1,0,0,46,1,0,1,2,0,0,0,0,2,0,0,2,85.0,3969.4,1,1,3910.0
621,1,0,1,0,61,1,2,0,2,2,2,2,0,2,2,1,0,80.8,4860.85,0,1,4928.8
2388,1,0,0,0,29,0,1,0,0,0,0,0,0,0,1,1,3,24.85,788.05,0,2,720.6500000000001
706,0,0,0,1,25,1,0,0,0,2,0,2,0,0,1,1,1,54.75,1266.35,0,3,1368.75
3095,0,0,1,1,5,1,0,1,0,0,0,2,2,0,0,1,2,85.75,470.95,1,3,428.75
4632,1,0,0,0,15,0,1,0,0,0,2,0,2,2,1,0,2,50.75,688.2,0,2,761.25
6358,0,0,1,1,19,1,0,2,1,1,1,1,1,1,2,0,3,20.15,387.7,0,2,382.84999999999997
4777,1,0,0,0,44,1,0,2,1,1,1,1,1,1,2,0,3,20.05,845.25,0,0,882.2
1675,0,1,0,0,6,1,2,1,0,2,0,0,2,2,0,1,2,98.25,560.6,1,3,589.5
5098,1,0,1,1,58,1,2,0,2,2,2,2,0,0,2,0,1,71.6,4230.25,0,1,4152.799999999999
1100,1,0,1,1,62,1,0,1,2,2,0,0,0,0,1,1,1,81.45,4983.05,0,1,5049.900000000001
6240,0,0,1,1,70,0,1,0,0,2,2,2,2,2,1,1,0,58.4,4113.15,0,1,4088.0
1035,0,1,0,0,1,0,1,0,0,0,0,0,0,0,0,1,3,25.7,25.7,1,2,25.7
4563,1,0,1,1,10,0,1,0,2,2,2,2,0,2,2,0,1,53.7,521.0,0,2,537.0
28,1,0,0,0,26,1,0,2,1,1,1,1,1,1,1,1,0,19.6,471.85,0,2,509.6
81,1,0,0,0,66,1,2,1,0,2,0,0,0,2,0,0,1,89.4,5976.9,0,1,5900.400000000001
1760,0,0,1,1,7,1,0,1,0,0,0,0,0,0,0,1,2,69.0,506.9,1,3,483.0
1601,1,0,1,1,51,1,2,1,0,2,0,2,0,0,1,0,0,84.2,4299.75,0,1,4294.2
1003,1,0,1,1,72,1,2,1,2,2,2,2,2,0,2,1,1,106.1,7548.6,0,1,7639.2
1424,1,0,0,0,65,1,2,2,1,1,1,1,1,1,2,0,3,25.75,1654.75,0,0,1673.75
1963,1,0,0,0,2,1,0,0,0,0,0,0,0,0,0,0,0,46.05,80.35,1,2,92.1
6066,1,0,0,1,70,1,2,0,2,2,0,2,0,0,1,0,0,64.95,4551.5,0,1,4546.5
4707,1,0,1,0,72,1,2,0,0,2,2,2,2,2,2,1,1,85.45,6227.5,0,1,6152.400000000001
7021,0,0,1,1,1,1,0,2,1,1,1,1,1,1,0,0,3,20.05,20.05,0,2,20.05
2303,0,1,1,0,1,1,0,1,0,2,0,0,0,0,0,1,3,76.4,76.4,1,3,76.4
6818,0,0,0,0,5,1,2,1,0,0,2,0,2,2,0,1,2,100.5,514.0,1,3,502.5
4537,1,0,0,0,3,1,0,2,1,1,1,1,1,1,0,0,3,20.7,57.5,0,2,62.099999999999994
4252,1,0,0,0,58,1,2,2,1,1,1,1,1,1,2,1,1,25.3,1474.35,0,0,1467.4
3673,1,1,1,1,22,0,1,0,2,0,0,0,0,2,0,0,3,40.05,880.2,1,2,881.0999999999999
1301,1,1,1,0,33,1,2,1,0,2,0,0,2,2,0,1,0,100.6,3270.25,0,3,3319.7999999999997
5091,1,0,0,0,1,1,0,1,0,0,0,0,0,0,0,0,2,69.95,69.95,1,3,69.95
3680,1,1,1,0,54,1,2,1,0,0,0,0,0,0,0,0,0,74.0,3919.15,0,1,3996.0
452,1,0,1,0,72,1,2,1,0,2,0,0,2,2,2,1,2,99.4,7285.7,0,1,7156.8
4627,1,0,0,1,1,1,2,1,0,0,0,0,2,2,0,1,2,93.3,93.3,1,3,93.3
6273,1,0,0,0,3,1,0,0,0,0,2,0,0,0,0,1,2,49.15,169.05,1,2,147.45
5880,0,0,1,1,72,1,2,1,2,2,2,2,0,2,2,0,1,107.45,7658.3,0,1,7736.400000000001
2476,0,0,1,1,72,1,2,0,2,2,2,0,2,2,2,1,1,83.6,5959.3,0,1,6019.2
3791,1,1,1,0,54,1,2,1,0,0,2,0,2,2,0,1,1,99.05,5295.7,0,1,5348.7
3339,0,0,1,0,59,1,2,0,0,2,0,2,2,2,1,1,2,80.1,4693.2,0,1,4725.9
5017,1,0,0,0,54,1,0,0,2,2,0,0,2,0,2,1,0,65.3,3512.9,0,0,3526.2
2399,1,0,0,0,60,1,2,1,0,0,2,0,2,0,2,1,2,89.55,5231.2,0,1,5373.0
4640,0,0,1,0,60,0,1,0,0,2,2,2,2,2,2,0,1,60.8,3603.45,0,0,3648.0
5556,1,0,0,0,3,1,2,1,0,0,0,0,0,0,0,0,2,74.5,217.45,0,3,223.5
2593,0,0,1,0,69,1,2,1,2,0,0,0,2,2,2,0,0,99.15,6875.35,0,1,6841.35
6597,0,0,1,1,1,1,0,2,1,1,1,1,1,1,0,0,2,19.25,19.25,0,2,19.25
6409,1,0,1,1,50,0,1,0,2,0,0,0,2,0,0,1,1,39.45,2021.35,0,0,1972.5000000000002
4346,0,0,0,0,56,0,1,0,0,0,0,0,2,2,0,1,1,44.85,2564.95,0,0,2511.6
7001,0,0,1,0,60,1,0,1,2,0,0,2,2,2,2,1,2,97.2,5611.75,0,1,5832.0
3121,1,1,1,0,69,1,2,1,2,0,2,2,2,2,1,1,3,110.55,7610.1,0,1,7627.95
2639,0,0,0,0,1,0,1,0,0,0,0,0,0,2,0,0,3,35.05,35.05,1,2,35.05
1329,0,1,0,0,1,1,0,1,0,2,0,0,0,0,0,1,2,73.0,73.0,1,3,73.0
3575,0,0,1,0,3,1,0,2,1,1,1,1,1,1,0,1,3,19.9,45.75,0,2,59.699999999999996
1824,1,0,1,1,60,1,0,0,0,2,0,2,2,2,2,0,0,76.95,4543.95,0,1,4617.0
309,0,0,0,0,13,0,1,0,0,0,2,2,0,0,2,0,3,35.4,450.4,0,2,460.2
5166,1,0,1,1,62,1,0,2,1,1,1,1,1,1,2,0,0,20.45,1297.35,0,0,1267.8999999999999
560,0,0,0,0,45,1,2,1,2,2,0,0,0,2,1,0,0,96.75,4442.75,0,1,4353.75
5968,0,0,0,0,25,0,1,0,0,0,2,2,2,2,1,0,2,54.2,1423.15,0,3,1355.0
1763,1,0,0,0,44,1,0,1,0,0,2,2,2,2,2,0,0,100.1,4378.35,0,1,4404.4
2293,0,0,0,0,2,1,0,0,0,0,0,0,0,0,0,1,3,45.25,74.2,0,2,90.5
4110,1,1,0,0,33,1,2,1,0,2,2,0,0,0,0,1,1,83.85,2716.3,1,3,2767.0499999999997
213,0,0,0,0,1,1,0,1,0,0,0,0,0,0,0,1,2,70.1,70.1,1,3,70.1
6860,0,0,0,0,22,1,0,2,1,1,1,1,1,1,1,0,0,20.85,450.65,0,2,458.70000000000005
2043,0,0,0,0,35,0,1,0,0,0,2,2,0,0,0,1,3,33.45,1175.85,0,0,1170.75
429,0,0,1,1,29,1,0,2,1,1,1,1,1,1,2,0,3,20.2,558.8,0,2,585.8
4779,1,1,1,0,27,1,2,1,2,0,2,0,0,0,1,1,2,85.9,2220.1,0,3,2319.3
3240,1,0,0,1,54,1,0,0,0,2,2,2,0,0,1,1,2,61.0,3283.05,0,0,3294.0
3034,0,1,0,0,2,1,0,1,0,0,0,0,0,0,0,1,2,70.65,142.35,1,3,141.3
3278,1,0,0,0,57,1,2,1,0,0,0,0,2,0,1,1,2,86.9,4939.25,0,1,4953.3
604,1,0,0,0,62,1,2,0,2,2,2,2,0,0,2,0,0,69.4,4237.5,0,1,4302.8
3527,0,0,1,1,15,1,0,2,1,1,1,1,1,1,1,0,1,20.35,335.95,0,2,305.25
2946,1,0,0,0,2,1,0,2,1,1,1,1,1,1,0,0,3,20.35,33.2,1,2,40.7
5124,0,0,1,0,70,1,2,1,0,0,2,2,2,2,2,1,0,104.3,7188.5,0,1,7301.0
2822,0,0,1,1,21,1,0,0,0,0,0,0,0,0,0,1,2,44.95,926.25,0,2,943.95
333,0,0,0,1,23,1,0,0,0,0,0,2,0,0,1,1,2,49.45,1119.35,0,2,1137.3500000000001
5273,1,0,0,0,6,1,0,2,1,1,1,1,1,1,1,0,3,20.6,116.6,0,2,123.60000000000001
935,1,0,1,1,4,1,0,2,1,1,1,1,1,1,2,0,1,19.55,68.8,0,2,78.2
4938,0,0,0,0,3,1,0,1,2,0,2,0,2,2,0,1,1,99.0,287.4,1,3,297.0
2078,0,0,0,0,23,1,2,1,0,0,0,0,2,2,0,1,2,93.5,2341.55,0,3,2150.5
1937,1,0,0,0,26,0,1,0,2,0,0,2,2,2,1,0,1,54.55,1362.85,0,3,1418.3
1870,0,0,0,1,8,1,0,2,1,1,1,1,1,1,0,0,3,20.05,163.6,0,2,160.4
2256,1,0,0,0,26,1,2,1,0,0,0,0,0,2,0,1,2,83.95,2254.2,1,3,2182.7000000000003
2392,1,0,0,0,2,1,2,1,0,2,0,0,0,0,0,1,2,79.45,145.15,0,3,158.9
6389,1,0,0,0,67,1,2,1,2,2,2,2,2,2,2,0,1,116.2,7752.3,1,1,7785.400000000001
1738,0,0,1,0,71,1,2,1,0,0,0,0,2,2,2,1,0,93.7,6585.35,1,1,6652.7
2004,0,0,0,0,59,1,2,0,2,2,2,2,0,2,1,0,1,79.85,4786.1,0,1,4711.15
212,1,0,1,1,39,1,2,1,0,0,2,0,2,2,1,0,2,100.0,3835.55,0,1,3900.0
5660,1,0,0,1,21,1,0,2,1,1,1,1,1,1,2,0,3,19.6,397.0,0,2,411.6
4690,1,0,0,0,1,1,0,2,1,1,1,1,1,1,0,0,3,19.7,19.7,1,2,19.7
5007,0,0,1,1,48,1,0,2,1,1,1,1,1,1,2,0,0,20.2,1027.25,0,0,969.5999999999999
2831,0,1,1,0,31,0,1,0,2,2,2,0,0,2,1,1,1,50.4,1580.1,0,0,1562.3999999999999
586,0,0,1,1,64,1,2,1,2,2,2,2,2,2,1,0,2,113.35,7222.75,0,1,7254.4
5227,1,0,1,1,46,1,2,1,0,2,0,0,0,0,0,1,0,80.0,3769.7,0,1,3680.0
6717,0,0,0,0,52,1,2,0,0,0,2,2,2,2,2,1,0,80.95,4233.95,0,1,4209.400000000001
2788,0,0,1,1,67,1,2,2,1,1,1,1,1,1,2,1,3,24.9,1680.25,0,0,1668.3
5590,0,1,0,0,67,1,2,0,0,2,0,0,0,0,0,0,2,54.9,3725.5,0,0,3678.2999999999997
6518,0,0,0,0,5,1,2,1,0,0,0,0,0,0,0,0,2,75.55,413.65,1,3,377.75
4473,0,0,1,0,71,1,2,1,0,2,2,2,2,2,2,0,2,109.25,7707.7,0,1,7756.75
1898,0,0,0,0,9,1,0,1,0,0,0,0,2,0,0,1,0,77.65,714.15,1,3,698.85
1098,0,1,0,0,26,1,2,1,2,2,0,0,0,2,0,1,2,95.0,2497.2,1,3,2470.0
103,1,0,0,0,71,1,2,1,2,2,2,2,2,2,1,1,0,116.3,8309.55,0,1,8257.3
2117,0,0,0,0,32,1,0,2,1,1,1,1,1,1,0,0,0,19.9,601.55,0,2,636.8
3864,0,0,0,0,2,1,0,1,0,0,0,0,0,0,0,0,2,70.35,139.25,0,3,140.7
1468,0,0,1,0,71,1,2,2,1,1,1,1,1,1,2,0,1,25.6,1888.25,0,0,1817.6000000000001
4153,0,0,0,0,60,0,1,0,2,0,2,0,0,2,1,1,2,44.45,2773.9,0,0,2667.0
2207,0,1,0,0,55,1,2,1,0,0,2,0,2,2,1,1,2,100.15,5409.75,0,1,5508.25
5022,1,0,0,0,54,1,0,1,2,2,0,2,2,2,1,1,1,105.4,5643.4,1,1,5691.6
519,1,0,0,0,2,1,0,1,0,0,2,0,2,2,0,1,2,95.85,197.7,1,3,191.7
6269,0,0,0,0,6,1,2,1,0,0,0,0,0,0,0,1,3,73.85,401.3,0,3,443.09999999999997
4040,0,0,1,1,48,1,0,0,2,2,2,0,0,2,2,1,1,70.1,3238.4,0,0,3364.7999999999997
6320,1,0,1,1,63,1,2,2,1,1,1,1,1,1,2,0,3,25.25,1573.05,0,0,1590.75
5304,1,0,0,0,1,1,2,1,0,2,0,0,0,0,0,1,2,79.15,79.15,1,3,79.15
370,1,0,0,1,12,1,0,2,1,1,1,1,1,1,0,0,1,21.05,235.8,0,2,252.60000000000002
6294,1,1,1,0,54,0,1,0,0,0,0,0,0,0,0,1,0,24.95,1364.75,0,0,1347.3
6250,0,0,1,1,30,1,0,0,0,0,2,2,2,0,1,1,2,64.5,1985.15,0,3,1935.0
1084,0,0,1,0,30,1,0,2,1,1,1,1,1,1,0,0,0,19.65,655.85,1,2,589.5
6189,0,0,0,0,4,1,0,1,0,0,0,0,2,0,0,1,2,79.0,303.15,1,3,316.0
476,0,0,0,0,40,1,2,1,0,0,2,2,2,2,1,1,1,105.95,4335.2,0,1,4238.0
3543,0,0,1,1,9,1,0,1,0,0,0,2,0,0,0,1,2,75.85,647.5,0,3,682.65
3179,0,0,1,1,17,1,0,1,2,0,0,2,2,0,0,0,2,91.85,1574.45,1,3,1561.4499999999998
2272,0,0,0,0,62,0,1,0,0,2,2,0,0,2,2,1,1,43.6,2748.7,0,0,2703.2000000000003
2626,1,0,0,0,28,1,0,1,0,2,0,2,2,0,1,1,0,91.25,2483.65,0,3,2555.0
3293,0,0,0,0,70,1,2,0,2,2,2,2,2,2,2,0,1,89.75,6367.2,0,1,6282.5
4681,0,0,0,0,46,1,0,1,0,2,2,2,2,2,2,1,0,104.4,4904.2,0,1,4802.400000000001
6991,0,0,1,0,23,1,2,1,0,0,2,0,0,2,0,0,3,90.15,2044.95,0,3,2073.4500000000003
1297,1,0,1,1,47,0,1,0,2,0,2,2,0,0,1,0,2,40.3,1794.8,0,0,1894.1
3061,1,0,1,1,68,1,0,1,2,2,2,0,2,2,2,1,0,105.25,7173.15,0,1,7157.0
6111,0,1,0,0,60,1,2,1,0,0,2,2,2,2,1,1,2,106.0,6441.4,1,1,6360.0
2898,0,0,0,1,67,1,2,1,0,2,0,2,2,2,2,1,2,104.0,7039.05,0,1,6968.0
5537,0,0,0,0,14,1,0,0,0,0,0,2,2,2,0,1,2,69.65,921.4,0,3,975.1000000000001
6108,1,0,1,1,57,1,2,1,0,0,0,0,0,0,0,1,2,74.3,4018.35,0,1,4235.099999999999
1859,0,0,1,1,55,1,2,1,2,0,0,0,2,2,1,0,3,100.9,5448.6,0,1,5549.5
1412,1,0,0,0,1,1,0,2,1,1,1,1,1,1,0,1,3,20.25,20.25,0,2,20.25
5413,1,0,0,1,1,1,0,0,0,0,0,2,0,0,0,1,3,49.9,49.9,1,2,49.9
2324,1,0,0,0,23,1,2,1,0,0,2,2,2,0,0,1,1,96.9,2085.45,0,3,2228.7000000000003
6564,0,0,0,0,13,1,2,1,2,0,0,0,2,2,0,1,2,100.35,1358.85,1,3,1304.55
2361,1,0,1,0,47,1,2,1,0,2,2,0,2,2,0,1,2,104.1,5135.15,0,1,4892.7
616,1,0,0,0,38,1,0,2,1,1,1,1,1,1,1,0,3,20.1,730.1,0,0,763.8000000000001
6542,0,1,1,0,38,1,2,1,0,0,0,0,0,0,0,1,0,74.95,2869.85,1,3,2848.1
4294,0,1,0,0,2,1,2,0,0,2,0,0,0,0,0,1,1,56.55,118.25,0,2,113.1
6808,1,1,1,1,1,1,0,0,0,0,0,2,0,0,0,1,1,49.25,49.25,1,2,49.25
5483,1,0,1,0,15,1,0,1,0,0,0,0,0,0,0,1,0,68.6,1108.6,0,3,1029.0
695,0,0,0,0,26,1,0,1,0,0,0,0,0,0,0,1,1,69.05,1815.65,0,3,1795.3
2409,0,0,1,1,35,1,0,2,1,1,1,1,1,1,2,0,1,19.7,730.4,0,0,689.5
2380,1,0,0,1,3,1,0,2,1,1,1,1,1,1,0,1,3,20.05,75.45,0,2,60.150000000000006
1244,1,0,1,1,50,1,2,1,0,2,0,2,2,2,0,0,2,103.7,5071.05,1,1,5185.0
1612,1,0,1,0,42,1,2,1,2,0,2,0,0,2,0,1,2,94.4,4014.6,0,1,3964.8
6166,1,0,1,0,10,1,0,0,2,0,0,2,0,0,0,1,1,54.95,568.85,0,2,549.5
2251,0,0,1,0,61,1,0,1,2,2,0,2,0,2,1,0,0,93.7,5860.7,0,1,5715.7
1306,0,0,0,0,68,1,2,1,2,2,0,2,2,2,2,0,1,110.25,7279.35,0,1,7497.0
2510,1,0,0,0,10,1,0,1,2,0,2,0,2,2,1,1,2,98.9,1064.95,0,3,989.0
5741,1,0,1,0,65,1,2,1,2,2,2,0,0,0,1,0,2,89.75,5769.6,1,1,5833.75
696,0,0,1,1,72,1,0,0,2,0,2,2,2,2,2,1,0,80.45,5886.85,0,1,5792.400000000001
5089,1,0,1,1,55,1,0,1,0,2,0,2,0,0,0,0,2,79.4,4238.45,0,1,4367.0
5738,0,0,0,0,1,1,0,2,1,1,1,1,1,1,0,1,3,20.3,20.3,1,2,20.3
3771,0,0,0,0,7,1,0,0,0,0,2,2,0,2,0,0,0,62.8,418.3,0,3,439.59999999999997
4864,0,0,0,0,2,1,2,1,0,0,0,0,0,0,0,1,3,74.9,136.05,0,3,149.8
6206,0,0,0,0,9,1,0,1,2,0,0,0,0,0,0,1,2,74.85,708.2,0,3,673.65
6842,1,0,0,1,27,1,2,2,1,1,1,1,1,1,2,1,1,25.85,788.55,0,2,697.95
6280,1,1,1,0,7,1,2,1,0,0,2,0,2,2,0,1,2,101.95,700.85,1,3,713.65
1967,0,0,1,0,64,1,0,0,0,2,2,2,0,2,2,1,3,68.3,4378.8,0,1,4371.2
577,1,0,0,0,70,0,1,0,2,0,2,2,0,2,2,0,0,48.4,3442.8,0,0,3388.0
1875,1,1,0,0,2,1,2,1,0,0,0,0,2,2,0,1,2,94.0,181.7,1,3,188.0
4791,1,1,0,0,67,1,0,1,2,2,0,2,2,2,2,1,2,105.05,7171.7,0,1,7038.349999999999
1986,0,0,0,0,45,1,2,1,0,2,0,0,2,0,0,1,1,89.3,4016.85,1,1,4018.5
1050,0,0,0,0,24,1,2,2,1,1,1,1,1,1,2,0,1,25.15,553.0,0,2,603.5999999999999
4519,1,0,1,1,4,1,0,2,1,1,1,1,1,1,2,0,1,19.5,96.85,0,2,78.0
644,1,0,1,1,44,1,0,1,0,0,2,0,2,2,0,1,0,92.95,4122.9,0,1,4089.8
886,0,0,1,1,72,1,0,2,1,1,1,1,1,1,2,1,3,20.7,1482.3,0,0,1490.3999999999999
6971,0,0,0,0,1,1,0,1,0,2,0,0,0,0,0,1,1,74.3,74.3,1,3,74.3
892,1,0,0,0,66,1,0,2,1,1,1,1,1,1,2,0,0,19.35,1240.8,0,0,1277.1000000000001
5571,1,0,0,0,1,0,1,0,0,2,0,2,0,2,0,1,3,44.65,44.65,1,2,44.65
435,1,0,1,1,13,1,0,1,2,0,0,0,0,2,0,0,2,84.05,1095.3,1,3,1092.6499999999999
642,1,0,0,0,10,1,2,1,0,2,0,0,0,0,0,1,0,80.7,788.8,1,3,807.0
1635,1,1,1,0,65,1,2,1,0,2,2,0,2,2,0,1,2,104.35,6578.55,0,1,6782.75
630,1,0,0,1,1,1,0,2,1,1,1,1,1,1,0,0,3,19.55,19.55,0,2,19.55
6073,1,0,1,1,38,1,0,0,2,2,2,2,2,0,1,0,2,74.05,2802.3,0,3,2813.9
1605,1,0,0,1,23,0,1,0,2,0,2,2,0,0,2,0,3,40.1,857.75,0,2,922.3000000000001
1313,0,0,1,0,10,1,0,2,1,1,1,1,1,1,1,0,3,20.1,184.4,0,2,201.0
482,1,0,0,1,4,1,2,1,0,2,0,0,2,2,0,1,2,101.7,364.55,1,3,406.8
4728,1,0,1,1,72,1,2,0,2,0,2,2,2,2,2,1,1,83.55,6093.3,0,1,6015.599999999999
6949,0,0,1,0,35,1,0,0,0,2,0,2,0,0,0,0,2,56.85,1861.1,0,0,1989.75
1320,0,0,0,0,1,1,0,2,1,1,1,1,1,1,0,0,3,20.4,20.4,1,2,20.4
2658,0,0,1,1,58,1,0,2,1,1,1,1,1,1,2,0,1,19.55,1079.65,0,0,1133.9
4972,1,0,1,1,70,1,0,1,0,2,2,2,2,2,1,1,2,106.15,7475.1,0,1,7430.5
2811,1,0,1,1,38,1,2,0,0,2,2,0,2,2,1,0,1,78.95,2862.55,0,3,3000.1
2810,0,0,1,1,60,0,1,0,0,2,0,0,2,2,0,1,2,49.75,3069.45,0,0,2985.0
2421,1,0,0,0,26,1,2,1,2,2,0,0,2,0,0,1,1,92.4,2349.8,0,3,2402.4
1846,0,0,0,0,8,1,0,0,2,2,0,2,0,0,1,0,0,58.2,469.25,0,3,465.6
2128,1,0,1,1,41,1,2,1,0,0,2,2,2,2,1,1,2,102.6,4213.35,1,1,4206.599999999999
2067,0,1,1,0,36,1,2,1,0,2,0,0,2,0,0,1,1,91.95,3301.05,0,3,3310.2000000000003
5671,1,1,0,0,54,1,0,0,0,0,2,2,0,2,1,0,0,65.25,3529.95,0,0,3523.5
2282,1,0,1,1,71,1,2,1,0,2,2,0,2,2,2,1,0,106.0,7723.7,1,1,7526.0
1426,0,0,0,0,55,1,2,1,0,0,0,0,0,0,0,1,2,73.1,4144.9,0,1,4020.4999999999995
5620,0,0,0,0,72,1,2,0,2,2,0,0,0,0,2,0,0,59.75,4265.0,0,1,4302.0
546,0,0,0,1,3,1,0,0,2,0,0,2,0,0,0,1,3,55.1,154.65,1,2,165.3
6020,0,0,1,1,54,1,2,0,0,2,2,0,0,0,2,1,0,59.8,3246.45,0,0,3229.2
2281,1,0,1,1,72,1,2,1,2,2,2,2,2,2,2,1,0,116.6,8337.45,0,1,8395.199999999999
984,1,0,0,0,52,1,2,1,2,0,2,2,2,2,2,1,2,109.3,5731.4,0,1,5683.599999999999
3762,0,1,0,0,60,1,2,1,2,0,0,0,2,2,1,1,0,101.4,6176.6,0,1,6084.0
3104,0,0,0,0,39,0,1,0,0,0,2,0,2,2,0,1,1,50.65,1905.4,0,0,1975.35
4781,0,0,0,0,15,1,0,0,0,0,0,0,2,0,1,0,3,56.15,931.9,0,3,842.25
4072,1,0,0,0,69,1,2,1,0,0,2,2,2,2,2,1,0,106.5,7348.8,1,1,7348.5
2554,1,0,1,1,43,1,0,2,1,1,1,1,1,1,1,1,3,19.2,776.25,0,0,825.6
4337,0,1,0,0,63,1,2,0,2,2,2,2,2,0,1,0,0,83.0,5243.05,0,1,5229.0
3607,1,1,1,0,2,1,0,1,0,0,0,0,0,0,0,0,2,70.1,141.65,0,3,140.2
4626,0,0,1,1,72,1,0,1,2,2,2,2,2,2,2,1,0,108.3,7679.65,0,1,7797.599999999999
5496,0,0,1,1,32,1,2,1,0,0,2,0,0,2,0,1,0,91.05,2954.5,1,3,2913.6
2427,1,0,1,1,40,1,2,2,1,1,1,1,1,1,2,0,1,25.25,1006.9,0,0,1010.0
5851,0,0,1,0,58,0,1,0,2,2,0,0,2,0,1,1,2,45.35,2540.1,0,0,2630.3
6768,1,0,0,0,67,0,1,0,2,0,0,2,2,0,2,0,2,43.9,3097.2,0,0,2941.2999999999997
6881,0,1,1,0,51,1,2,1,2,0,0,0,0,0,0,1,2,77.5,3807.35,1,1,3952.5
1710,1,0,1,0,31,1,2,0,0,0,2,2,2,2,1,1,3,79.3,2484.0,0,3,2458.2999999999997
2717,1,1,1,0,69,1,2,1,2,2,0,0,0,0,0,1,1,84.9,5785.65,0,1,5858.1
980,1,0,1,0,32,1,2,1,0,0,0,2,0,0,1,1,2,79.25,2619.15,0,3,2536.0
2090,0,0,0,0,21,1,0,0,2,2,0,2,2,0,2,0,1,71.05,1524.85,0,3,1492.05
6120,1,0,0,0,52,1,0,0,2,0,2,0,0,0,1,0,2,53.75,2790.65,0,0,2795.0
322,0,0,1,1,72,1,2,2,1,1,1,1,1,1,2,0,1,24.25,1784.5,0,0,1746.0
4285,0,0,1,0,72,0,1,0,0,2,2,0,2,2,2,1,2,54.2,3937.45,1,0,3902.4
6861,1,0,1,1,52,0,1,0,2,0,2,0,0,2,1,0,0,44.25,2276.1,0,0,2301.0
2758,0,0,0,0,41,1,0,0,0,0,0,2,0,0,1,0,0,50.05,2029.05,0,0,2052.0499999999997
4264,1,0,0,0,41,1,0,2,1,1,1,1,1,1,2,0,3,20.15,802.35,0,0,826.15
1408,0,0,0,0,6,1,0,1,0,0,0,0,0,0,0,1,3,69.25,418.4,1,3,415.5
4487,1,0,1,1,67,1,2,0,2,2,2,2,0,0,1,1,1,69.35,4653.25,0,1,4646.45
1423,0,0,1,1,16,1,0,2,1,1,1,1,1,1,0,0,3,19.35,275.9,0,2,309.6
2287,1,0,0,0,17,1,0,2,1,1,1,1,1,1,2,0,3,19.15,343.45,0,2,325.54999999999995
5846,1,0,1,0,35,1,0,0,2,2,2,0,0,0,0,0,3,61.0,2130.45,0,3,2135.0
1611,0,0,1,1,58,1,0,2,1,1,1,1,1,1,2,0,1,20.5,1191.4,0,0,1189.0
4683,1,0,0,0,1,1,0,0,0,0,2,0,0,0,0,1,2,50.5,50.5,1,2,50.5
183,1,0,1,1,52,0,1,0,0,2,2,2,2,0,2,0,3,50.2,2554.0,0,0,2610.4
5351,0,0,0,0,70,1,0,0,2,0,2,2,2,2,2,0,0,79.6,5589.45,0,1,5572.0
2088,0,0,1,1,19,1,2,2,1,1,1,1,1,1,2,1,0,24.9,467.7,0,2,473.09999999999997
2483,1,1,0,0,1,1,2,1,0,0,0,0,0,0,0,1,2,74.4,74.4,1,3,74.4
6456,0,0,1,1,35,1,0,1,2,0,2,2,2,2,0,1,2,106.9,3756.45,0,1,3741.5
1934,0,0,0,0,32,1,2,1,0,0,2,0,2,2,0,1,2,101.35,3334.9,0,3,3243.2
3587,0,0,1,1,17,1,0,0,2,0,0,2,0,0,0,1,1,55.35,920.5,0,3,940.95
154,0,0,1,1,67,1,0,0,0,2,0,0,0,0,1,0,1,50.55,3431.75,0,0,3386.85
5489,0,0,0,0,9,1,0,2,1,1,1,1,1,1,0,0,0,19.5,150.35,0,2,175.5
4469,1,0,0,1,31,1,2,0,0,2,0,2,2,2,1,1,3,79.45,2587.7,1,3,2462.9500000000003
3797,1,0,0,0,4,1,2,1,2,0,0,0,2,0,0,0,2,90.65,367.95,0,3,362.6
1496,1,1,1,1,58,1,2,1,2,2,0,2,0,0,1,1,0,89.85,5125.75,0,1,5211.299999999999
6214,1,0,0,0,60,1,0,0,2,0,2,2,2,2,1,0,3,79.0,4801.1,0,1,4740.0
2579,1,0,0,0,58,1,2,1,0,0,2,2,2,2,1,1,2,104.65,6219.6,1,1,6069.700000000001
5390,1,0,0,0,1,1,0,2,1,1,1,1,1,1,0,0,3,19.55,19.55,0,2,19.55
3213,0,0,1,1,27,1,0,2,1,1,1,1,1,1,2,0,3,19.9,550.1,0,2,537.3
3432,1,1,1,1,66,1,2,1,2,2,2,2,2,2,1,1,2,116.25,7862.25,0,1,7672.5
6709,1,0,0,0,15,1,2,1,2,0,0,0,2,0,0,1,0,87.75,1242.2,0,3,1316.25
6098,1,1,1,0,47,1,2,1,0,0,2,0,2,2,0,1,2,100.05,4871.05,1,1,4702.349999999999
1831,0,0,0,0,41,1,2,1,2,0,0,0,0,0,0,1,1,81.3,3190.65,0,1,3333.2999999999997
1700,1,0,1,0,59,0,1,0,0,0,0,0,2,2,0,1,2,44.3,2666.75,0,0,2613.7
6482,0,0,0,1,50,1,0,1,0,0,0,0,0,0,2,0,1,70.35,3533.6,0,1,3517.4999999999995
1523,1,0,1,1,17,0,1,0,2,0,2,0,2,0,1,0,1,44.45,792.15,0,2,755.6500000000001
6797,1,0,1,1,6,1,0,0,2,0,0,0,0,0,0,1,2,49.15,295.65,0,2,294.9
2278,1,1,1,0,51,0,1,0,0,2,0,0,0,0,0,1,1,29.45,1459.35,0,0,1501.95
6195,1,0,0,0,44,1,0,1,0,2,0,2,2,2,0,0,2,100.55,4398.15,1,1,4424.2
282,1,0,1,0,49,1,0,1,0,2,0,0,2,0,0,1,1,85.3,4297.95,0,1,4179.7
5970,1,0,0,0,2,1,0,1,0,2,0,0,2,2,0,0,2,95.65,167.3,1,3,191.3
595,1,0,1,0,59,1,2,0,2,0,0,2,0,2,1,1,3,69.1,4096.9,0,1,4076.8999999999996
3319,1,1,0,0,50,1,2,0,2,2,0,0,2,0,0,1,0,70.35,3454.6,0,1,3517.4999999999995
5797,0,0,1,1,59,1,0,2,1,1,1,1,1,1,2,0,3,20.6,1286.0,0,0,1215.4
2160,1,0,0,0,18,1,2,1,0,0,0,0,0,0,0,0,3,74.15,1387.0,0,3,1334.7
6677,1,0,0,0,10,1,2,1,0,0,0,0,0,0,0,0,2,75.05,786.3,0,3,750.5
1778,1,0,1,0,14,1,0,0,0,0,0,0,0,0,1,0,2,44.6,641.25,0,2,624.4
5637,1,0,0,0,35,1,0,2,1,1,1,1,1,1,2,0,0,21.45,705.45,0,0,750.75
3167,1,0,1,1,8,1,0,0,0,0,0,0,0,0,1,1,3,43.45,345.5,0,2,347.6
584,1,0,1,1,18,1,0,2,1,1,1,1,1,1,1,0,0,20.05,345.9,0,2,360.90000000000003
788,0,0,1,1,60,1,2,1,2,2,0,0,2,0,1,0,0,94.15,5811.8,0,1,5649.0
6501,0,0,0,0,1,1,0,1,0,0,2,0,2,2,0,0,2,94.4,94.4,1,3,94.4
5116,0,0,0,0,6,1,0,2,1,1,1,1,1,1,2,0,3,19.55,124.45,0,2,117.30000000000001
3876,0,0,0,1,19,1,2,0,2,2,0,2,2,0,0,1,3,75.9,1375.6,0,3,1442.1000000000001
808,1,0,1,1,53,1,2,0,2,2,0,2,0,0,1,0,0,64.15,3491.55,0,0,3399.9500000000003
2454,1,1,1,0,72,1,2,1,2,2,2,0,2,2,2,1,0,109.55,7920.7,0,1,7887.599999999999
6565,0,0,1,0,60,1,2,1,0,2,2,2,2,2,2,1,1,110.8,6640.7,0,1,6648.0
3039,0,0,0,0,1,1,0,0,0,0,0,0,2,0,0,1,1,55.0,55.0,1,2,55.0
640,0,0,0,1,13,1,0,0,0,0,2,2,0,0,0,0,3,53.45,718.1,0,2,694.85
6605,0,0,1,1,5,1,0,1,0,0,0,0,0,0,0,0,1,69.95,320.4,0,3,349.75
3854,1,0,0,0,1,1,2,1,0,0,2,0,2,2,0,1,2,101.45,101.45,1,3,101.45
2548,1,0,1,1,13,1,0,1,0,0,2,0,2,2,0,0,2,97.0,1334.45,0,3,1261.0
2018,1,0,0,0,37,1,2,0,2,2,2,2,2,2,1,1,0,90.6,3358.65,0,3,3352.2
4193,1,0,1,0,64,1,0,1,2,0,0,0,0,0,0,1,3,73.55,4764.0,0,1,4707.2
1425,0,0,1,0,5,1,2,0,0,0,2,2,2,0,0,0,0,67.95,350.3,1,3,339.75
4260,0,0,1,0,61,1,2,1,0,2,0,2,0,2,2,1,0,94.35,5703.0,0,1,5755.349999999999
332,0,0,0,0,1,1,0,1,0,0,0,0,0,0,0,1,2,69.5,69.5,1,3,69.5
6560,1,0,0,0,1,1,0,2,1,1,1,1,1,1,0,1,3,18.85,18.85,1,2,18.85
2802,1,0,0,0,26,1,0,2,1,1,1,1,1,1,1,0,3,19.4,525.55,0,2,504.4
6847,0,0,0,0,1,1,0,1,0,0,0,0,0,0,0,1,2,69.2,69.2,1,3,69.2
6723,1,0,1,0,24,1,0,2,1,1,1,1,1,1,2,0,3,19.75,483.15,0,2,474.0
4659,1,0,1,0,17,0,1,0,0,0,2,2,2,2,1,0,2,54.6,934.8,0,2,928.2
3011,0,0,0,1,26,0,1,0,0,0,2,0,0,0,0,1,3,29.8,786.5,0,2,774.8000000000001
5161,1,0,0,0,1,1,0,1,0,0,0,0,0,0,0,1,2,69.65,69.65,1,3,69.65
1696,1,1,1,0,40,1,2,1,2,0,0,0,2,2,0,0,2,101.85,4086.3,1,1,4074.0
2847,1,0,0,0,52,1,2,1,0,2,2,0,2,2,0,1,2,103.05,5364.8,0,1,5358.599999999999
508,0,0,0,0,1,1,0,1,0,2,2,0,0,0,0,1,2,82.3,82.3,1,3,82.3
1843,1,0,0,0,1,1,0,2,1,1,1,1,1,1,0,0,3,20.3,20.3,0,2,20.3
6510,0,0,0,0,21,0,1,0,2,0,0,2,0,0,2,0,3,35.1,770.4,0,2,737.1
3338,0,0,1,0,67,1,2,1,0,2,2,0,2,2,1,1,0,105.7,6816.95,0,1,7081.900000000001
4328,0,0,1,1,44,1,0,0,2,0,0,2,0,0,0,0,0,56.25,2419.55,0,0,2475.0
5526,1,0,1,1,70,0,1,0,0,2,2,2,2,2,1,0,2,60.35,4138.7,0,1,4224.5
4330,1,0,0,0,3,1,0,1,0,0,0,0,2,0,0,0,2,79.25,267.6,1,3,237.75
4993,1,0,1,1,56,1,0,0,2,2,2,0,0,0,2,1,0,59.8,3457.45,0,0,3348.7999999999997
4166,0,0,0,0,13,1,2,1,0,0,0,0,0,2,0,1,2,84.6,1115.2,1,3,1099.8
4053,0,0,1,1,58,1,2,1,2,2,0,0,0,2,0,1,0,93.4,5435.6,1,1,5417.200000000001
6146,0,0,1,1,42,1,2,1,0,0,0,0,2,2,0,1,2,94.2,4186.3,1,1,3956.4
414,1,1,1,0,1,0,1,0,0,0,0,0,0,0,0,0,2,25.05,25.05,1,2,25.05
387,0,0,1,1,46,1,2,1,2,0,2,2,0,2,2,0,3,99.65,4630.2,0,1,4583.900000000001
3623,0,0,1,1,63,1,0,0,2,0,0,0,0,0,2,1,0,50.65,3221.25,0,0,3190.95
934,1,0,0,0,11,1,0,0,0,2,2,2,0,0,0,1,2,60.9,688.5,0,3,669.9
1217,1,0,1,1,15,1,2,0,0,0,2,2,0,0,0,1,0,59.65,867.1,0,3,894.75
4371,1,0,1,0,72,0,1,0,2,2,2,2,2,2,2,1,2,64.7,4746.05,0,1,4658.400000000001
4989,0,0,0,0,29,0,1,0,0,0,0,0,0,0,0,1,1,25.1,712.85,1,2,727.9000000000001
4881,1,0,0,1,1,1,0,0,0,0,2,0,0,0,0,0,2,48.95,48.95,1,2,48.95
6566,0,0,1,1,6,1,0,0,0,0,0,0,2,0,0,0,2,54.85,355.1,0,2,329.1
1319,1,0,0,0,1,1,0,0,0,0,0,0,0,0,0,0,2,45.3,45.3,1,2,45.3
2931,1,0,1,1,63,1,2,1,0,2,0,0,0,2,1,1,2,91.35,5764.7,0,1,5755.049999999999
127,1,0,0,0,2,1,0,1,0,0,2,0,0,2,0,1,2,85.85,167.3,1,3,171.7
747,0,0,1,1,18,1,2,2,1,1,1,1,1,1,2,0,3,25.1,428.45,0,2,451.8
5136,0,0,1,0,43,0,1,0,2,0,0,2,0,0,0,0,0,34.0,1505.35,0,0,1462.0
1957,0,0,0,0,15,0,1,0,2,2,2,2,0,0,1,0,3,45.9,693.45,0,2,688.5
1897,1,0,0,1,10,1,2,1,0,0,0,0,2,2,0,0,2,95.2,930.4,1,3,952.0
1651,1,0,1,1,55,1,0,2,1,1,1,1,1,1,2,0,3,20.5,1177.95,0,0,1127.5
2230,1,0,0,1,49,1,2,1,0,0,0,2,2,2,1,1,0,100.6,5069.65,1,1,4929.4
5345,1,0,1,1,6,1,0,0,0,2,2,0,0,0,0,1,3,55.3,324.25,1,2,331.79999999999995
3499,1,0,1,1,70,1,0,2,1,1,1,1,1,1,2,0,1,20.35,1458.1,0,0,1424.5
5140,1,1,0,0,2,1,2,1,0,0,0,0,0,0,0,1,3,74.85,156.4,1,3,149.7
137,1,1,1,0,63,0,1,0,2,0,0,2,0,0,1,0,0,36.1,2298.9,0,0,2274.3
3475,0,0,0,0,25,1,0,0,0,2,0,2,0,2,0,1,0,65.8,1679.65,0,3,1645.0
1196,0,1,0,0,18,1,0,2,1,1,1,1,1,1,1,0,0,20.35,369.6,0,2,366.3
761,1,1,1,0,28,1,2,1,0,2,0,2,2,2,0,1,2,105.8,2998.0,0,3,2962.4
3683,0,1,0,0,53,1,0,1,2,2,0,2,0,2,1,1,3,96.75,5206.55,0,1,5127.75
355,1,0,0,0,35,1,0,1,0,2,2,0,2,2,1,1,0,102.35,3626.1,1,1,3582.25
2402,1,0,0,0,1,0,1,0,0,0,0,0,0,0,0,0,3,24.4,24.4,0,2,24.4
994,1,0,1,0,70,1,2,1,2,2,2,2,2,2,1,0,1,115.65,7968.85,1,1,8095.5
4056,1,0,0,0,2,1,0,1,0,0,2,2,0,0,0,1,2,79.85,152.45,1,3,159.7
4214,0,0,1,0,26,1,0,0,0,2,0,2,2,2,0,1,2,73.05,1959.5,0,3,1899.3
3696,0,0,0,0,34,1,0,0,2,2,0,0,0,2,1,0,2,64.35,2053.05,0,3,2187.8999999999996
1119,0,0,0,1,19,1,0,2,1,1,1,1,1,1,2,0,3,20.5,398.55,0,2,389.5
2315,1,0,0,0,15,1,2,1,0,0,0,0,0,0,0,1,3,76.0,1130.85,1,3,1140.0
5717,0,0,1,1,62,1,0,0,2,0,2,0,0,0,1,0,1,54.75,3425.35,0,0,3394.5
4731,0,1,0,0,42,1,2,1,0,2,2,0,2,2,0,1,0,104.75,4323.45,1,1,4399.5
1044,0,0,0,0,9,1,0,0,2,2,0,0,2,2,0,1,2,74.65,703.55,1,3,671.85
6928,1,0,0,0,24,1,0,0,2,0,0,0,0,0,0,1,2,51.15,1275.7,0,2,1227.6
2747,1,1,1,0,68,0,1,0,2,2,2,0,0,0,2,1,2,41.95,2965.75,0,0,2852.6000000000004
3531,1,0,1,1,31,1,0,0,0,0,2,2,0,0,0,0,3,54.35,1647.0,0,3,1684.8500000000001
4180,0,0,0,0,1,1,0,0,0,0,0,0,0,2,0,1,2,56.25,56.25,1,2,56.25
901,1,0,1,0,21,1,2,1,0,0,2,2,2,2,0,1,2,106.1,2249.95,1,3,2228.1
4783,0,0,1,0,63,1,0,1,0,2,0,0,2,2,1,1,2,96.0,6109.75,0,1,6048.0
6559,0,1,0,0,2,1,0,1,0,0,0,0,0,2,0,1,0,79.75,159.4,1,3,159.5
3450,0,0,1,1,61,0,1,0,0,2,2,2,2,2,2,1,0,61.45,3751.15,0,0,3748.4500000000003
1972,0,0,0,0,1,1,0,1,0,0,0,0,0,0,0,0,2,68.65,68.65,1,3,68.65
6334,1,0,0,0,18,1,0,2,1,1,1,1,1,1,1,0,3,19.65,411.25,0,2,353.7
449,0,0,1,1,6,1,0,2,1,1,1,1,1,1,1,0,1,19.0,105.5,0,2,114.0
6147,0,0,0,0,33,1,2,1,0,2,0,0,2,2,0,1,2,100.0,3320.6,0,3,3300.0
3131,1,0,0,0,16,1,0,2,1,1,1,1,1,1,0,0,0,20.25,327.45,1,2,324.0
982,0,0,1,0,56,1,0,1,0,0,2,2,2,2,0,1,2,98.7,5669.5,0,1,5527.2
6906,1,0,0,1,23,1,0,2,1,1,1,1,1,1,1,0,3,19.8,465.45,0,2,455.40000000000003
4493,1,0,0,0,9,1,0,1,0,0,2,0,0,0,0,1,2,73.8,704.3,0,3,664.1999999999999
2529,0,1,1,0,14,1,2,1,0,2,0,0,2,2,0,1,2,100.2,1369.8,1,3,1402.8
4905,1,0,1,1,15,1,2,1,0,0,0,0,0,0,0,1,0,74.9,1107.25,1,3,1123.5
1462,1,0,0,0,5,1,0,2,1,1,1,1,1,1,0,0,1,20.05,95.55,0,2,100.25
1060,1,0,1,0,61,1,2,1,2,2,0,0,2,2,0,1,2,106.2,6375.2,0,1,6478.2
2670,1,0,1,1,70,1,2,1,2,2,2,2,2,2,2,1,1,116.55,8152.3,0,1,8158.5
4409,1,0,0,0,15,1,2,1,2,0,0,0,2,2,0,1,2,99.7,1566.75,0,3,1495.5
4002,1,0,1,1,8,1,0,2,1,1,1,1,1,1,2,0,3,19.7,130.25,0,2,157.6
1518,0,0,1,1,8,1,0,2,1,1,1,1,1,1,2,0,3,19.5,162.15,0,2,156.0
6783,0,0,0,0,4,0,1,0,2,0,0,0,0,0,0,1,3,29.15,110.05,0,2,116.6
1480,0,0,0,0,34,1,0,0,2,2,0,0,0,0,1,0,3,55.0,1885.15,0,0,1870.0
4440,1,0,1,0,68,1,2,0,2,2,2,2,2,2,2,1,1,90.8,6302.85,0,1,6174.4
749,0,0,1,1,45,0,1,0,0,2,2,2,0,2,1,0,0,51.0,2264.5,0,0,2295.0
4951,0,1,0,0,9,1,2,1,0,0,2,0,2,0,0,1,2,90.1,816.8,0,3,810.9
2069,0,0,0,0,22,1,2,0,2,0,0,2,0,0,0,1,3,59.05,1253.5,0,3,1299.1
1607,0,0,0,0,2,1,0,2,1,1,1,1,1,1,0,0,3,20.3,41.2,0,2,40.6
4936,1,0,1,0,70,1,2,0,0,2,2,2,2,0,2,0,0,72.95,5265.55,0,1,5106.5
2740,0,0,0,1,10,1,2,0,2,0,2,2,0,2,1,0,1,73.55,693.3,0,3,735.5
2767,1,0,0,0,72,1,2,0,2,0,2,2,2,2,2,0,1,84.3,5997.1,0,1,6069.599999999999
5470,0,0,1,1,49,1,0,0,0,2,2,0,2,2,1,0,1,78.0,3824.2,0,1,3822.0
1683,0,1,0,0,54,1,2,0,0,2,0,2,2,0,1,0,3,72.1,3886.05,0,1,3893.3999999999996
6730,0,0,0,0,71,1,2,1,2,2,2,0,2,2,2,1,1,106.75,7283.25,0,1,7579.25
6772,0,0,0,0,22,1,0,2,1,1,1,1,1,1,1,1,3,19.25,412.55,0,2,423.5
4494,0,0,1,1,50,1,0,2,1,1,1,1,1,1,2,0,1,20.55,1070.25,0,0,1027.5
3498,0,0,1,1,43,1,0,2,1,1,1,1,1,1,1,0,3,20.0,817.95,0,0,860.0
4834,0,0,1,1,45,1,2,2,1,1,1,1,1,1,2,1,1,24.65,1171.3,0,0,1109.25
5267,1,1,0,0,64,1,2,1,2,2,0,0,2,2,0,1,0,103.5,6548.65,0,1,6624.0
2364,0,0,1,1,23,1,2,2,1,1,1,1,1,1,2,0,3,23.85,625.65,0,2,548.5500000000001
2178,0,0,1,0,68,1,2,2,1,1,1,1,1,1,2,0,1,25.8,1911.5,0,0,1754.4
699,0,0,0,0,1,1,0,1,0,0,0,0,0,0,0,1,2,70.85,70.85,1,3,70.85
4124,1,0,0,0,2,1,0,1,0,0,0,0,0,0,0,1,1,69.8,134.7,1,3,139.6
2243,1,0,0,0,26,1,0,0,0,0,0,2,2,0,1,0,1,59.45,1507.0,0,3,1545.7
3292,1,0,1,0,55,0,1,0,0,0,2,2,2,2,0,1,0,54.55,2978.3,1,0,3000.25
5909,1,0,0,0,14,1,0,2,1,1,1,1,1,1,0,1,2,20.05,299.3,0,2,280.7
4049,1,0,1,0,71,1,0,0,2,0,2,2,2,2,2,1,2,82.55,5832.65,0,1,5861.05
50,1,0,0,0,64,1,2,0,2,2,2,2,2,0,1,0,2,81.25,5567.55,0,1,5200.0
6496,0,0,0,0,7,1,0,0,0,0,0,2,2,2,0,1,1,70.75,450.8,1,3,495.25
4374,0,0,0,0,57,1,0,0,2,2,2,2,2,0,2,1,1,74.3,4166.35,0,1,4235.099999999999
21,0,0,1,0,13,1,2,1,0,2,2,0,2,0,0,0,2,94.1,1215.6,1,3,1223.3
3205,0,0,1,1,3,0,1,0,2,0,0,0,0,0,0,0,1,29.7,91.7,1,2,89.1
3463,1,1,1,0,72,1,2,1,0,2,2,2,2,2,2,0,1,109.7,7898.45,0,1,7898.400000000001
3257,0,0,1,1,40,1,2,1,0,2,2,0,2,0,0,1,1,96.35,3915.4,0,1,3854.0
1547,1,0,1,0,14,1,2,0,0,0,0,2,2,0,0,1,1,66.6,979.5,0,3,932.3999999999999
5490,1,0,1,1,2,1,0,0,0,0,0,0,0,0,0,1,2,44.5,90.05,0,2,89.0
5418,1,1,0,0,66,1,2,1,0,2,2,2,2,2,1,0,1,110.9,7432.05,1,1,7319.400000000001
4623,0,0,1,0,38,1,2,1,0,0,2,2,2,2,0,1,2,105.0,4026.4,1,1,3990.0
5146,1,0,0,1,1,0,1,0,0,0,0,0,0,0,0,1,2,25.3,25.3,1,2,25.3
3193,1,0,0,0,22,1,0,0,0,2,0,2,0,0,1,1,1,55.15,1193.05,1,3,1213.3
680,1,0,0,0,1,1,0,2,1,1,1,1,1,1,0,1,3,20.1,20.1,1,2,20.1
6826,1,0,0,0,5,1,0,1,0,0,0,0,2,0,0,1,3,80.1,398.55,0,3,400.5
6134,1,0,1,1,29,1,2,0,2,0,0,2,2,0,1,0,0,69.05,1958.45,0,3,2002.4499999999998
720,1,0,1,1,1,1,0,1,0,0,0,0,0,0,0,1,3,69.9,69.9,1,3,69.9
6878,0,0,0,0,3,1,0,2,1,1,1,1,1,1,0,0,3,20.4,63.15,0,2,61.199999999999996
2868,1,0,1,1,71,1,0,2,1,1,1,1,1,1,2,0,1,19.7,1301.1,0,0,1398.7
5925,1,0,0,1,9,1,0,0,0,2,0,0,0,0,0,1,2,50.1,484.05,0,2,450.90000000000003
6760,1,0,0,0,43,1,2,1,0,2,0,0,2,2,0,1,2,101.4,4528.0,1,1,4360.2
6242,0,0,0,0,48,1,2,0,2,2,2,0,2,2,1,1,1,83.45,3887.85,0,1,4005.6000000000004
5962,1,0,0,0,26,1,2,1,2,2,0,0,0,0,0,1,1,86.65,2208.75,0,3,2252.9
1916,0,0,0,0,9,1,0,2,1,1,1,1,1,1,0,0,0,20.15,238.15,0,2,181.35
4576,1,0,0,0,1,1,0,1,0,0,0,0,0,2,0,1,2,80.8,80.8,1,3,80.8
4806,0,0,1,1,46,1,0,2,1,1,1,1,1,1,2,0,1,19.4,958.15,0,0,892.4
3262,1,0,0,0,2,1,2,0,0,0,0,0,0,2,0,0,0,62.05,118.3,1,3,124.1
6516,1,1,0,0,1,1,2,1,0,0,0,0,0,0,0,1,2,76.45,76.45,1,3,76.45
6968,1,0,1,1,64,0,1,0,2,0,2,2,2,2,2,1,0,60.05,3845.45,0,0,3843.2
2371,0,1,0,0,12,1,2,1,0,2,0,0,2,0,0,1,2,91.3,1094.5,1,3,1095.6
2322,1,1,1,0,6,1,0,1,0,0,2,0,2,2,0,1,2,95.75,573.75,1,3,574.5
728,0,0,1,0,59,1,0,2,1,1,1,1,1,1,1,0,3,20.35,1267.0,0,0,1200.65
7035,0,0,0,0,7,1,0,1,0,2,0,0,2,2,1,1,3,94.05,633.45,0,3,658.35
4566,0,1,1,0,72,1,2,0,2,2,2,0,2,2,2,1,1,84.1,6129.65,0,1,6055.2
843,1,1,0,0,16,1,0,1,0,0,0,0,0,2,0,1,2,78.75,1218.25,0,3,1260.0
1430,1,0,1,0,25,1,2,0,0,0,2,0,0,0,0,0,1,55.55,1405.3,0,3,1388.75
6527,0,0,1,0,34,1,2,0,2,2,0,2,0,0,0,0,2,62.65,2274.9,1,3,2130.1
3080,0,0,0,0,1,1,2,1,0,0,0,0,0,0,0,1,2,74.5,74.5,1,3,74.5
1014,0,0,1,1,10,1,2,1,0,2,2,0,2,2,0,1,1,102.1,1068.85,1,3,1021.0
3892,1,0,1,0,24,1,0,2,1,1,1,1,1,1,1,0,3,20.1,533.9,0,2,482.40000000000003
2423,0,0,1,1,10,1,2,0,2,2,0,0,2,0,1,0,2,70.3,676.15,0,3,703.0
772,1,0,1,0,69,1,0,0,2,2,0,0,0,0,1,1,1,53.65,3804.4,0,0,3701.85
3520,1,0,0,0,57,1,0,2,1,1,1,1,1,1,2,0,3,20.75,1118.8,0,0,1182.75
3384,1,0,1,1,50,1,0,1,0,2,2,2,2,2,1,1,0,103.4,5236.4,0,1,5170.0
2314,1,0,1,1,28,0,1,0,2,0,2,2,2,0,1,0,3,50.8,1386.8,0,2,1422.3999999999999
1935,0,0,0,0,16,1,0,0,2,0,0,0,0,0,0,1,2,50.15,762.25,1,2,802.4
3332,1,0,0,0,25,1,0,0,2,2,0,2,2,2,0,1,3,79.0,1902.0,0,3,1975.0
2383,0,1,1,0,3,1,0,1,0,2,0,0,0,0,0,1,0,74.6,239.05,0,3,223.79999999999998
613,1,0,1,0,61,1,2,1,0,0,0,0,2,2,1,1,0,96.5,5673.7,0,1,5886.5
5680,0,0,0,0,2,1,0,2,1,1,1,1,1,1,0,0,3,20.1,39.8,0,2,40.2
5868,1,0,1,1,51,1,0,2,1,1,1,1,1,1,1,0,3,19.4,997.75,0,0,989.4
6158,0,0,1,1,71,1,0,0,2,0,2,0,2,2,2,0,1,77.55,5574.35,0,1,5506.05
1465,0,0,1,1,20,1,0,2,1,1,1,1,1,1,0,0,3,20.05,406.05,0,2,401.0
2829,1,0,1,1,6,1,0,2,1,1,1,1,1,1,0,0,1,19.85,138.85,0,2,119.10000000000001
4140,0,0,0,0,6,1,0,2,1,1,1,1,1,1,0,0,3,20.2,123.65,0,2,121.19999999999999
1375,0,0,0,0,29,1,2,0,2,2,0,2,0,0,0,0,3,67.45,1801.1,0,3,1956.0500000000002
562,1,0,0,0,36,1,0,2,1,1,1,1,1,1,2,1,1,18.55,689.0,0,0,667.8000000000001
6221,0,0,0,0,28,0,1,0,0,0,2,0,0,0,0,1,3,29.75,790.7,0,2,833.0
1293,0,0,1,0,7,1,2,1,0,0,0,0,2,0,0,1,2,86.5,582.5,1,3,605.5
1161,0,0,0,0,63,1,2,2,1,1,1,1,1,1,2,0,3,24.2,1618.2,0,0,1524.6
3351,1,0,1,1,48,1,2,2,1,1,1,1,1,1,2,0,3,23.55,1173.35,0,0,1130.4
31,0,0,1,0,49,1,0,2,1,1,1,1,1,1,1,0,0,20.45,900.9,0,0,1002.05
555,1,1,0,0,27,1,2,1,0,2,0,0,0,0,0,1,2,81.45,2122.05,1,3,2199.15
2787,1,0,1,0,72,1,2,0,2,2,2,2,2,2,2,0,1,92.3,6719.9,0,1,6645.599999999999
995,1,0,1,0,1,1,0,1,0,0,0,0,0,0,0,1,2,69.15,69.15,1,3,69.15
2591,0,0,1,1,72,0,1,0,0,2,0,2,2,2,2,0,1,53.65,3784.0,0,0,3862.7999999999997
4833,0,0,0,0,47,0,1,0,2,2,0,2,0,0,1,0,1,39.65,1798.65,0,0,1863.55
460,0,0,0,0,1,1,0,0,0,0,0,0,2,0,0,1,2,54.65,54.65,0,2,54.65
3122,0,0,0,0,36,1,2,1,0,2,2,0,2,2,1,1,0,104.8,3886.45,0,1,3772.7999999999997
961,1,0,1,1,43,0,1,0,0,2,0,0,0,0,0,0,1,29.3,1224.05,0,0,1259.9
558,0,1,1,0,27,1,2,0,0,2,2,2,2,2,0,0,2,83.85,2310.2,0,3,2263.95
597,0,0,0,0,9,1,0,1,0,0,0,0,0,2,0,1,2,79.55,723.4,1,3,715.9499999999999
1954,0,0,0,0,38,1,2,1,0,0,2,2,2,2,0,1,2,103.65,3988.5,0,1,3938.7000000000003
2511,0,1,0,0,35,1,2,1,2,0,0,0,2,2,0,1,2,99.05,3554.6,0,1,3466.75
2855,0,0,1,1,0,1,2,0,0,2,2,2,2,0,2,0,3,73.35,1397.475,0,3,0.0
3591,0,0,1,0,59,1,0,1,0,2,0,2,2,2,2,1,3,100.05,6034.85,0,1,5902.95
1609,1,0,0,0,27,1,0,2,1,1,1,1,1,1,2,0,1,20.35,531.6,0,2,549.45
2675,0,1,0,0,2,1,0,0,0,0,0,0,0,0,0,0,2,43.95,85.1,0,2,87.9
4439,1,0,0,0,7,1,2,2,1,1,1,1,1,1,0,0,3,23.5,173.0,0,2,164.5
2932,0,0,0,0,36,1,2,0,0,2,0,2,0,2,1,1,3,70.7,2511.95,0,3,2545.2000000000003
3743,0,0,1,1,41,1,2,1,2,2,0,0,2,0,0,1,0,94.3,3893.6,0,1,3866.2999999999997
992,0,0,0,0,13,0,1,0,0,2,0,0,0,0,0,0,2,29.15,357.15,0,2,378.95
2797,1,0,0,1,19,1,0,2,1,1,1,1,1,1,2,0,1,20.85,467.5,0,2,396.15000000000003
3488,0,0,1,0,60,0,1,0,2,2,0,2,0,0,2,0,0,37.7,2288.7,0,0,2262.0
6623,0,0,0,1,48,1,0,1,0,2,2,2,2,0,2,1,3,95.5,4627.85,1,1,4584.0
956,1,1,0,0,3,1,2,1,0,0,2,0,2,0,0,0,2,91.05,289.1,1,3,273.15
6756,1,0,1,0,69,1,2,1,0,2,0,2,2,0,2,1,3,92.45,6460.55,0,1,6379.05
6604,1,0,0,0,43,0,1,0,0,0,2,2,0,2,1,0,2,44.15,1931.3,0,0,1898.45
189,0,0,0,1,11,0,1,0,2,0,0,2,0,0,1,1,3,36.05,402.6,0,2,396.54999999999995
5395,0,0,1,0,45,1,0,0,0,0,2,0,0,0,0,1,1,50.25,2221.55,0,0,2261.25
3266,1,0,1,0,72,1,2,1,0,2,2,2,2,2,2,1,1,109.75,7758.9,0,1,7902.0
3947,0,1,1,0,2,1,2,1,0,0,2,0,0,0,0,0,2,79.2,172.85,1,3,158.4
38,0,0,1,1,12,1,0,2,1,1,1,1,1,1,2,0,0,20.3,224.5,0,2,243.60000000000002
6040,0,0,1,1,67,1,2,1,0,2,2,2,2,2,1,1,1,112.35,7388.45,0,1,7527.45
3653,1,0,1,0,37,1,2,1,0,0,2,2,2,0,2,0,3,94.3,3460.95,0,1,3489.1
5893,0,0,0,0,39,0,1,0,2,2,0,2,0,0,1,0,0,41.15,1700.9,0,0,1604.85
6061,0,0,0,0,41,1,2,0,2,0,2,2,0,2,0,1,0,74.65,3090.65,0,3,3060.65
5607,0,0,0,0,25,0,1,0,0,0,2,0,2,2,0,1,2,48.25,1293.8,0,2,1206.25
3156,1,0,1,1,8,1,2,0,2,2,0,2,0,2,2,1,1,76.15,645.8,0,3,609.2
4435,0,0,1,1,71,1,2,0,2,2,2,2,0,0,2,0,3,71.1,5224.95,0,1,5048.099999999999
3185,1,0,0,0,5,1,2,1,0,2,2,0,0,2,0,0,2,96.55,500.1,0,3,482.75
5743,0,0,0,0,30,1,2,0,2,0,2,0,2,2,1,1,1,79.3,2427.1,0,3,2379.0
4906,1,0,0,0,40,1,0,1,0,2,0,2,0,2,1,1,1,89.6,3488.15,0,1,3584.0
2561,0,0,0,0,54,1,0,2,1,1,1,1,1,1,2,1,3,20.5,1035.7,0,0,1107.0
5765,1,0,1,0,72,1,2,1,0,2,2,0,2,2,2,1,0,106.3,7565.35,0,1,7653.599999999999
348,1,0,1,1,28,1,0,1,0,2,2,0,2,2,1,0,0,100.35,2799.0,0,3,2809.7999999999997
1363,1,0,1,1,18,1,0,1,0,0,0,2,0,2,0,1,2,85.6,1601.5,0,3,1540.8
1885,0,0,0,0,2,0,1,0,0,0,0,0,2,2,0,1,2,45.25,85.5,1,2,90.5
6984,0,0,1,1,59,1,2,1,0,2,2,0,2,2,1,1,2,106.15,6256.2,0,1,6262.85
2625,1,0,1,1,22,1,0,0,0,0,0,2,0,0,0,1,2,51.1,1232.9,0,2,1124.2
5597,0,0,0,0,1,1,0,2,1,1,1,1,1,1,0,0,3,19.9,19.9,0,2,19.9
1681,0,1,1,0,72,1,2,2,1,1,1,1,1,1,2,1,1,25.7,1937.4,0,0,1850.3999999999999
1559,0,1,0,0,14,1,2,1,0,0,0,0,0,0,0,1,2,74.3,1096.25,1,3,1040.2
5050,1,0,1,0,50,1,2,1,0,0,0,2,2,2,1,0,2,99.4,5059.75,0,1,4970.0
3035,0,0,1,1,48,1,0,0,2,0,2,2,2,0,1,0,0,69.7,3023.65,0,0,3345.6000000000004
2477,0,0,1,1,49,1,2,1,0,2,0,0,2,2,0,1,2,98.35,4889.2,0,1,4819.15
1212,1,0,1,1,28,1,0,1,0,0,2,0,2,0,0,0,2,85.45,2289.9,0,3,2392.6
3519,1,1,0,0,68,1,2,1,0,2,2,0,0,2,0,1,2,95.9,6503.2,0,1,6521.200000000001
5198,1,0,0,0,13,1,2,1,0,0,0,2,2,2,0,0,2,100.75,1313.25,0,3,1309.75
806,0,0,0,0,11,1,2,1,0,0,2,0,2,0,0,1,2,89.2,990.3,0,3,981.2
6946,0,0,1,0,3,1,2,1,0,0,0,0,0,0,0,1,1,74.1,228.0,1,3,222.29999999999998
2652,1,1,1,0,57,1,2,1,0,0,2,0,2,2,0,0,2,100.6,5746.15,1,1,5734.2
6126,1,0,0,0,3,1,2,1,0,0,0,0,0,0,0,0,3,75.0,209.1,1,3,225.0
1721,1,0,1,0,72,1,2,2,1,1,1,1,1,1,2,0,1,25.75,1864.2,0,0,1854.0
6711,1,0,1,1,70,1,2,0,0,2,2,2,2,2,2,1,2,84.1,5979.7,0,1,5887.0
4898,0,0,1,1,49,1,2,0,0,2,0,2,2,2,2,0,0,79.3,3902.45,0,1,3885.7
3897,0,1,1,0,67,1,2,1,2,0,2,0,2,2,1,1,1,107.05,7142.5,0,1,7172.349999999999
1397,1,0,0,0,46,1,0,2,1,1,1,1,1,1,2,0,0,20.05,902.0,0,0,922.3000000000001
5229,0,1,0,0,64,1,0,0,2,2,0,2,2,0,2,1,1,70.2,4481.0,1,1,4492.8
1394,0,0,1,0,37,1,0,2,1,1,1,1,1,1,0,0,0,19.5,805.2,0,0,721.5
469,0,1,0,0,2,1,0,1,0,0,0,0,0,0,0,0,2,70.75,154.85,1,3,141.5
515,0,1,1,0,13,0,1,0,0,0,0,0,2,2,0,0,2,45.3,528.45,0,2,588.9
1639,0,0,1,0,72,1,2,1,2,2,2,2,2,2,2,0,2,115.15,8349.7,0,1,8290.800000000001
1546,1,0,1,1,68,1,0,0,0,0,2,2,2,2,2,1,0,72.95,4953.25,0,1,4960.6
881,1,0,1,1,15,1,0,2,1,1,1,1,1,1,1,0,3,19.65,332.65,0,2,294.75
96,0,0,0,0,24,1,0,2,1,1,1,1,1,1,2,1,0,19.55,470.2,0,2,469.20000000000005
4018,0,0,0,0,24,1,2,1,0,0,0,2,0,2,0,1,2,89.55,2259.35,0,3,2149.2
2820,1,0,0,0,27,1,0,0,2,0,0,0,0,0,0,0,3,50.35,1411.35,0,2,1359.45
5812,1,0,0,0,12,1,0,0,0,0,0,2,0,0,0,0,0,50.25,593.75,1,2,603.0
4514,0,0,1,1,71,1,0,0,2,2,2,2,2,2,2,0,1,87.25,6328.7,0,1,6194.75
5350,1,0,1,1,67,1,0,2,1,1,1,1,1,1,2,1,3,20.8,1411.9,0,0,1393.6000000000001
6669,0,0,1,0,63,1,2,1,0,2,2,2,2,2,2,1,0,109.25,6841.4,0,1,6882.75
2513,1,0,0,0,1,1,0,2,1,1,1,1,1,1,0,0,3,20.35,20.35,0,2,20.35
4973,1,0,0,0,4,1,0,0,0,0,0,0,0,2,0,1,2,55.9,238.5,0,2,223.6
5644,0,1,0,0,40,1,0,1,2,2,0,0,0,0,0,1,1,79.2,3233.85,1,3,3168.0
1474,0,0,0,0,12,1,0,1,0,0,2,0,2,2,0,1,2,96.0,1062.1,1,3,1152.0
1317,1,0,1,1,52,1,0,0,2,2,2,0,2,2,2,0,2,79.2,4016.3,0,1,4118.400000000001
1889,1,0,0,0,10,1,2,2,1,1,1,1,1,1,0,1,2,24.0,226.55,0,2,240.0
4608,1,0,0,0,68,1,2,1,2,2,2,0,2,0,1,0,0,101.35,7110.75,0,1,6891.799999999999
3917,0,0,0,0,54,1,2,1,0,0,0,2,2,2,0,1,2,100.1,5440.9,1,1,5405.4
6339,0,0,1,1,4,1,0,0,0,2,0,2,0,0,0,0,3,56.5,235.1,1,2,226.0
3730,0,0,1,0,52,0,1,0,2,0,2,0,0,0,1,0,3,35.45,1958.95,0,0,1843.4
4419,0,1,0,0,1,1,0,1,0,0,2,0,0,2,0,1,2,85.0,85.0,1,3,85.0
6004,1,0,1,0,70,1,2,0,2,2,2,2,2,0,1,0,0,79.4,5528.9,0,1,5558.0
1453,1,0,0,0,43,0,1,0,2,0,2,0,0,0,1,1,1,35.2,1463.7,0,0,1513.6000000000001
857,1,0,0,0,52,1,0,2,1,1,1,1,1,1,2,0,3,19.65,1025.05,0,0,1021.8
6996,0,0,0,0,12,0,1,0,2,0,2,2,0,2,2,0,3,49.85,552.1,0,2,598.2
2885,0,0,1,1,56,1,2,0,2,2,0,0,0,2,1,0,0,68.75,3815.4,0,1,3850.0
1906,1,0,0,1,0,1,2,0,2,2,0,2,0,0,2,1,0,61.9,1397.475,0,3,0.0
6362,1,0,0,0,42,1,2,1,0,0,2,0,0,0,0,0,2,79.9,3313.4,0,1,3355.8
1190,1,1,1,0,22,1,0,1,0,0,0,0,2,2,0,1,0,89.75,1938.9,0,3,1974.5
3755,1,0,1,1,51,0,1,0,2,2,2,0,2,2,1,0,2,59.3,3014.65,1,0,3024.2999999999997
5643,1,0,0,0,27,1,0,2,1,1,1,1,1,1,0,1,1,19.4,460.25,0,2,523.8
1092,1,1,1,0,51,1,2,1,2,0,2,0,0,2,1,1,0,93.65,4839.15,0,1,4776.150000000001
3758,1,0,0,1,4,1,0,0,2,0,0,0,0,0,0,1,2,49.4,184.4,1,2,197.6
1627,1,0,0,0,1,1,0,2,1,1,1,1,1,1,0,1,3,19.9,19.9,0,2,19.9
6953,1,0,0,0,35,1,0,0,0,0,0,0,2,0,0,0,3,55.0,2010.55,1,0,1925.0
5291,1,1,1,1,71,1,2,0,0,2,2,2,0,2,1,1,0,72.9,5139.65,0,1,5175.900000000001
5440,0,0,0,0,1,1,0,1,0,0,0,0,0,0,0,1,2,69.2,69.2,1,3,69.2
3602,0,0,1,1,69,1,2,2,1,1,1,1,1,1,2,1,0,25.6,1673.4,0,0,1766.4
6942,1,0,1,1,14,1,0,2,1,1,1,1,1,1,1,0,3,19.75,309.35,0,2,276.5
5453,1,0,1,0,57,1,0,0,2,0,0,2,0,0,0,0,2,55.7,3171.6,0,0,3174.9
6855,0,0,1,1,72,1,2,1,2,2,2,2,2,2,2,0,1,117.5,8670.1,0,1,8460.0
6985,1,0,0,0,48,1,0,2,1,1,1,1,1,1,2,0,1,19.85,916.0,0,0,952.8000000000001
2708,0,0,1,1,4,1,0,1,0,0,0,0,2,0,0,1,3,78.9,299.75,0,3,315.6
1030,1,0,1,1,31,1,0,2,1,1,1,1,1,1,0,1,2,20.65,702.05,0,2,640.15
5630,1,0,0,0,38,1,0,0,0,0,2,2,0,2,1,1,3,62.3,2354.8,1,0,2367.4
2805,1,1,1,0,37,1,2,1,0,0,0,0,2,2,0,1,2,92.5,3473.4,1,1,3422.5
664,0,0,0,0,1,1,0,2,1,1,1,1,1,1,0,0,3,19.65,19.65,0,2,19.65
2283,1,1,0,0,57,1,2,0,0,2,2,0,2,2,2,1,0,79.75,4438.2,0,1,4545.75
4336,0,1,1,0,62,1,0,0,2,0,2,2,2,2,2,1,1,79.95,4819.75,0,1,4956.900000000001
6741,1,0,1,0,3,0,1,0,0,0,0,2,0,0,0,1,2,29.9,92.25,0,2,89.69999999999999
4167,0,0,0,1,72,1,0,2,1,1,1,1,1,1,2,1,3,19.75,1567.0,0,0,1422.0
44,1,0,0,1,29,0,1,0,2,2,2,2,0,0,0,1,3,45.0,1242.45,0,2,1305.0
2543,1,0,1,1,13,1,0,0,0,0,0,0,0,0,0,0,0,44.8,559.2,0,2,582.4
3473,1,0,0,1,3,1,0,1,0,0,0,0,0,0,0,0,2,69.65,220.1,1,3,208.95000000000002
1096,0,0,0,0,11,1,0,0,0,2,0,0,0,0,0,0,2,51.1,531.15,0,2,562.1
6958,0,0,0,1,21,0,1,0,2,2,2,2,2,0,2,0,3,53.15,1183.2,0,2,1116.1499999999999
6721,0,0,0,0,19,1,2,2,1,1,1,1,1,1,0,0,0,24.7,465.85,0,2,469.3
2155,1,0,0,0,61,1,2,1,2,0,2,2,2,2,2,1,1,111.6,6876.05,1,1,6807.599999999999
6917,0,0,0,0,11,1,0,0,2,0,0,0,0,0,0,0,1,48.55,501.0,1,2,534.05
2219,1,0,1,1,35,1,2,1,0,2,2,2,2,2,0,1,2,109.95,3782.4,0,1,3848.25
1194,1,0,0,1,25,1,0,2,1,1,1,1,1,1,0,0,3,20.8,460.2,0,2,520.0
5565,0,0,0,0,1,1,0,2,1,1,1,1,1,1,0,1,3,20.2,20.2,1,2,20.2
5985,0,0,0,0,67,1,2,2,1,1,1,1,1,1,2,1,0,25.6,1790.35,0,0,1715.2
3698,1,0,0,0,19,0,1,0,0,0,2,0,2,0,0,1,2,39.65,733.35,1,2,753.35
3206,1,0,0,0,56,1,2,2,1,1,1,1,1,1,1,0,2,24.9,1334.0,1,0,1394.3999999999999
905,1,0,1,1,72,1,2,1,2,2,2,0,2,2,2,1,1,108.4,7767.25,0,1,7804.8
711,1,0,0,0,43,1,0,2,1,1,1,1,1,1,2,0,3,19.55,876.15,0,0,840.65
2475,0,0,1,1,55,1,2,1,2,2,0,0,0,0,0,1,2,85.1,4600.95,0,1,4680.5
5990,1,0,1,1,2,1,2,0,2,0,0,0,0,0,0,0,3,56.7,113.55,1,2,113.4
6159,1,0,0,0,27,1,0,1,0,0,0,0,0,0,0,1,3,69.05,1793.25,0,3,1864.35
5354,0,0,0,0,13,1,0,1,0,0,0,0,0,0,0,1,3,70.15,886.7,0,3,911.95
5737,0,0,0,0,70,1,2,1,2,2,2,0,2,2,2,1,3,111.15,7737.55,0,1,7780.5
765,0,0,1,0,14,1,0,1,2,2,0,2,2,2,1,0,3,105.95,1348.9,1,3,1483.3
4734,0,0,1,1,19,1,2,1,0,0,0,2,0,2,1,1,0,89.35,1686.85,0,3,1697.6499999999999
3990,0,0,0,0,20,1,2,1,2,0,0,0,2,0,0,1,0,89.1,1879.25,0,3,1782.0
4029,1,0,1,1,43,1,2,1,2,0,2,2,0,0,1,1,1,91.25,4013.8,0,1,3923.75
5838,1,0,1,1,5,1,0,1,2,0,2,0,0,2,0,1,3,90.35,434.5,0,3,451.75
3022,0,1,1,0,70,1,2,1,0,2,0,2,2,2,1,1,0,105.55,7195.35,0,1,7388.5
3483,0,0,1,0,40,1,0,2,1,1,1,1,1,1,2,0,3,19.1,780.1,0,0,764.0
1368,1,0,1,1,6,1,0,2,1,1,1,1,1,1,2,1,1,20.4,107.6,0,2,122.39999999999999
767,1,0,0,0,39,1,0,1,2,0,2,0,2,2,2,1,2,100.45,3801.7,0,1,3917.55
6531,1,1,1,0,4,1,2,1,0,0,0,0,0,0,0,0,2,74.95,308.7,1,3,299.8
5509,1,0,0,0,15,0,1,0,0,0,0,2,0,0,0,1,2,29.7,438.25,1,2,445.5
6351,1,0,1,0,1,0,1,0,0,0,2,0,2,2,0,1,2,50.35,50.35,1,2,50.35
4651,0,1,0,0,45,1,0,1,2,2,0,2,0,0,0,1,0,85.7,3778.1,0,1,3856.5
415,0,0,1,0,64,0,1,0,2,0,2,2,0,2,2,0,2,47.85,3147.5,1,0,3062.4
1556,0,1,1,0,57,1,2,1,0,2,2,0,0,2,0,0,1,94.0,5438.95,0,1,5358.0
169,1,0,1,1,72,1,2,0,2,2,2,2,0,0,2,0,0,69.85,5102.35,0,1,5029.2
1676,1,0,0,0,1,1,0,1,0,0,0,0,0,0,0,1,2,70.3,70.3,1,3,70.3
3301,1,0,1,0,72,1,2,2,1,1,1,1,1,1,2,0,1,25.85,1872.2,0,0,1861.2
1867,0,0,0,0,3,1,0,0,2,2,0,2,0,2,2,0,3,71.1,213.35,0,3,213.29999999999998
2095,1,1,0,0,55,1,2,1,2,0,0,0,2,2,0,1,2,98.8,5617.75,1,1,5434.0
4468,0,0,1,0,59,1,2,1,0,0,2,2,2,0,0,0,2,93.35,5386.5,0,1,5507.65
6215,0,0,0,0,18,1,2,1,0,0,0,2,2,2,0,1,0,99.85,1776.95,1,3,1797.3
3837,1,1,1,0,32,1,0,1,0,0,0,0,0,2,0,1,1,80.3,2483.05,1,3,2569.6
4982,0,0,0,0,4,1,0,0,2,0,0,0,0,0,0,1,0,50.55,235.65,0,2,202.2
5988,0,1,0,0,66,1,2,1,0,2,0,0,0,0,0,1,1,80.45,5224.35,1,1,5309.7
3544,1,0,0,0,27,1,2,1,0,0,2,0,0,0,0,1,2,81.3,2272.8,0,3,2195.1
5659,1,0,0,0,4,1,0,2,1,1,1,1,1,1,0,1,1,20.7,83.75,0,2,82.8
702,1,0,1,1,60,1,0,0,2,2,0,2,2,2,0,1,1,79.05,4663.4,0,1,4743.0
1349,0,0,1,1,8,1,0,2,1,1,1,1,1,1,2,0,3,19.05,201.7,0,2,152.4
5787,1,0,1,1,8,1,0,2,1,1,1,1,1,1,2,0,1,19.6,125.0,0,2,156.8
5550,1,0,0,0,35,1,0,2,1,1,1,1,1,1,2,1,3,20.2,684.4,0,0,707.0
6648,1,0,0,0,7,1,2,1,0,0,0,0,0,2,0,1,2,86.8,620.35,1,3,607.6
6480,0,0,1,1,53,1,0,2,1,1,1,1,1,1,2,0,3,20.9,1146.05,0,0,1107.6999999999998
6448,0,1,0,0,18,1,2,1,0,2,0,2,2,2,0,1,1,103.6,1806.35,0,3,1864.8
2537,0,0,0,0,15,0,1,0,0,2,0,0,0,2,2,1,3,38.8,603.0,0,2,582.0
5649,1,0,1,0,67,1,2,1,0,2,0,0,2,0,1,1,0,88.4,5798.3,0,1,5922.8
4151,1,1,1,0,6,1,0,1,0,2,0,0,0,2,0,1,2,84.2,519.15,1,3,505.20000000000005
4417,1,1,0,0,6,1,0,1,0,0,0,0,2,0,0,1,2,79.7,497.6,0,3,478.20000000000005
1361,1,0,0,0,13,1,2,1,0,0,0,2,2,2,0,1,3,99.0,1301.7,1,3,1287.0
2858,0,0,0,0,11,1,2,1,0,0,2,0,2,2,0,1,2,100.75,1129.75,1,3,1108.25
1170,1,0,0,1,1,1,0,2,1,1,1,1,1,1,0,1,3,19.3,19.3,0,2,19.3
5842,1,0,0,0,5,1,0,0,2,0,0,2,0,0,0,1,3,55.75,266.95,0,2,278.75
3941,1,0,0,0,13,1,0,2,1,1,1,1,1,1,1,1,3,19.95,257.0,0,2,259.34999999999997
7006,0,0,1,0,9,1,2,1,2,2,2,0,0,0,0,0,0,91.75,865.8,1,3,825.75
4896,1,0,0,0,29,1,0,1,0,2,0,2,2,0,0,0,3,89.65,2623.65,0,3,2599.8500000000004
4343,1,1,0,0,1,1,0,0,0,0,0,0,0,0,0,1,3,45.85,45.85,0,2,45.85
4693,0,0,0,0,1,1,2,1,0,0,2,0,0,0,0,1,3,79.55,79.55,1,3,79.55
6310,0,0,1,1,18,1,0,0,0,0,0,0,2,0,0,0,3,55.95,1082.8,0,3,1007.1
4187,0,0,1,0,2,1,0,0,0,0,2,0,2,2,0,0,1,69.0,147.8,0,3,138.0
3571,1,0,1,1,30,1,2,1,0,2,0,2,0,0,0,1,0,83.55,2570.2,0,3,2506.5
361,1,0,0,1,66,1,2,0,2,2,0,2,0,0,2,0,0,65.7,4378.9,0,1,4336.2
5999,1,0,1,1,38,1,2,1,0,0,2,2,2,0,2,1,0,94.9,3616.25,0,1,3606.2000000000003
1657,1,0,1,1,44,1,0,0,0,2,2,2,0,0,0,1,3,61.9,2924.05,0,0,2723.6
6412,0,0,0,0,54,1,2,1,0,2,2,2,2,2,0,0,2,111.1,6014.85,1,1,5999.4
6829,1,0,0,0,2,1,0,2,1,1,1,1,1,1,0,0,3,20.0,32.7,0,2,40.0
6170,0,0,0,0,42,1,0,0,2,2,0,2,0,2,1,1,3,67.7,2882.25,0,0,2843.4
3161,0,0,1,1,58,1,2,2,1,1,1,1,1,1,2,0,1,25.15,1509.9,0,0,1458.6999999999998
1300,1,0,1,1,58,1,0,1,0,2,0,0,2,2,0,1,2,92.85,5305.05,0,1,5385.299999999999
1851,0,0,1,1,25,1,2,1,0,0,2,0,0,2,0,1,2,89.1,2368.4,1,3,2227.5
2448,0,0,0,0,71,1,2,1,2,2,2,2,2,2,2,0,3,111.3,7985.9,0,1,7902.3
271,0,0,0,0,37,1,2,1,0,2,2,0,2,2,0,1,0,101.9,3545.35,1,1,3770.3
4752,0,0,1,1,14,1,2,1,0,0,0,2,2,0,0,1,2,91.65,1301.0,1,3,1283.1000000000001
882,0,1,0,0,4,1,2,1,0,0,2,0,0,2,0,1,2,88.85,372.45,1,3,355.4
447,0,0,1,0,48,1,2,0,2,0,0,2,0,0,1,1,0,60.6,2985.25,0,0,2908.8
3894,0,1,0,0,3,0,1,0,0,0,0,0,0,0,0,0,2,25.3,77.75,1,2,75.9
6220,0,0,1,0,8,1,0,0,2,0,0,2,0,2,2,0,3,65.5,564.35,0,3,524.0
180,1,0,0,0,1,1,2,1,0,0,0,0,2,2,0,1,2,95.45,95.45,1,3,95.45
3635,1,0,0,0,67,1,0,2,1,1,1,1,1,1,2,0,0,19.95,1311.75,0,0,1336.6499999999999
818,1,0,0,0,13,1,0,1,0,0,0,0,2,2,0,1,2,91.1,1135.7,1,3,1184.3
4177,0,0,1,1,45,1,0,0,0,2,0,2,0,0,1,1,1,54.15,2319.8,1,0,2436.75
2413,1,0,0,0,49,1,2,1,0,0,0,0,0,0,0,1,0,74.6,3720.35,0,1,3655.3999999999996
2851,0,0,1,0,52,1,2,1,0,2,2,0,2,0,0,0,0,94.6,5025.8,0,1,4919.2
3761,0,0,1,0,63,1,0,1,2,0,2,0,0,0,1,1,1,81.15,5224.5,0,1,5112.450000000001
4520,0,0,1,1,68,1,2,0,2,2,2,2,2,2,2,1,0,89.05,6185.8,0,1,6055.4
3477,0,0,1,0,31,1,0,0,0,0,0,2,0,0,0,1,3,49.2,1498.55,0,0,1525.2
4857,0,0,1,0,64,1,0,2,1,1,1,1,1,1,2,0,1,19.45,1208.6,0,0,1244.8
4495,0,0,1,0,62,1,0,1,2,0,2,2,2,2,1,1,2,104.3,6613.65,0,1,6466.599999999999
3135,0,0,0,0,1,1,0,1,0,0,0,0,0,0,0,0,0,69.7,69.7,1,3,69.7
2084,0,0,0,0,6,1,0,1,0,0,0,0,2,2,0,1,2,89.5,573.3,1,3,537.0
467,0,0,1,0,21,1,0,1,0,0,0,2,2,0,0,1,2,86.05,1818.9,0,3,1807.05
4954,0,0,1,1,72,1,2,2,1,1,1,1,1,1,2,0,0,25.2,1787.35,0,0,1814.3999999999999
5035,0,0,1,1,32,0,1,0,2,2,0,0,0,0,0,1,2,35.15,1051.05,0,0,1124.8
5730,0,1,0,0,71,1,2,1,2,2,0,2,2,0,1,1,1,99.65,7181.25,0,1,7075.150000000001
1444,0,0,0,1,34,1,0,1,2,2,2,0,2,2,0,1,0,105.35,3688.6,0,1,3581.8999999999996
5240,1,0,1,0,3,0,1,0,0,0,0,0,0,2,0,1,2,35.15,99.75,1,2,105.44999999999999
5393,1,0,0,1,12,1,2,1,0,0,0,0,0,0,0,1,1,73.75,871.4,1,3,885.0
5138,0,1,0,0,8,1,2,1,0,0,2,0,2,2,0,0,2,101.35,780.5,1,3,810.8
1722,0,0,1,1,35,1,2,2,1,1,1,1,1,1,2,0,0,24.3,821.6,0,0,850.5
2231,0,0,1,1,3,1,0,1,0,0,0,0,2,0,0,1,2,80.7,239.45,0,3,242.10000000000002
5641,1,0,0,0,3,1,0,1,0,0,2,2,2,0,0,1,3,89.85,244.45,0,3,269.54999999999995
5289,1,0,0,0,53,1,0,0,0,0,2,0,0,2,1,1,2,61.1,3357.9,0,0,3238.3
5575,0,0,1,0,4,0,1,0,2,0,0,0,0,0,0,1,2,29.05,129.6,0,2,116.2
1057,0,0,1,1,48,1,0,1,2,0,2,0,2,2,1,1,0,99.7,4977.2,0,1,4785.6
4155,0,0,1,1,6,1,0,0,2,2,0,0,0,0,0,0,1,55.9,365.35,1,2,335.4
967,1,1,1,0,3,1,2,1,0,2,2,0,2,2,0,1,2,105.9,334.65,1,3,317.70000000000005
3612,1,0,1,1,54,0,1,0,0,0,2,2,0,2,2,0,1,46.0,2424.05,0,0,2484.0
2151,0,0,0,0,1,1,0,0,0,0,0,0,0,0,0,0,3,43.95,43.95,1,2,43.95
1624,1,0,0,0,62,1,0,0,0,2,2,2,2,2,0,1,0,80.4,4981.15,0,1,4984.8
1315,1,0,1,1,22,1,0,1,0,2,2,0,2,2,1,1,3,100.05,2090.25,0,3,2201.1
2757,1,0,0,0,1,1,0,0,0,0,0,0,0,0,0,1,0,45.1,45.1,1,2,45.1
5621,1,1,0,0,51,1,0,1,0,0,2,0,2,2,1,1,0,94.0,4905.75,0,1,4794.0
2027,0,0,0,0,30,1,2,0,0,2,2,0,2,0,1,1,1,68.95,2038.7,0,3,2068.5
4115,0,1,1,0,56,1,2,0,2,2,2,2,0,0,1,1,1,68.45,4014.0,0,1,3833.2000000000003
6767,1,0,1,0,35,1,2,0,0,2,0,2,2,0,1,1,2,69.0,2441.7,0,3,2415.0
4405,0,1,0,0,64,0,1,0,0,2,0,2,2,0,0,1,2,43.85,2751.0,0,0,2806.4
3111,1,0,0,1,30,0,1,0,0,0,0,0,2,2,0,1,2,44.5,1307.8,0,2,1335.0
7011,0,0,1,1,25,1,0,2,1,1,1,1,1,1,2,1,3,18.7,383.65,0,2,467.5
705,0,0,0,0,41,1,0,1,0,0,0,0,0,0,0,0,0,70.25,2868.05,1,3,2880.25
1187,1,0,0,1,9,1,0,0,0,0,0,0,2,0,0,0,2,55.35,449.75,1,2,498.15000000000003
6433,0,0,1,0,1,1,0,0,2,2,0,0,0,0,0,1,3,53.55,53.55,0,2,53.55
360,1,0,0,1,70,1,2,1,2,2,2,2,2,2,2,1,2,114.6,7882.5,0,1,8022.0
343,0,0,1,1,57,1,0,2,1,1,1,1,1,1,2,1,0,20.1,1087.7,0,0,1145.7
1509,1,0,0,0,9,1,2,1,0,0,0,0,2,0,0,1,2,85.5,791.7,0,3,769.5
5839,0,0,1,1,69,1,2,1,0,2,2,2,2,2,1,1,0,108.75,7493.05,0,1,7503.75
5085,1,1,1,0,43,1,2,1,0,2,2,0,2,2,0,1,2,103.0,4414.3,1,1,4429.0
897,0,0,1,0,72,1,2,1,0,0,2,0,2,2,2,1,2,97.85,6841.3,0,1,7045.2
5145,1,0,0,1,44,1,0,2,1,1,1,1,1,1,2,0,0,19.55,819.95,0,0,860.2
2013,0,0,1,0,72,1,2,1,2,2,0,0,0,0,2,1,0,84.05,6052.25,0,1,6051.599999999999
5883,0,0,1,0,33,1,0,1,2,0,2,2,2,2,1,1,2,103.75,3361.05,1,3,3423.75
3624,1,0,0,0,54,1,2,1,0,0,2,0,0,2,0,0,1,89.4,4869.5,0,1,4827.6
1776,1,0,0,1,27,1,0,2,1,1,1,1,1,1,2,0,1,19.7,509.3,0,2,531.9
3728,1,0,0,0,54,1,2,1,0,2,0,0,0,0,0,1,0,79.85,4308.25,0,1,4311.9
6614,1,0,0,0,3,1,0,1,0,2,0,0,0,0,0,0,1,74.45,221.1,0,3,223.35000000000002
5408,0,0,1,0,53,1,2,0,2,2,2,0,0,2,1,0,0,74.1,3833.95,0,1,3927.2999999999997
4575,1,0,0,0,1,1,0,1,0,0,0,0,0,0,0,1,2,69.35,69.35,1,3,69.35
4617,1,0,1,0,15,1,0,2,1,1,1,1,1,1,1,0,3,18.8,294.95,0,2,282.0
1001,0,0,0,0,56,1,0,1,0,2,0,0,0,0,0,1,2,73.85,4092.85,1,1,4135.599999999999
3305,1,0,1,1,5,1,2,0,2,2,0,2,0,0,0,0,1,64.4,316.9,0,3,322.0
3768,1,0,1,1,48,1,0,0,0,2,2,0,0,0,1,1,1,55.8,2651.2,0,0,2678.3999999999996
231,0,0,0,1,25,1,0,2,1,1,1,1,1,1,0,0,1,20.05,471.7,0,2,501.25
3959,0,0,1,0,3,1,2,1,0,0,0,0,0,0,0,1,1,75.15,216.75,1,3,225.45000000000002
1631,1,0,0,0,58,1,0,1,2,2,0,0,2,2,1,0,0,99.15,5720.95,0,1,5750.700000000001
314,1,0,0,0,10,1,0,0,0,0,0,0,0,2,0,1,0,56.75,503.25,0,2,567.5
4611,1,0,0,0,1,1,0,1,0,0,0,0,0,0,0,1,2,69.6,69.6,1,3,69.6
4437,1,0,1,0,71,1,2,1,0,2,0,2,2,2,2,1,1,104.15,7365.3,0,1,7394.650000000001
3220,0,0,1,1,65,1,2,1,0,2,2,2,2,2,2,1,1,110.8,7245.9,0,1,7202.0
5466,1,0,1,1,5,1,2,1,0,2,0,0,0,0,0,1,2,80.15,385.0,1,3,400.75
5501,0,0,0,0,28,0,1,0,0,0,2,2,0,0,0,1,3,35.75,961.4,0,2,1001.0
4257,0,0,1,1,67,1,2,0,0,0,2,2,0,2,2,1,0,69.9,4615.9,0,1,4683.3
1899,1,0,0,0,35,1,0,1,2,0,0,2,0,2,1,1,2,89.2,3251.3,0,3,3122.0
1587,0,0,1,1,72,0,1,0,2,2,2,2,0,2,2,0,1,55.65,3880.05,0,0,4006.7999999999997
1656,0,0,1,1,61,0,1,0,2,2,0,2,0,2,1,1,0,50.7,3088.75,0,0,3092.7000000000003
2415,1,1,0,0,68,1,0,2,1,1,1,1,1,1,2,1,1,20.0,1396.0,0,0,1360.0
25,0,0,1,1,1,0,1,0,2,0,0,0,0,0,0,0,0,30.5,30.5,1,2,30.5
6379,1,0,0,0,3,1,0,2,1,1,1,1,1,1,0,1,3,19.1,53.05,0,2,57.300000000000004
4828,1,0,1,1,70,1,2,1,0,2,0,0,2,2,2,0,0,98.3,6859.5,1,1,6881.0
6363,0,0,0,1,48,0,1,0,0,2,2,0,0,2,0,0,1,45.55,2108.35,0,0,2186.3999999999996
2010,1,0,1,1,68,1,2,1,0,2,0,0,2,2,1,1,1,101.05,6770.5,0,1,6871.4
1894,0,0,0,0,47,1,0,1,2,0,2,2,2,2,1,1,2,103.7,4730.6,0,1,4873.900000000001
2552,1,0,1,1,32,0,1,0,0,0,2,2,0,0,1,1,3,36.25,1151.05,0,0,1160.0
1405,0,0,1,1,5,1,0,0,2,0,0,0,0,0,0,1,3,49.4,232.55,0,2,247.0
6755,1,0,0,0,49,1,0,2,1,1,1,1,1,1,2,1,1,19.9,1022.6,0,0,975.0999999999999
4538,0,0,0,0,48,1,2,1,0,2,2,0,2,2,0,1,0,107.4,5121.3,1,1,5155.200000000001
1073,0,1,0,0,13,1,2,1,0,0,0,0,0,2,0,1,2,82.0,1127.2,1,3,1066.0
6587,1,0,0,0,15,1,0,2,1,1,1,1,1,1,0,1,3,19.8,309.4,0,2,297.0
3838,0,0,0,0,12,1,0,0,0,0,0,0,0,0,0,1,2,45.05,523.1,0,2,540.5999999999999
1679,1,1,0,0,67,1,2,0,2,2,0,2,0,0,2,1,0,64.55,4250.1,0,1,4324.849999999999
2752,1,0,0,0,9,1,0,1,0,0,0,2,2,0,0,0,2,86.25,770.5,0,3,776.25
2145,0,0,1,1,13,1,0,2,1,1,1,1,1,1,2,1,0,19.75,246.7,0,2,256.75
693,0,0,0,0,38,1,0,1,0,0,0,0,2,2,1,1,3,89.1,3342.0,0,1,3385.7999999999997
3283,0,1,1,0,42,1,2,1,0,2,2,0,2,0,0,1,2,95.55,3930.6,0,1,4013.1
5793,0,0,1,0,24,1,2,1,0,0,0,0,0,0,0,1,1,75.4,1747.85,1,3,1809.6000000000001
605,0,1,1,0,27,1,0,1,2,0,2,0,2,2,0,1,2,101.25,2754.45,1,3,2733.75
6722,1,0,1,1,9,1,2,1,0,2,2,0,2,2,0,1,1,102.6,897.75,0,3,923.4
870,0,0,1,0,49,0,1,0,0,2,0,2,2,2,1,1,1,56.3,2780.6,0,0,2758.7
5532,0,1,1,0,61,1,2,1,2,2,2,2,0,0,0,1,1,94.2,5895.45,0,1,5746.2
4675,1,0,0,1,50,0,1,0,2,2,0,0,2,0,1,1,0,43.05,2208.05,0,0,2152.5
6172,1,1,0,0,25,1,2,1,0,2,0,0,2,0,0,1,2,89.5,2196.15,1,3,2237.5
6132,0,1,0,0,22,1,2,1,0,0,0,0,0,0,0,1,0,74.4,1692.6,1,3,1636.8000000000002
3331,1,0,0,0,1,1,0,2,1,1,1,1,1,1,0,0,3,20.5,20.5,1,2,20.5
5745,1,0,0,0,4,1,2,1,0,0,0,0,0,0,0,1,2,74.35,265.35,1,3,297.4
5143,0,1,1,0,18,1,2,1,0,0,0,2,2,2,0,0,0,99.75,1836.25,1,3,1795.5
4733,0,1,0,0,56,1,2,1,0,2,2,2,2,2,1,1,2,111.95,6418.9,1,1,6269.2
7030,0,1,1,0,53,1,0,1,0,2,2,2,2,0,1,1,2,94.0,4871.45,0,1,4982.0
287,0,0,1,0,51,1,2,1,0,0,2,0,2,2,1,1,2,98.85,4947.55,0,1,5041.349999999999
1281,0,0,1,1,24,1,2,0,2,2,2,0,0,0,2,0,2,64.35,1558.65,0,3,1544.3999999999999
3617,0,0,1,0,62,1,0,0,2,2,2,0,2,0,2,1,1,72.0,4284.2,0,1,4464.0
1964,1,0,0,0,24,1,0,0,0,2,0,0,0,0,0,1,3,49.7,1218.25,0,2,1192.8000000000002
4570,0,0,1,1,70,1,2,0,2,2,2,2,2,0,2,0,2,80.7,5617.95,0,1,5649.0
3805,1,0,0,1,1,0,1,0,0,0,0,0,0,0,0,0,3,24.2,24.2,0,2,24.2
535,1,1,0,0,16,0,1,0,0,2,0,0,2,0,0,1,3,39.0,679.85,1,2,624.0
3955,0,0,0,0,8,1,0,0,0,2,0,2,2,0,0,1,2,65.45,554.45,0,3,523.6
6003,0,0,1,1,72,1,0,0,2,2,2,2,0,2,2,1,2,74.35,5237.4,0,1,5353.2
4709,0,0,0,0,23,1,0,1,0,2,2,2,0,0,0,0,0,83.2,2032.3,0,3,1913.6000000000001
4574,1,0,0,1,31,0,1,0,0,0,0,0,0,0,0,0,1,25.0,789.2,0,2,775.0
4946,1,0,1,1,37,0,1,0,2,0,2,2,0,0,1,1,2,40.2,1525.35,0,0,1487.4
2793,0,0,1,0,30,1,2,1,0,2,0,2,2,0,0,1,1,94.1,2804.45,1,3,2823.0
4240,0,1,0,0,35,1,2,1,2,2,2,0,2,2,1,1,2,108.35,3726.15,0,1,3792.25
1143,0,0,1,1,23,1,2,0,0,2,0,2,2,0,0,1,1,69.5,1652.1,0,3,1598.5
957,0,0,1,1,20,1,2,0,2,0,0,0,2,2,1,0,0,76.0,1588.75,0,3,1520.0
247,1,0,1,0,36,1,0,1,2,0,0,0,2,2,0,1,2,93.6,3366.05,0,3,3369.6
2508,0,0,0,0,8,1,2,1,0,0,0,0,2,2,0,0,0,95.65,778.1,1,3,765.2
124,1,0,1,1,71,1,2,1,0,2,0,0,2,2,1,0,0,100.55,7113.75,0,1,7139.05
4666,0,1,1,0,50,1,2,1,0,2,0,0,2,0,0,1,2,88.05,4367.35,1,1,4402.5
545,0,0,1,1,43,1,2,2,1,1,1,1,1,1,1,1,0,24.45,993.15,0,0,1051.35
5100,1,0,0,1,57,1,2,0,2,2,2,2,2,2,2,0,3,89.55,5012.35,0,1,5104.349999999999
2922,0,0,1,1,41,1,0,0,0,2,0,2,0,2,1,1,0,66.5,2728.6,1,0,2726.5
1735,0,0,1,0,27,1,0,1,0,2,0,0,0,0,0,1,2,76.1,2093.4,0,3,2054.7
633,0,0,0,0,13,1,0,1,0,0,0,0,0,2,0,1,2,80.5,1011.8,0,3,1046.5
1431,1,0,0,0,3,0,1,0,2,2,0,0,0,0,0,1,3,35.45,106.85,1,2,106.35000000000001
33,0,0,0,0,67,1,0,2,1,1,1,1,1,1,1,0,2,20.55,1343.4,0,0,1376.8500000000001
4471,1,0,0,0,3,1,0,0,0,2,0,0,0,0,0,1,3,49.9,130.1,1,2,149.7
6753,0,0,1,0,64,1,2,1,0,2,0,2,2,2,2,1,0,105.4,6794.75,0,1,6745.6
3137,1,0,0,0,26,0,1,0,0,0,2,2,0,0,0,0,2,35.75,1022.5,0,2,929.5
4308,1,0,0,0,38,1,2,1,0,2,2,0,0,2,0,1,1,95.1,3691.2,0,1,3613.7999999999997
6571,1,0,1,0,23,1,0,2,1,1,1,1,1,1,1,0,1,19.3,486.2,0,2,443.90000000000003
53,1,0,0,0,40,1,2,1,0,2,2,0,2,2,0,1,1,104.5,4036.85,1,1,4180.0
1563,1,1,1,0,72,0,1,0,2,2,2,2,2,2,2,1,0,63.1,4685.55,0,1,4543.2
1330,0,1,0,0,3,1,2,1,0,0,0,0,0,0,0,1,1,75.05,256.25,1,3,225.14999999999998
5473,1,0,0,0,23,1,2,1,0,0,2,0,0,0,0,1,2,81.0,1917.1,1,3,1863.0
492,0,1,1,0,1,1,2,1,0,0,0,0,0,0,0,1,2,74.45,74.45,1,3,74.45
3898,0,0,0,0,4,1,0,0,2,2,0,2,0,0,0,1,3,60.4,272.15,1,3,241.6
4751,0,0,1,0,62,1,2,0,2,2,0,2,2,2,2,1,2,84.95,5150.55,0,1,5266.900000000001
1144,0,0,0,0,40,1,2,1,0,2,2,0,2,0,0,1,0,93.4,3756.4,0,1,3736.0
6388,1,0,0,0,41,1,2,1,0,2,0,0,2,0,0,1,2,89.2,3645.75,0,1,3657.2000000000003
453,1,1,1,0,34,1,0,1,0,0,2,0,2,0,0,1,1,85.2,2874.45,0,3,2896.8
1019,0,0,0,0,1,1,0,0,0,2,0,0,0,0,0,0,2,49.95,49.95,0,2,49.95
3375,0,0,0,0,51,1,0,2,1,1,1,1,1,1,2,0,0,20.65,1020.75,0,0,1053.1499999999999
771,1,0,1,1,1,1,0,1,0,0,0,0,0,0,0,1,3,70.65,70.65,1,3,70.65
6836,0,0,0,0,39,1,0,2,1,1,1,1,1,1,2,0,3,20.15,826.0,0,0,785.8499999999999
6934,1,0,1,1,12,1,0,2,1,1,1,1,1,1,0,1,2,19.2,239.0,0,2,230.39999999999998
1155,1,0,0,0,12,1,0,0,0,0,0,2,2,0,1,1,2,59.8,727.8,1,3,717.5999999999999
5119,1,0,0,0,72,1,2,1,0,2,2,0,2,2,1,1,2,104.95,7544.3,0,1,7556.400000000001
701,0,1,1,0,63,1,2,1,0,2,2,0,2,2,0,1,2,103.5,6479.4,0,1,6520.5
5249,1,0,1,0,44,1,2,1,2,0,2,0,0,0,0,1,1,84.8,3626.35,0,1,3731.2
1945,0,0,0,0,18,1,2,1,0,0,2,2,0,2,0,1,0,95.05,1679.4,0,3,1710.8999999999999
6201,0,0,0,0,9,1,0,0,0,0,0,0,0,0,0,1,0,44.2,403.35,1,2,397.8
372,1,0,0,0,13,1,0,0,0,2,0,2,2,2,0,0,3,73.35,931.55,0,3,953.55
6536,0,0,1,0,68,1,0,0,0,2,0,2,2,0,2,0,0,64.1,4326.25,0,1,4358.799999999999
1526,0,1,0,0,6,0,1,0,0,0,0,0,2,2,0,1,2,44.4,263.05,0,2,266.4
593,0,0,0,0,2,1,0,2,1,1,1,1,1,1,0,1,3,20.05,39.25,0,2,40.1
2521,1,1,1,0,55,1,2,0,2,2,0,0,0,0,1,0,1,60.0,3316.1,0,0,3300.0
4893,1,1,0,0,1,1,2,1,0,0,0,0,0,0,0,1,2,75.75,75.75,1,3,75.75
6875,1,0,0,0,38,1,0,1,0,0,0,0,0,0,0,1,1,69.5,2625.25,0,3,2641.0
437,0,0,0,0,67,1,2,1,2,2,2,0,2,0,0,1,1,102.95,6886.25,1,1,6897.650000000001
5995,1,0,0,0,19,1,0,1,0,0,0,0,2,0,0,1,0,78.7,1495.1,0,3,1495.3
5504,0,0,0,0,12,0,1,0,0,2,2,2,2,2,1,0,2,60.65,743.3,0,3,727.8
1758,0,0,0,0,72,1,0,2,1,1,1,1,1,1,2,1,0,21.15,1419.4,0,0,1522.8
4853,1,0,1,1,24,1,2,0,2,0,2,2,2,2,1,1,3,84.8,1990.5,0,3,2035.1999999999998
1525,0,0,1,1,72,1,2,1,0,2,2,0,2,2,1,1,1,103.2,7362.9,0,1,7430.400000000001
3367,0,0,1,1,11,0,1,0,2,0,0,0,0,0,0,1,2,29.6,346.45,0,2,325.6
5934,1,1,1,0,4,1,2,1,0,0,0,0,0,0,0,1,3,74.4,306.6,1,3,297.6
2226,1,0,0,0,66,1,0,1,2,0,2,2,2,2,2,1,0,105.65,6844.5,0,1,6972.900000000001
